item_id,prefab,currency,price,sell_price,contents,unknown_contents,contents_price,contents_sell,profitable,measured,content_prefabs
agilite_counterweight_coy,{387E90715C817F1A}Prefabs/Characters/HeadGear/Helmet_Exfil/counterweight/Agilite_counterweight_Coy.et,cash,60,30,0,0,0,0,0,1,
agilite_counterweight_mcblk,{031BEB1ACB93D5E8}Prefabs/Characters/HeadGear/Helmet_Exfil/counterweight/Agilite_counterweight_MCBlk.et,cash,60,30,0,0,0,0,0,1,
headgear_6b47_cover_closed_emr,{E2B23006F8216FFC}Prefabs/Characters/HeadGear/Helmet_6B47/Headgear_6b47_cover_closed_EMR.et,cash,300,150,0,0,0,0,0,1,
headgear_6b47_cover_emr,{1BB6980F980AEEAF}Prefabs/Characters/HeadGear/Helmet_6B47/Headgear_6b47_cover_emr.et,cash,300,150,0,0,0,0,0,1,
headgear_6b7_cover_emr,{6C1D973D175BA611}Prefabs/Characters/HeadGear/Helmet_6B7/Headgear_6b7_cover_emr.et,cash,180,90,0,0,0,0,0,1,
headgear_6b7_cover_flora,{F92521EA77884768}Prefabs/Characters/HeadGear/Helmet_6B7/Headgear_6b7_cover_flora.et,cash,180,90,0,0,0,0,0,1,
headgear_6b7_cover_olive,{5079CFD1DE0A1741}Prefabs/Characters/HeadGear/Helmet_6B7/Headgear_6b7_cover_olive.et,cash,180,90,0,0,0,0,0,1,
headgear_ech_band,{5F435399F1232E36}Prefabs/Characters/HeadGear/Helmet_ECH/Headgear_ECH_band.et,cash,900,450,0,0,0,0,0,1,
headgear_ech_cover_base,{6C51FC9775C601E5}Prefabs/Characters/HeadGear/Helmet_ECH/Headgear_ECH_cover_base.et,cash,900,450,0,0,0,0,0,1,
headgear_ech_cover_d,{87B6A8830247C33E}Prefabs/Characters/HeadGear/Helmet_ECH/Headgear_ECH_cover_d.et,cash,900,450,0,0,0,0,0,1,
headgear_ech_hc_cover_aor,{FE3998A85E9C205E}Prefabs/Characters/HeadGear/Helmet_ECH/Headgear_ECH_hc_cover_aor.et,cash,900,450,0,0,0,0,0,1,
headgear_ech_hc_cover_base,{18175B2B491840C6}Prefabs/Characters/HeadGear/Helmet_ECH/Headgear_ECH_hc_cover_base.et,cash,900,450,0,0,0,0,0,1,
headgear_ech_hc_cover_coy,{78A10B5340F7FCA5}Prefabs/Characters/HeadGear/Helmet_ECH/Headgear_ECH_hc_cover_coy.et,cash,900,450,0,0,0,0,0,1,
headgear_ech_hc_cover_d,{7E1886AB970A8A33}Prefabs/Characters/HeadGear/Helmet_ECH/Headgear_ECH_hc_cover_d.et,cash,900,450,0,0,0,0,0,1,
headgear_ech_hc_cover_m81,{214A8AA81B7AE882}Prefabs/Characters/HeadGear/Helmet_ECH/Headgear_ECH_hc_cover_m81.et,cash,900,450,0,0,0,0,0,1,
headgear_ech_hc_cover_mc,{78826C959D4CD32B}Prefabs/Characters/HeadGear/Helmet_ECH/Headgear_ECH_hc_cover_mc.et,cash,900,450,0,0,0,0,0,1,
headgear_exfil_cover_coy,{EF3DA9BEAE828F80}Prefabs/Characters/HeadGear/Helmet_Exfil/Headgear_exfil_cover_Coy.et,cash,1550,775,0,0,0,0,0,1,
headgear_exfil_cover_mcblk,{A2D7EB537120714F}Prefabs/Characters/HeadGear/Helmet_Exfil/Headgear_exfil_cover_MCBlk.et,cash,1550,775,0,0,0,0,0,1,
headgear_kiver_rsp_cover_emr,{9E78469DB642D971}Prefabs/Characters/HeadGear/Helmet_Kiver_RSP/Headgear_Kiver_RSP_cover_emr.et,cash,600,300,0,0,0,0,0,1,
headgear_kiver_rsp_cover_green,{679FEE1DC98FE1C3}Prefabs/Characters/HeadGear/Helmet_Kiver_RSP/Headgear_Kiver_RSP_cover_green.et,cash,600,300,0,0,0,0,0,1,
headgear_kiver_rsp_cover_mc,{B7C95E23B27C0B74}Prefabs/Characters/HeadGear/Helmet_Kiver_RSP/Headgear_Kiver_RSP_cover_MC.et,cash,600,300,0,0,0,0,0,1,
headgear_lshz_cover_blk,{9C4482797270DD14}Prefabs/Characters/HeadGear/Helmet_LShZ/Headgear_lshz_cover_BLK.et,cash,700,350,0,0,0,0,0,1,
headgear_lshz_cover_emr,{E2BA362EE4EBF3A0}Prefabs/Characters/HeadGear/Helmet_LShZ/Headgear_lshz_cover_EMR.et,cash,700,350,0,0,0,0,0,1,
headgear_lshz_cover_fg,{B90579282B31CAF7}Prefabs/Characters/HeadGear/Helmet_LShZ/Headgear_lshz_cover_FG.et,cash,700,350,0,0,0,0,0,1,
headgear_lshz_cover_mc,{0E39B712A057DD4B}Prefabs/Characters/HeadGear/Helmet_LShZ/Headgear_lshz_cover_MC.et,cash,700,350,0,0,0,0,0,1,
headgear_tor_cover_black,{F0E79FF45C972F8D}Prefabs/Characters/HeadGear/Helmet_TOR/Headgear_tor_cover_black.et,cash,800,400,0,0,0,0,0,1,
headgear_tor_cover_emr,{3128AF01D21C4D28}Prefabs/Characters/HeadGear/Helmet_TOR/Headgear_tor_cover_emr.et,cash,800,400,0,0,0,0,0,1,
headgear_tor_cover_fg,{7E743612A8641FAB}Prefabs/Characters/HeadGear/Helmet_TOR/Headgear_tor_cover_fg.et,cash,800,400,0,0,0,0,0,1,
headgear_tor_cover_lhaki,{4C685515DB673E2E}Prefabs/Characters/HeadGear/Helmet_TOR/Headgear_tor_cover_lhaki.et,cash,800,400,0,0,0,0,0,1,
headgear_tor_cover_mc,{C948F82823020817}Prefabs/Characters/HeadGear/Helmet_TOR/Headgear_tor_cover_mc.et,cash,800,400,0,0,0,0,0,1,
headgear_tor_cover_olive,{9349BCA80575A0AE}Prefabs/Characters/HeadGear/Helmet_TOR/Headgear_tor_cover_olive.et,cash,800,400,0,0,0,0,0,1,
helmet_6b47,{5F71AB03597B3D25}Prefabs/Characters/HeadGear/Helmet_6B47/Helmet_6B47.et,cash,300,150,1,0,300,150,0,1,{1BB6980F980AEEAF}Prefabs/Characters/HeadGear/Helmet_6B47/Headgear_6b47_cover_emr.et
helmet_6b47_6m2,{4BBB5FC184FB181F}Prefabs/Characters/HeadGear/Helmet_6B47/Helmet_6B47_6M2.et,cash,300,150,2,0,500,250,1,1,{1BB6980F980AEEAF}Prefabs/Characters/HeadGear/Helmet_6B47/Headgear_6b47_cover_emr.et;{F8554F236521F974}Prefabs/Characters/HeadGear/Headphones_6M2/headphones_6m2.et
helmet_6b47_6m2-1,{34F02C0FF60D4053}Prefabs/Characters/HeadGear/Helmet_6B47/Helmet_6B47_6M2-1.et,cash,300,150,2,0,500,250,1,1,{1BB6980F980AEEAF}Prefabs/Characters/HeadGear/Helmet_6B47/Headgear_6b47_cover_emr.et;{150CBCB5E706F291}Prefabs/Characters/HeadGear/Headphones_6M2/Headphones_6M2-1.et
helmet_6b47_6m2-1_balaclava,{0E6F085125C62084}Prefabs/Characters/HeadGear/Helmet_6B47/Helmet_6B47_6M2-1_balaclava.et,cash,300,150,3,0,525,262,1,1,{1BB6980F980AEEAF}Prefabs/Characters/HeadGear/Helmet_6B47/Headgear_6b47_cover_emr.et;{244A6A1121439AAC}Prefabs/Characters/HeadGear/Balaclavas/LShZ_Balaclava/Balaclava_LShZ_base.et;{150CBCB5E706F291}Prefabs/Characters/HeadGear/Headphones_6M2/Headphones_6M2-1.et
helmet_6b47_6m2-1_no_cover,{78A9F46F04A0559E}Prefabs/Characters/HeadGear/Helmet_6B47/Helmet_6B47_6M2-1_no_cover.et,cash,300,150,1,0,200,100,0,1,{150CBCB5E706F291}Prefabs/Characters/HeadGear/Headphones_6M2/Headphones_6M2-1.et
helmet_6b47_6m2_no_cover,{B5D99580B0620133}Prefabs/Characters/HeadGear/Helmet_6B47/Helmet_6B47_6M2_no_cover.et,cash,300,150,1,0,200,100,0,1,{F8554F236521F974}Prefabs/Characters/HeadGear/Headphones_6M2/headphones_6m2.et
helmet_6b47_faststrap,{834D8CA2379392B5}Prefabs/Characters/HeadGear/Helmet_6B47/Helmet_6B47_FastStrap.et,cash,300,150,1,0,300,150,0,1,{1BB6980F980AEEAF}Prefabs/Characters/HeadGear/Helmet_6B47/Headgear_6b47_cover_emr.et
helmet_6b47_no_cover,{2A1F25C19148E083}Prefabs/Characters/HeadGear/Helmet_6B47/Helmet_6B47_no_cover.et,cash,300,150,0,0,0,0,0,1,
helmet_6b7,{58A12E4317DFAA23}Prefabs/Characters/HeadGear/Helmet_6B7/Helmet_6B7.et,cash,180,90,0,0,0,0,0,1,
helmet_ach_cov_dcu,{B769265F1F723E12}Prefabs/Characters/HeadGear/Helmet_MICH_ACH/Helmet_ACH_Cov_DCU.et,cash,500,250,0,0,0,0,0,1,
helmet_ach_cov_dcu_early,{E1C6D00D019F0491}Prefabs/Characters/HeadGear/Helmet_MICH_ACH/Helmet_ACH_Cov_DCU_early.et,cash,500,250,0,0,0,0,0,1,
helmet_ach_cov_m81,{B561A5614889FF12}Prefabs/Characters/HeadGear/Helmet_MICH_ACH/Helmet_ACH_Cov_M81.et,cash,500,250,0,0,0,0,0,1,
helmet_ach_cov_m81_early,{5EE0C2E5B2F59DD8}Prefabs/Characters/HeadGear/Helmet_MICH_ACH/Helmet_ACH_Cov_M81_early.et,cash,500,250,0,0,0,0,0,1,
helmet_ach_cov_ocp,{731D2A84FF25D5A5}Prefabs/Characters/HeadGear/Helmet_MICH_ACH/Helmet_ACH_Cov_OCP.et,cash,500,250,0,0,0,0,0,1,
helmet_ach_cov_oefcp,{21122CBC22589C37}Prefabs/Characters/HeadGear/Helmet_MICH_ACH/Helmet_ACH_Cov_OEFCP.et,cash,500,250,0,0,0,0,0,1,
helmet_ach_cov_ucp,{AB5DCD95E2CD2E80}Prefabs/Characters/HeadGear/Helmet_MICH_ACH/Helmet_ACH_Cov_UCP.et,cash,500,250,0,0,0,0,0,1,
helmet_ach_shroud_dcu,{E111F32E2154AD79}Prefabs/Characters/HeadGear/Helmet_MICH_ACH/Helmet_ACH_SHROUD_DCU.et,cash,500,250,0,0,0,0,0,1,
helmet_ach_shroud_m81,{E319701076AF6C79}Prefabs/Characters/HeadGear/Helmet_MICH_ACH/Helmet_ACH_SHROUD_m81.et,cash,500,250,0,0,0,0,0,1,
helmet_ach_shroud_oefcp,{8CDAA637B6937C89}Prefabs/Characters/HeadGear/Helmet_MICH_ACH/Helmet_ACH_SHROUD_OEFCP.et,cash,500,250,0,0,0,0,0,1,
helmet_caiman_coy,{4298D95C60998247}Prefabs/Characters/HeadGear/Helmet_Caiman/Helmet_Caiman_Coy.et,cash,2000,1000,0,0,0,0,0,1,
helmet_cvc_01,{1608873B6690044C}Prefabs/Characters/HeadGear/Helmet_CVC_01/Helmet_CVC_01.et,cash,600,300,0,0,0,0,0,1,
helmet_cvc_01_olive,{DA1912123AECBD97}Prefabs/Characters/HeadGear/Helmet_CVC_01/Helmet_CVC_01_olive.et,cash,600,300,0,0,0,0,0,1,
helmet_cvc_02,{FBFA6A4F1872BC97}Prefabs/Characters/HeadGear/Helmet_CVC_01/Helmet_CVC_02.et,cash,600,300,0,0,0,0,0,1,
helmet_cvc_shroud_0,{85ADC5E1BE7FACDB}Prefabs/Characters/HeadGear/Helmet_CVC_01/Helmet_CVC_Shroud_0.et,cash,600,300,0,0,0,0,0,1,
helmet_cvc_shroud_tan,{CD978F0EA8D3900F}Prefabs/Characters/HeadGear/Helmet_CVC_01/Helmet_CVC_Shroud_Tan.et,cash,600,300,0,0,0,0,0,1,
helmet_dh132a_01,{C8EAB0985B66824A}Prefabs/Characters/HeadGear/Helmet_DH132_01/Helmet_DH132A_01.et,cash,1200,600,0,0,0,0,0,1,
helmet_ech_hc_v_r,{33915036D0448C92}Prefabs/Characters/HeadGear/Helmet_ECH/Helmet_ECH_hc_v_r.et,cash,900,450,0,0,0,0,0,1,
helmet_ech_hc_v_r_l,{31DDB78459E84B5A}Prefabs/Characters/HeadGear/Helmet_ECH/Helmet_ECH_hc_v_r_l.et,cash,900,450,0,0,0,0,0,1,
helmet_ech_hc_v_r_p,{C50D23658C5A6F86}Prefabs/Characters/HeadGear/Helmet_ECH/Helmet_ECH_hc_v_r_p.et,cash,900,450,0,0,0,0,0,1,
helmet_ech_lc,{50CAAEEDC59F23C6}Prefabs/Characters/HeadGear/Helmet_ECH/Helmet_ECH_lc.et,cash,900,450,0,0,0,0,0,1,
helmet_ech_lc_cd,{739063AE2E70E5D9}Prefabs/Characters/HeadGear/Helmet_ECH/Helmet_ECH_lc_cd.et,cash,900,450,1,0,900,450,0,1,{87B6A8830247C33E}Prefabs/Characters/HeadGear/Helmet_ECH/Headgear_ECH_cover_d.et
helmet_ech_lc_cwd,{3B247CAC215C0D51}Prefabs/Characters/HeadGear/Helmet_ECH/Helmet_ECH_lc_cwd.et,cash,900,450,1,0,900,450,0,1,{6C51FC9775C601E5}Prefabs/Characters/HeadGear/Helmet_ECH/Headgear_ECH_cover_base.et
helmet_ech_lc_p,{B47A0A12801CEBD3}Prefabs/Characters/HeadGear/Helmet_ECH/Helmet_ECH_lc_p.et,cash,900,450,1,0,600,300,0,1,{85D618A51C013F7A}Prefabs/Characters/HeadGear/Headphones_Peltor/Headphones_Peltor_yellow.et
helmet_ech_lc_r,{3DB2720B303DF396}Prefabs/Characters/HeadGear/Helmet_ECH/Helmet_ECH_lc_r.et,cash,900,450,0,0,0,0,0,1,
helmet_ech_lc_r_p,{BABE1B6C0065846A}Prefabs/Characters/HeadGear/Helmet_ECH/Helmet_ECH_lc_r_p.et,cash,900,450,1,0,600,300,0,1,{85D618A51C013F7A}Prefabs/Characters/HeadGear/Headphones_Peltor/Headphones_Peltor_yellow.et
helmet_ech_lc_v,{6CD263D3F995F58F}Prefabs/Characters/HeadGear/Helmet_ECH/Helmet_ECH_lc_v.et,cash,900,450,0,0,0,0,0,1,
helmet_ech_lc_v_p,{AD8E2730CD2E7E0F}Prefabs/Characters/HeadGear/Helmet_ECH/Helmet_ECH_lc_v_p.et,cash,900,450,1,0,600,300,0,1,{85D618A51C013F7A}Prefabs/Characters/HeadGear/Headphones_Peltor/Headphones_Peltor_yellow.et
helmet_ech_lc_v_r,{24465F297D0F664A}Prefabs/Characters/HeadGear/Helmet_ECH/Helmet_ECH_lc_v_r.et,cash,900,450,0,0,0,0,0,1,
helmet_ech_lc_v_r_p,{632D09B9A26B0A63}Prefabs/Characters/HeadGear/Helmet_ECH/Helmet_ECH_lc_v_r_p.et,cash,900,450,1,0,600,300,0,1,{85D618A51C013F7A}Prefabs/Characters/HeadGear/Headphones_Peltor/Headphones_Peltor_yellow.et
helmet_exfil_blk,{54A7E4E38371553E}Prefabs/Characters/HeadGear/Helmet_Exfil/Helmet_Exfil_Blk.et,cash,1550,775,0,0,0,0,0,1,
helmet_exfil_coy,{B709C473AC203A68}Prefabs/Characters/HeadGear/Helmet_Exfil/Helmet_Exfil_Coy.et,cash,1550,775,0,0,0,0,0,1,
helmet_exfil_coyblk,{A4D777EE8F5BE6D3}Prefabs/Characters/HeadGear/Helmet_Exfil/Helmet_Exfil_CoyBlk.et,cash,1550,775,0,0,0,0,0,1,
helmet_kiver_rsp,{D6C2E291F59E8985}Prefabs/Characters/HeadGear/Helmet_Kiver_RSP/Helmet_Kiver_RSP.et,cash,600,300,0,0,0,0,0,1,
helmet_lshz_new_blk,{A9E841C270F5857E}Prefabs/Characters/HeadGear/Helmet_LShZ/Helmet_LShZ_new_Blk.et,cash,700,350,0,0,0,0,0,1,
helmet_lshz_new_blk_hc,{A1CA92CBA396BE26}Prefabs/Characters/HeadGear/Helmet_LShZ/Helmet_LShZ_new_Blk_HC.et,cash,700,350,0,0,0,0,0,1,
helmet_lshz_new_blk_hc_peltor,{2459B8B0FCB784C5}Prefabs/Characters/HeadGear/Helmet_LShZ/Helmet_LShZ_new_Blk_HC_Peltor.et,cash,700,350,0,0,0,0,0,1,
helmet_lshz_new_blk_hc_sordin,{DB18850254AD9A37}Prefabs/Characters/HeadGear/Helmet_LShZ/Helmet_LShZ_new_Blk_HC_Sordin.et,cash,700,350,0,0,0,0,0,1,
helmet_lshz_new_od,{DAA2CDBCFE887373}Prefabs/Characters/HeadGear/Helmet_LShZ/Helmet_LShZ_new_OD.et,cash,700,350,0,0,0,0,0,1,
helmet_lshz_new_od_hc,{47B758059CBBCAC4}Prefabs/Characters/HeadGear/Helmet_LShZ/Helmet_LShZ_new_OD_HC.et,cash,700,350,0,0,0,0,0,1,
helmet_lshz_new_od_hc_peltor,{0926450410F16E7A}Prefabs/Characters/HeadGear/Helmet_LShZ/Helmet_LShZ_new_OD_HC_Peltor.et,cash,700,350,0,0,0,0,0,1,
helmet_lshz_new_od_hc_sordin,{F66778B6B8EB7088}Prefabs/Characters/HeadGear/Helmet_LShZ/Helmet_LShZ_new_OD_HC_Sordin.et,cash,700,350,0,0,0,0,0,1,
helmet_lwh_aor1,{FA2B69EE738B0D43}Prefabs/Characters/HeadGear/Helmet_LWH/Helmet_LWH_aor1.et,cash,400,200,0,0,0,0,0,1,
helmet_lwh_aor2,{967F5D0ECF4F826D}Prefabs/Characters/HeadGear/Helmet_LWH/Helmet_LWH_aor2.et,cash,400,200,0,0,0,0,0,1,
helmet_lwh_marpatdesert,{F5869E329BA85904}Prefabs/Characters/HeadGear/Helmet_LWH/Helmet_LWH_marpatDesert.et,cash,400,200,0,0,0,0,0,1,
helmet_lwh_marpatwoodland,{7E03B7F658DDAF08}Prefabs/Characters/HeadGear/Helmet_LWH/Helmet_LWH_marpatWoodland.et,cash,400,200,0,0,0,0,0,1,
helmet_lwh_shroud_aor1,{30C72B292DEC093A}Prefabs/Characters/HeadGear/Helmet_LWH/Helmet_LWH_Shroud_aor1.et,cash,400,200,0,0,0,0,0,1,
helmet_lwh_shroud_aor2,{5C931FC991288614}Prefabs/Characters/HeadGear/Helmet_LWH/Helmet_LWH_Shroud_aor2.et,cash,400,200,0,0,0,0,0,1,
helmet_lwh_shroud_marpatdesert,{C7E31755334DCB9E}Prefabs/Characters/HeadGear/Helmet_LWH/Helmet_LWH_Shroud_marpatDesert.et,cash,400,200,0,0,0,0,0,1,
helmet_lwh_shroud_marpatwoodland,{1285B7FAD09DC0D3}Prefabs/Characters/HeadGear/Helmet_LWH/Helmet_LWH_Shroud_marpatWoodland.et,cash,400,200,0,0,0,0,0,1,
helmet_m1_01,{6E14F80C250F85FC}Prefabs/Characters/HeadGear/Helmet_M1_01/Helmet_M1_01.et,cash,120,60,0,0,0,0,0,1,
helmet_m1_01_cover_erdl,{2E1199EFECE50F35}Prefabs/Characters/HeadGear/Helmet_M1_01/Helmet_M1_01_Cover_ERDL.et,cash,120,60,0,0,0,0,0,1,
helmet_m1_01_cover_frogskin,{F31A715FFDB2BD8E}Prefabs/Characters/HeadGear/Helmet_M1_01/Helmet_M1_01_Cover_Frogskin.et,cash,120,60,0,0,0,0,0,1,
helmet_m1_01_cover_wineleaf,{E456D2F5F718AEBE}Prefabs/Characters/HeadGear/Helmet_M1_01/Helmet_M1_01_Cover_Wineleaf.et,cash,120,60,0,0,0,0,0,1,
helmet_m1_01_cover_woodland,{E873B54F01D7C6D8}Prefabs/Characters/HeadGear/Helmet_M1_01/Helmet_M1_01_Cover_Woodland.et,cash,120,60,0,0,0,0,0,1,
helmet_mich2000_blue_pale,{562B2146A26F423F}Prefabs/Characters/HeadGear/Helmet_MICH_ACH/Helmet_MICH2000_blue_pale.et,cash,500,250,0,0,0,0,0,1,
helmet_mich2000_green1,{4D1C0BA5076C88CB}Prefabs/Characters/HeadGear/Helmet_MICH_ACH/Helmet_MICH2000_green1.et,cash,500,250,0,0,0,0,0,1,
helmet_mich2000_green_dark,{11B2F0B0EF04A033}Prefabs/Characters/HeadGear/Helmet_MICH_ACH/Helmet_MICH2000_green_dark.et,cash,500,250,0,0,0,0,0,1,
helmet_mich2000_norotos_rail_coyote,{11A055A115A5F9AD}Prefabs/Characters/HeadGear/Helmet_MICH_ACH/Helmet_MICH2000_norotos_rail_coyote.et,cash,500,250,0,0,0,0,0,1,
helmet_mich2000_norotos_rail_green1,{2DEF0327711C9EAD}Prefabs/Characters/HeadGear/Helmet_MICH_ACH/Helmet_MICH2000_norotos_rail_green1.et,cash,500,250,0,0,0,0,0,1,
helmet_mich2000_norotos_rail_tan,{0A14695DE9DEEAAC}Prefabs/Characters/HeadGear/Helmet_MICH_ACH/Helmet_MICH2000_norotos_rail_tan.et,cash,500,250,0,0,0,0,0,1,
helmet_mich2000_norotos_rail_tan2,{B49B440A17B89F01}Prefabs/Characters/HeadGear/Helmet_MICH_ACH/Helmet_MICH2000_norotos_rail_tan2.et,cash,500,250,0,0,0,0,0,1,
helmet_mich2000_norotos_rail_tan_camo,{5383CD28AB35807F}Prefabs/Characters/HeadGear/Helmet_MICH_ACH/Helmet_MICH2000_norotos_rail_tan_camo.et,cash,500,250,0,0,0,0,0,1,
helmet_mich2000_norotos_velcro_green1,{419183B0776E1C19}Prefabs/Characters/HeadGear/Helmet_MICH_ACH/Helmet_MICH2000_norotos_velcro_green1.et,cash,500,250,0,0,0,0,0,1,
helmet_mich2000_norotos_velcro_green2,{2DC5B750CBAA9337}Prefabs/Characters/HeadGear/Helmet_MICH_ACH/Helmet_MICH2000_norotos_velcro_green2.et,cash,500,250,0,0,0,0,0,1,
helmet_mich2000_norotos_velcro_tan,{E68674D91311488A}Prefabs/Characters/HeadGear/Helmet_MICH_ACH/Helmet_MICH2000_norotos_velcro_tan.et,cash,500,250,0,0,0,0,0,1,
helmet_mich2000_norotos_velcro_tan2,{1D567C157C40D25C}Prefabs/Characters/HeadGear/Helmet_MICH_ACH/Helmet_MICH2000_norotos_velcro_tan2.et,cash,500,250,0,0,0,0,0,1,
helmet_mich2000_norotos_velcro_tan_camo,{62E1A07F77B0B136}Prefabs/Characters/HeadGear/Helmet_MICH_ACH/Helmet_MICH2000_norotos_velcro_tan_camo.et,cash,500,250,0,0,0,0,0,1,
helmet_mich2000_tan,{76085FC2416A30F0}Prefabs/Characters/HeadGear/Helmet_MICH_ACH/Helmet_MICH2000_tan.et,cash,500,250,0,0,0,0,0,1,
helmet_mich2000_tan_camo,{CFB4C017034CF50F}Prefabs/Characters/HeadGear/Helmet_MICH_ACH/Helmet_MICH2000_tan_camo.et,cash,500,250,0,0,0,0,0,1,
helmet_mich_cov_marpatd,{E9BE686DCE27E917}Prefabs/Characters/HeadGear/Helmet_MICH_ACH/Helmet_MICH_Cov_MarpatD.et,cash,500,250,0,0,0,0,0,1,
helmet_mich_cov_marpatwd,{926F2D2ED4D286EB}Prefabs/Characters/HeadGear/Helmet_MICH_ACH/Helmet_MICH_Cov_MarpatWD.et,cash,500,250,0,0,0,0,0,1,
helmet_mich_shroud_cov_marpat,{CA29B2E50A87C9D5}Prefabs/Characters/HeadGear/Helmet_MICH_ACH/Helmet_MICH_SHROUD_Cov_Marpat.et,cash,500,250,0,0,0,0,0,1,
helmet_mich_shroud_cov_marpatwd,{9EFEE32C346C9F26}Prefabs/Characters/HeadGear/Helmet_MICH_ACH/Helmet_MICH_SHROUD_Cov_MarpatWD.et,cash,500,250,0,0,0,0,0,1,
helmet_opscore_lbh_aor1,{73ADF745BCECBF43}Prefabs/Characters/HeadGear/Helmet_OPSCORE/Helmet_OPSCORE_LBH_AOR1.et,cash,1900,950,0,0,0,0,0,1,
helmet_opscore_lbh_aor1_amp,{CEE549AB5D10AD92}Prefabs/Characters/HeadGear/Helmet_OPSCORE/Helmet_OPSCORE_LBH_AOR1_Amp.et,cash,1900,950,0,0,0,0,0,1,
helmet_opscore_lbh_aor1_liberator,{BE9D3BFE3682D196}Prefabs/Characters/HeadGear/Helmet_OPSCORE/Helmet_OPSCORE_LBH_AOR1_Liberator.et,cash,1900,950,0,0,0,0,0,1,
helmet_opscore_lbh_aor1_peltor,{FE5EDB072FF41187}Prefabs/Characters/HeadGear/Helmet_OPSCORE/Helmet_OPSCORE_LBH_AOR1_Peltor.et,cash,1900,950,0,0,0,0,0,1,
helmet_opscore_lbh_aor2,{1FF9C3A50028306D}Prefabs/Characters/HeadGear/Helmet_OPSCORE/Helmet_OPSCORE_LBH_AOR2.et,cash,1900,950,0,0,0,0,0,1,
helmet_opscore_lbh_aor2_amp,{7C320B4002B29E0A}Prefabs/Characters/HeadGear/Helmet_OPSCORE/Helmet_OPSCORE_LBH_AOR2_Amp.et,cash,1900,950,0,0,0,0,0,1,
helmet_opscore_lbh_aor2_liberator,{C52A9FD1C91DF7B9}Prefabs/Characters/HeadGear/Helmet_OPSCORE/Helmet_OPSCORE_LBH_AOR2_Liberator.et,cash,1900,950,0,0,0,0,0,1,
helmet_opscore_lbh_aor2_peltor,{D47AFCA4D91A77A8}Prefabs/Characters/HeadGear/Helmet_OPSCORE/Helmet_OPSCORE_LBH_AOR2_Peltor.et,cash,1900,950,0,0,0,0,0,1,
helmet_opscore_mid_amp,{20FEE7AF45D6D123}Prefabs/Characters/HeadGear/Helmet_OPSCORE/Helmet_OPSCORE_MID_AMP.et,cash,1900,950,0,0,0,0,0,1,
helmet_opscore_mid_base,{0664B1B654A0220D}Prefabs/Characters/HeadGear/Helmet_OPSCORE/Helmet_OPSCORE_MID_BASE.et,cash,1900,950,0,0,0,0,0,1,
helmet_opscore_mid_fg,{AC343B42BEDAD468}Prefabs/Characters/HeadGear/Helmet_OPSCORE/Helmet_OPSCORE_MID_FG.et,cash,1900,950,0,0,0,0,0,1,
helmet_opscore_mid_fg_amp,{48341E9725A44B11}Prefabs/Characters/HeadGear/Helmet_OPSCORE/Helmet_OPSCORE_MID_FG_AMP.et,cash,1900,950,0,0,0,0,0,1,
helmet_opscore_mid_gray,{FFE310568696EB49}Prefabs/Characters/HeadGear/Helmet_OPSCORE/Helmet_OPSCORE_MID_GRAY.et,cash,1900,950,0,0,0,0,0,1,
helmet_opscore_mid_gray_amp,{8E35CFEB34D060AA}Prefabs/Characters/HeadGear/Helmet_OPSCORE/Helmet_OPSCORE_MID_GRAY_AMP.et,cash,1900,950,0,0,0,0,0,1,
helmet_opscore_mid_mc,{1B08F57835BCC3D4}Prefabs/Characters/HeadGear/Helmet_OPSCORE/Helmet_OPSCORE_MID_MC.et,cash,1900,950,0,0,0,0,0,1,
helmet_opscore_mid_mc_amp,{92405C6F3EA91DC8}Prefabs/Characters/HeadGear/Helmet_OPSCORE/Helmet_OPSCORE_MID_MC_AMP.et,cash,1900,950,0,0,0,0,0,1,
helmet_opscore_mt_amp,{E823D85FC3B32845}Prefabs/Characters/HeadGear/Helmet_OPSCORE/Helmet_OPSCORE_MT_AMP.et,cash,1900,950,0,0,0,0,0,1,
helmet_opscore_mt_base,{9F20B244F2E8450C}Prefabs/Characters/HeadGear/Helmet_OPSCORE/Helmet_OPSCORE_MT_BASE.et,cash,1900,950,0,0,0,0,0,1,
helmet_opscore_mt_liberator,{97A2E60C473269E4}Prefabs/Characters/HeadGear/Helmet_OPSCORE/Helmet_OPSCORE_MT_Liberator.et,cash,1900,950,0,0,0,0,0,1,
helmet_opscore_mt_marpat,{F0D8848978723D23}Prefabs/Characters/HeadGear/Helmet_OPSCORE/Helmet_OPSCORE_MT_MARPAT.et,cash,1900,950,0,0,0,0,0,1,
helmet_opscore_mt_marpat_amp,{615BAA4C844855DD}Prefabs/Characters/HeadGear/Helmet_OPSCORE/Helmet_OPSCORE_MT_MARPAT_AMP.et,cash,1900,950,0,0,0,0,0,1,
helmet_opscore_mt_marpat_liberator,{13AD09FB14041481}Prefabs/Characters/HeadGear/Helmet_OPSCORE/Helmet_OPSCORE_MT_MARPAT_Liberator.et,cash,1900,950,0,0,0,0,0,1,
helmet_opscore_mt_marpat_peltor,{E3A3F457A1705C15}Prefabs/Characters/HeadGear/Helmet_OPSCORE/Helmet_OPSCORE_MT_MARPAT_PELTOR.et,cash,1900,950,0,0,0,0,0,1,
helmet_opscore_mt_mc,{E881810B2CE6E4AD}Prefabs/Characters/HeadGear/Helmet_OPSCORE/Helmet_OPSCORE_MT_MC.et,cash,1900,950,0,0,0,0,0,1,
helmet_opscore_mt_mc_amp,{D928AB10EAB641BC}Prefabs/Characters/HeadGear/Helmet_OPSCORE/Helmet_OPSCORE_MT_MC_AMP.et,cash,1900,950,0,0,0,0,0,1,
helmet_opscore_mt_mc_liberator,{F4EA5339BC3DA620}Prefabs/Characters/HeadGear/Helmet_OPSCORE/Helmet_OPSCORE_MT_MC_Liberator.et,cash,1900,950,0,0,0,0,0,1,
helmet_opscore_mt_mc_peltor,{7DD9CEADA6D3B92E}Prefabs/Characters/HeadGear/Helmet_OPSCORE/Helmet_OPSCORE_MT_MC_PELTOR.et,cash,1900,950,0,0,0,0,0,1,
helmet_opscore_mt_peltor,{E9BBF15608D735A7}Prefabs/Characters/HeadGear/Helmet_OPSCORE/Helmet_OPSCORE_MT_Peltor.et,cash,1900,950,0,0,0,0,0,1,
helmet_opscore_sf_blk,{9070BE2FDD5F31DC}Prefabs/Characters/HeadGear/Helmet_OPSCORE/Helmet_OPSCORE_SF_BLK.et,cash,1900,950,0,0,0,0,0,1,
helmet_opscore_sf_blk_amp,{9E45240EDBE0C963}Prefabs/Characters/HeadGear/Helmet_OPSCORE/Helmet_OPSCORE_SF_BLK_AMP.et,cash,1900,950,0,0,0,0,0,1,
helmet_opscore_sf_blk_peltor,{3B03BBCCF69C1805}Prefabs/Characters/HeadGear/Helmet_OPSCORE/Helmet_OPSCORE_SF_BLK_Peltor.et,cash,1900,950,0,0,0,0,0,1,
helmet_opscore_sf_coy,{73DE9EBFF20E5E8A}Prefabs/Characters/HeadGear/Helmet_OPSCORE/Helmet_OPSCORE_SF_Coy.et,cash,1900,950,0,0,0,0,0,1,
helmet_opscore_sf_coy_amp,{9AC01CB0720E1E9C}Prefabs/Characters/HeadGear/Helmet_OPSCORE/Helmet_OPSCORE_SF_Coy_AMP.et,cash,1900,950,0,0,0,0,0,1,
helmet_opscore_sf_coy_peltor,{144F85C6489875B7}Prefabs/Characters/HeadGear/Helmet_OPSCORE/Helmet_OPSCORE_SF_Coy_Peltor.et,cash,1900,950,0,0,0,0,0,1,
helmet_opscore_sf_grey,{55ABBB07FF56AFDA}Prefabs/Characters/HeadGear/Helmet_OPSCORE/Helmet_OPSCORE_SF_Grey.et,cash,1900,950,0,0,0,0,0,1,
helmet_opscore_sf_grey_amp,{DECCB6711FB98828}Prefabs/Characters/HeadGear/Helmet_OPSCORE/Helmet_OPSCORE_SF_Grey_AMP.et,cash,1900,950,0,0,0,0,0,1,
helmet_opscore_sf_grey_peltor,{545A62848B160658}Prefabs/Characters/HeadGear/Helmet_OPSCORE/Helmet_OPSCORE_SF_Grey_Peltor.et,cash,1900,950,0,0,0,0,0,1,
helmet_opscore_sf_mc,{38531602641446A8}Prefabs/Characters/HeadGear/Helmet_OPSCORE/Helmet_OPSCORE_SF_MC.et,cash,1900,950,0,0,0,0,0,1,
helmet_opscore_sf_mc_amp,{FB9553B3999131F0}Prefabs/Characters/HeadGear/Helmet_OPSCORE/Helmet_OPSCORE_SF_MC_AMP.et,cash,1900,950,0,0,0,0,0,1,
helmet_opscore_sf_mc_peltor,{865FB512FC2AFF5C}Prefabs/Characters/HeadGear/Helmet_OPSCORE/Helmet_OPSCORE_SF_MC_Peltor.et,cash,1900,950,0,0,0,0,0,1,
helmet_opscore_sf_rgr,{6AC0597EBA417C43}Prefabs/Characters/HeadGear/Helmet_OPSCORE/Helmet_OPSCORE_SF_Rgr.et,cash,1900,950,0,0,0,0,0,1,
helmet_opscore_sf_rgr_amp,{80760BF3FEE19F97}Prefabs/Characters/HeadGear/Helmet_OPSCORE/Helmet_OPSCORE_SF_RGR_AMP.et,cash,1900,950,0,0,0,0,0,1,
helmet_opscore_sf_rgr_peltor,{DFA386A40EE8F51E}Prefabs/Characters/HeadGear/Helmet_OPSCORE/Helmet_OPSCORE_SF_RGR_Peltor.et,cash,1900,950,0,0,0,0,0,1,
helmet_opscore_xp_amp,{5E9930764CE81FF8}Prefabs/Characters/HeadGear/Helmet_OPSCORE/Helmet_OPSCORE_XP_AMP.et,cash,1900,950,0,0,0,0,0,1,
helmet_opscore_xp_base,{4F458AB270330E54}Prefabs/Characters/HeadGear/Helmet_OPSCORE/Helmet_OPSCORE_XP_BASE.et,cash,1900,950,0,0,0,0,0,1,
helmet_opscore_xp_black,{0C05EC01BC9518B2}Prefabs/Characters/HeadGear/Helmet_OPSCORE/Helmet_OPSCORE_XP_Black.et,cash,1900,950,0,0,0,0,0,1,
helmet_opscore_xp_black_amp,{4B11814B9B9BC84E}Prefabs/Characters/HeadGear/Helmet_OPSCORE/Helmet_OPSCORE_XP_Black_AMP.et,cash,1900,950,0,0,0,0,0,1,
helmet_opscore_xp_black_liberator,{A770F24887D74E49}Prefabs/Characters/HeadGear/Helmet_OPSCORE/Helmet_OPSCORE_XP_Black_Liberator.et,cash,1900,950,0,0,0,0,0,1,
helmet_opscore_xp_black_peltor,{6451FB59BAB301CA}Prefabs/Characters/HeadGear/Helmet_OPSCORE/Helmet_OPSCORE_XP_Black_PELTOR.et,cash,1900,950,0,0,0,0,0,1,
helmet_opscore_xp_fg,{3A1649ADCA63AFD6}Prefabs/Characters/HeadGear/Helmet_OPSCORE/Helmet_OPSCORE_XP_FG.et,cash,1900,950,0,0,0,0,0,1,
helmet_opscore_xp_fg_amp,{79125112CD4BC0C4}Prefabs/Characters/HeadGear/Helmet_OPSCORE/Helmet_OPSCORE_XP_FG_AMP.et,cash,1900,950,0,0,0,0,0,1,
helmet_opscore_xp_fg_liberator,{24916984EA94E6DA}Prefabs/Characters/HeadGear/Helmet_OPSCORE/Helmet_OPSCORE_XP_FG_Liberator.et,cash,1900,950,0,0,0,0,0,1,
helmet_opscore_xp_fg_peltor,{0C04EB95B5DFA2A8}Prefabs/Characters/HeadGear/Helmet_OPSCORE/Helmet_OPSCORE_XP_FG_PELTOR.et,cash,1900,950,0,0,0,0,0,1,
helmet_opscore_xp_liberator,{51858E5133158686}Prefabs/Characters/HeadGear/Helmet_OPSCORE/Helmet_OPSCORE_XP_Liberator.et,cash,1900,950,0,0,0,0,0,1,
helmet_opscore_xp_mc,{8D2A87974105B86A}Prefabs/Characters/HeadGear/Helmet_OPSCORE/Helmet_OPSCORE_XP_MC.et,cash,1900,950,0,0,0,0,0,1,
helmet_opscore_xp_mc_amp,{A36613EAD646961D}Prefabs/Characters/HeadGear/Helmet_OPSCORE/Helmet_OPSCORE_XP_MC_AMP.et,cash,1900,950,0,0,0,0,0,1,
helmet_opscore_xp_mc_liberator,{58DD402E6A25C776}Prefabs/Characters/HeadGear/Helmet_OPSCORE/Helmet_OPSCORE_XP_MC_Liberator.et,cash,1900,950,0,0,0,0,0,1,
helmet_opscore_xp_mc_peltor,{BBFEA6F0D2F4564C}Prefabs/Characters/HeadGear/Helmet_OPSCORE/Helmet_OPSCORE_XP_MC_PELTOR.et,cash,1900,950,0,0,0,0,0,1,
helmet_opscore_xp_peltor,{93F549AC3427E206}Prefabs/Characters/HeadGear/Helmet_OPSCORE/Helmet_OPSCORE_XP_PELTOR.et,cash,1900,950,0,0,0,0,0,1,
helmet_pasgt_01_cover,{FE5C49069C2499D9}Prefabs/Characters/HeadGear/Helmet_PASGT_01/Helmet_PASGT_01_cover.et,cash,150,75,0,0,0,0,0,1,
helmet_pasgt_01_cover_w_goggles,{E685A8D337D36204}Prefabs/Characters/HeadGear/Helmet_PASGT_01/Helmet_PASGT_01_cover_w_goggles.et,cash,150,75,0,0,0,0,0,1,
helmet_pasgt_01_cover_w_scrim,{03C1F3DB6BB9796A}Prefabs/Characters/HeadGear/Helmet_PASGT_01/Helmet_PASGT_01_cover_w_scrim.et,cash,150,75,0,0,0,0,0,1,
helmet_spartan3_fg,{10E223B05E8874EA}Prefabs/Characters/HeadGear/Helmet_Spartan3/Helmet_Spartan3_FG.et,cash,1800,900,0,0,0,0,0,1,
helmet_spartan3_fg_peltor,{FDA7DCB260C871CF}Prefabs/Characters/HeadGear/Helmet_Spartan3/Helmet_Spartan3_FG_Peltor.et,cash,1800,900,0,0,0,0,0,1,
helmet_spartan3_fg_sordin,{02E6E100C8D26F3D}Prefabs/Characters/HeadGear/Helmet_Spartan3/Helmet_Spartan3_FG_Sordin.et,cash,1800,900,0,0,0,0,0,1,
helmet_spartan3_mc,{A7DEED8AD5EE6356}Prefabs/Characters/HeadGear/Helmet_Spartan3/Helmet_Spartan3_MC.et,cash,1800,900,0,0,0,0,0,1,
helmet_spartan3_mc_peltor,{4A5D91D707E3852B}Prefabs/Characters/HeadGear/Helmet_Spartan3/Helmet_Spartan3_MC_Peltor.et,cash,1800,900,0,0,0,0,0,1,
helmet_spartan3_mc_sordin,{B51CAC65AFF99BD9}Prefabs/Characters/HeadGear/Helmet_Spartan3/Helmet_Spartan3_MC_Sordin.et,cash,1800,900,0,0,0,0,0,1,
helmet_spartan3_od,{74FE19A349C73481}Prefabs/Characters/HeadGear/Helmet_Spartan3/Helmet_Spartan3_OD.et,cash,1800,900,0,0,0,0,0,1,
helmet_spartan3_od_peltor,{AD65AA69473D8B14}Prefabs/Characters/HeadGear/Helmet_Spartan3/Helmet_Spartan3_OD_Peltor.et,cash,1800,900,0,0,0,0,0,1,
helmet_spartan3_od_sordin,{522497DBEF2795E6}Prefabs/Characters/HeadGear/Helmet_Spartan3/Helmet_Spartan3_OD_Sordin.et,cash,1800,900,0,0,0,0,0,1,
helmet_sph4_01,{483A80042765275F}Prefabs/Characters/HeadGear/Helmet_SPH4_01/Helmet_SPH4_01.et,cash,1200,600,0,0,0,0,0,1,
helmet_sph4_usflag_01,{17D989D6B4A6F87B}Prefabs/Characters/HeadGear/Helmet_SPH4_01/Helmet_SPH4_USFlag_01.et,cash,1200,600,0,0,0,0,0,1,
helmet_ssh68_01,{A7E6D7ECD5F684D7}Prefabs/Characters/HeadGear/Helmet_SSh68_01/Helmet_SSh68_01.et,cash,60,30,0,0,0,0,0,1,
helmet_ssh68_01_camo,{66196D85AB93D2BE}Prefabs/Characters/HeadGear/Helmet_SSh68_01/Helmet_SSh68_01_camo.et,cash,60,30,0,0,0,0,0,1,
helmet_ssh68_01_camonet,{D4028ED16DEE99EE}Prefabs/Characters/HeadGear/Helmet_SSh68_01/Helmet_SSh68_01_camonet.et,cash,60,30,0,0,0,0,0,1,
helmet_ssh68_01_cover_klmk,{DD35D5EBA6364E77}Prefabs/Characters/HeadGear/Helmet_SSh68_01/Helmet_SSh68_01_cover_KLMK.et,cash,60,30,0,0,0,0,0,1,
helmet_ssh68_01_cover_klmk_net,{12035A212B2BE371}Prefabs/Characters/HeadGear/Helmet_SSh68_01/Helmet_SSh68_01_cover_KLMK_net.et,cash,60,30,0,0,0,0,0,1,
helmet_ssh68_01_cover_kzs,{5F8928B41FB86990}Prefabs/Characters/HeadGear/Helmet_SSh68_01/Helmet_SSh68_01_cover_KZS.et,cash,60,30,0,0,0,0,0,1,
helmet_ssh68_01_net,{22963D69CA50EB9E}Prefabs/Characters/HeadGear/Helmet_SSh68_01/Helmet_SSh68_01_net.et,cash,60,30,0,0,0,0,0,1,
helmet_tbh3a_hc,{4C988BFF658AA819}Prefabs/Characters/HeadGear/Helmet_TBH3A/Helmet_TBH3A_HC.et,cash,500,250,0,0,0,0,0,1,
helmet_tbh3a_hc_blk,{71BA06CB0A1D35D4}Prefabs/Characters/HeadGear/Helmet_TBH3A/Helmet_TBH3A_HC_Blk.et,cash,500,250,0,0,0,0,0,1,
helmet_tbh3a_hc_liberator,{EAFC083A9167007B}Prefabs/Characters/HeadGear/Helmet_TBH3A/Helmet_TBH3A_HC_Liberator.et,cash,500,250,0,0,0,0,0,1,
helmet_tbh3a_hc_peltor,{CBBC1B256EAFC4E9}Prefabs/Characters/HeadGear/Helmet_TBH3A/Helmet_TBH3A_HC_Peltor.et,cash,500,250,0,0,0,0,0,1,
helmet_tbh3a_hc_peltor_blk,{CD67023CCC11EBCF}Prefabs/Characters/HeadGear/Helmet_TBH3A/Helmet_TBH3A_HC_Peltor_Blk.et,cash,500,250,0,0,0,0,0,1,
helmet_tbh3a_hc_peltor_pmc,{EE8DD6AD2C9C0762}Prefabs/Characters/HeadGear/Helmet_TBH3A/Helmet_TBH3A_HC_Peltor_PMC.et,cash,500,250,0,0,0,0,0,1,
helmet_tbh3a_hc_peltor_tan,{0E1AB1D29382CB21}Prefabs/Characters/HeadGear/Helmet_TBH3A/Helmet_TBH3A_HC_Peltor_Tan.et,cash,500,250,0,0,0,0,0,1,
helmet_tbh3a_hc_pmc,{5250D25AEA90D979}Prefabs/Characters/HeadGear/Helmet_TBH3A/Helmet_TBH3A_HC_PMC.et,cash,500,250,0,0,0,0,0,1,
helmet_tbh3a_hc_tan,{B2C7B525558E153A}Prefabs/Characters/HeadGear/Helmet_TBH3A/Helmet_TBH3A_HC_Tan.et,cash,500,250,0,0,0,0,0,1,
helmet_tbh3a_lc,{D241C8371EEB234A}Prefabs/Characters/HeadGear/Helmet_TBH3A/Helmet_TBH3A_LC.et,cash,500,250,0,0,0,0,0,1,
helmet_tbh3a_lc_blk,{666D09D4A756DF0C}Prefabs/Characters/HeadGear/Helmet_TBH3A/Helmet_TBH3A_LC_Blk.et,cash,500,250,0,0,0,0,0,1,
helmet_tbh3a_lc_pmc,{4587DD4547DB33A1}Prefabs/Characters/HeadGear/Helmet_TBH3A/Helmet_TBH3A_LC_PMC.et,cash,500,250,0,0,0,0,0,1,
helmet_tbh3a_lc_tan,{A510BA3AF8C5FFE2}Prefabs/Characters/HeadGear/Helmet_TBH3A/Helmet_TBH3A_LC_Tan.et,cash,500,250,0,0,0,0,0,1,
helmet_tor2l_blk,{364FF1A1CA2CA32E}Prefabs/Characters/HeadGear/Helmet_TOR2/Helmet_TOR2L_blk.et,cash,1000,500,1,1,0,0,0,1,{F891878C93EF6B5F}Prefabs/Characters/HeadGear/Helmet_TOR2/TOR2_FaceShield_Blk.et
helmet_tor2l_olive,{D7C9E28CE0CAF2B2}Prefabs/Characters/HeadGear/Helmet_TOR2/Helmet_TOR2L_olive.et,cash,1000,500,1,1,0,0,0,1,{0BBFC8692B801DC0}Prefabs/Characters/HeadGear/Helmet_TOR2/TOR2_FaceShield_Olive.et
helmet_tor2m_amp_olive,{1CB7F72BBD5E2972}Prefabs/Characters/HeadGear/Helmet_TOR2/Helmet_TOR2M_AMP_olive.et,cash,1000,500,1,1,0,0,0,1,{0BBFC8692B801DC0}Prefabs/Characters/HeadGear/Helmet_TOR2/TOR2_FaceShield_Olive.et
helmet_tor2m_blk,{5802CFF8FF4D4DA6}Prefabs/Characters/HeadGear/Helmet_TOR2/Helmet_TOR2M_blk.et,cash,1000,500,1,1,0,0,0,1,{F891878C93EF6B5F}Prefabs/Characters/HeadGear/Helmet_TOR2/TOR2_FaceShield_Blk.et
helmet_tor2m_olive,{29C9A2C915989EFE}Prefabs/Characters/HeadGear/Helmet_TOR2/Helmet_TOR2M_olive.et,cash,1000,500,1,1,0,0,0,1,{0BBFC8692B801DC0}Prefabs/Characters/HeadGear/Helmet_TOR2/TOR2_FaceShield_Olive.et
helmet_tor_large,{3F70EA42E26BA189}Prefabs/Characters/HeadGear/Helmet_TOR/Helmet_TOR_Large.et,cash,800,400,0,0,0,0,0,1,
helmet_tor_large_black,{DB84356EB775AB87}Prefabs/Characters/HeadGear/Helmet_TOR/Helmet_TOR_Large_black.et,cash,800,400,0,0,0,0,0,1,
helmet_tor_medium_amp,{11A6FB2B62A8845B}Prefabs/Characters/HeadGear/Helmet_TOR/Helmet_TOR_medium_amp.et,cash,800,400,0,0,0,0,0,1,
helmet_tor_medium_black,{D0FC67F7216AD74C}Prefabs/Characters/HeadGear/Helmet_TOR/Helmet_TOR_medium_black.et,cash,800,400,0,0,0,0,0,1,
helmet_tor_medium_green,{D61490732EE2F0E5}Prefabs/Characters/HeadGear/Helmet_TOR/Helmet_TOR_medium_green.et,cash,800,400,0,0,0,0,0,1,
helmet_tor_small_black,{9AC26A63485DEC15}Prefabs/Characters/HeadGear/Helmet_TOR/Helmet_TOR_small_black.et,cash,800,400,0,0,0,0,0,1,
helmet_tor_small_green,{9C2A9DE747D5CBBC}Prefabs/Characters/HeadGear/Helmet_TOR/Helmet_TOR_small_green.et,cash,800,400,0,0,0,0,0,1,
helmet_tor_small_green_peltor,{0607207EE1A65815}Prefabs/Characters/HeadGear/Helmet_TOR/Helmet_TOR_small_green_peltor.et,cash,800,400,0,0,0,0,0,1,
helmet_tor_small_green_sordin,{F9461DCC49BC46E7}Prefabs/Characters/HeadGear/Helmet_TOR/Helmet_TOR_small_green_sordin.et,cash,800,400,0,0,0,0,0,1,
helmet_tor_small_peltor_black,{C67B6FED199A1163}Prefabs/Characters/HeadGear/Helmet_TOR/Helmet_TOR_small_peltor_black.et,cash,800,400,0,0,0,0,0,1,
helmet_tor_small_sordin_black,{79CC1DB67F1C8FCF}Prefabs/Characters/HeadGear/Helmet_TOR/Helmet_TOR_small_sordin_black.et,cash,800,400,0,0,0,0,0,1,
helmet_triada_emrm,{034EC83B216F6F00}Prefabs/Characters/HeadGear/Helmet_Triada/Helmet_Triada_EmrM.et,cash,1500,750,0,0,0,0,0,1,
helmet_tsh4,{367BEEE3BE61C597}Prefabs/Characters/HeadGear/Headgear_TSh4/Helmet_tsh4.et,cash,80,40,0,0,0,0,0,1,
helmet_tsh4_01,{EB2F05A3751B905A}Prefabs/Characters/HeadGear/Helmet_TSh4_01/Helmet_TSh4_01.et,cash,80,40,0,0,0,0,0,1,
helmet_tsh4_01_open,{D6B1ACA46036E9CE}Prefabs/Characters/HeadGear/Helmet_TSh4_01/Helmet_TSh4_01_open.et,cash,80,40,0,0,0,0,0,1,
helmet_zsh5_01,{E49D9EE7E2B3016C}Prefabs/Characters/HeadGear/Helmet_ZSh5_01/Helmet_ZSh5_01.et,cash,1000,500,0,0,0,0,0,1,
helmet_zsh7v,{BFE3D93AA5B13A89}Prefabs/Characters/HeadGear/Helmet_ZSh7/Helmet_ZSh7V.et,cash,1000,500,0,0,0,0,0,1,
tor_counterweight_black,{C37214C825AA8B52}Prefabs/Characters/HeadGear/Helmet_TOR/counterweight/TOR_counterweight_Black.et,cash,60,30,0,0,0,0,0,1,
tor_counterweight_emr,{A632307E797C9511}Prefabs/Characters/HeadGear/Helmet_TOR/counterweight/TOR_counterweight_EMR.et,cash,60,30,0,0,0,0,0,1,
tor_counterweight_fg,{2893C652AFE86456}Prefabs/Characters/HeadGear/Helmet_TOR/counterweight/TOR_counterweight_FG.et,cash,60,30,0,0,0,0,0,1,
tor_counterweight_full_emr,{D425E23E81C53360}Prefabs/Characters/HeadGear/Helmet_TOR/counterweight/TOR_counterweight_Full_EMR.et,cash,60,30,0,0,0,0,0,1,
tor_counterweight_full_fg,{E98FDE86D12E6993}Prefabs/Characters/HeadGear/Helmet_TOR/counterweight/TOR_counterweight_Full_FG.et,cash,60,30,0,0,0,0,0,1,
tor_counterweight_olive,{A0DC37947C480471}Prefabs/Characters/HeadGear/Helmet_TOR/counterweight/TOR_counterweight_olive.et,cash,60,30,0,0,0,0,0,1,
balaclava_frog,{8388B77DCA5B071D}Prefabs/Characters/HeadGear/Balaclavas/LShZ_Balaclava/Balaclava_frog.et,cash,25,12,0,0,0,0,0,1,
balaclava_frog_gray,{9D8D6972A75396B2}Prefabs/Characters/HeadGear/Balaclavas/LShZ_Balaclava/Balaclava_frog_gray.et,cash,25,12,0,0,0,0,0,1,
balaclava_lshz_atacs,{02A017B3122AC52D}Prefabs/Characters/HeadGear/Balaclavas/LShZ_Balaclava/Balaclava_LShZ_atacs.et,cash,25,12,0,0,0,0,0,1,
balaclava_lshz_base,{244A6A1121439AAC}Prefabs/Characters/HeadGear/Balaclavas/LShZ_Balaclava/Balaclava_LShZ_base.et,cash,25,12,0,0,0,0,0,1,
balaclava_lshz_black,{40ED520CE1154848}Prefabs/Characters/HeadGear/Balaclavas/LShZ_Balaclava/Balaclava_LShZ_black.et,cash,25,12,0,0,0,0,0,1,
balaclava_lshz_mc,{80910048B735B60E}Prefabs/Characters/HeadGear/Balaclavas/LShZ_Balaclava/Balaclava_LShZ_MC.et,cash,25,12,0,0,0,0,0,1,
balaclava_lshz_mcblk,{BADB7C8F7B9AF1F4}Prefabs/Characters/HeadGear/Balaclavas/LShZ_Balaclava/Balaclava_LShZ_MCBlk.et,cash,25,12,0,0,0,0,0,1,
balaclava_v1_atacs,{182BE405EE3E4C6F}Prefabs/Characters/HeadGear/Balaclavas/Balaclava_v1/Balaclava_v1_ATACS.et,cash,25,12,0,0,0,0,0,1,
balaclava_v1_blk,{CB379AD8EC48690C}Prefabs/Characters/HeadGear/Balaclavas/Balaclava_v1/Balaclava_v1_BLK.et,cash,25,12,0,0,0,0,0,1,
balaclava_v1_coyote_brown,{B370D7A2DDBB73B7}Prefabs/Characters/HeadGear/Balaclavas/Balaclava_v1/Balaclava_v1_Coyote_brown.et,cash,25,12,0,0,0,0,0,1,
balaclava_v1_multicam,{F666F01271F1BCC3}Prefabs/Characters/HeadGear/Balaclavas/Balaclava_v1/Balaclava_v1_Multicam.et,cash,25,12,0,0,0,0,0,1,
balaclava_v1_od,{7621C7D9145AF8D5}Prefabs/Characters/HeadGear/Balaclavas/Balaclava_v1/Balaclava_v1_OD.et,cash,25,12,0,0,0,0,0,1,
balaclava_v1_rhs,{AC9EAD5ABE1C290E}Prefabs/Characters/HeadGear/Balaclavas/Balaclava_v1/Balaclava_v1_RHS.et,cash,25,12,0,0,0,0,0,1,
balaclava_v1_tan,{084A2936B3DB49E2}Prefabs/Characters/HeadGear/Balaclavas/Balaclava_v1/Balaclava_v1_Tan.et,cash,25,12,0,0,0,0,0,1,
eyewear_6b50,{FCB7F518B16C9B76}Prefabs/Characters/Eyewear/6b50/Eyewear_6b50.et,cash,150,75,0,0,0,0,0,1,
eyewear_6b50_strap_on_6b47,{0F7546A421CCA5B6}Prefabs/Characters/Eyewear/6b50/Eyewear_6b50_strap_on_6b47.et,cash,150,75,0,0,0,0,0,1,
eyewear_6b50_wear_on_6b47,{8F3364A5F7906886}Prefabs/Characters/Eyewear/6b50/Eyewear_6b50_wear_on_6b47.et,cash,150,75,0,0,0,0,0,1,
eyewear_ess_crossbow,{BA0AD5FBC86E88D3}Prefabs/Characters/Eyewear/crossbow/Eyewear_ess_crossbow.et,cash,120,60,0,0,0,0,0,1,
eyewear_ess_crossbow_blk,{608F66AB8B36B85D}Prefabs/Characters/Eyewear/crossbow/Eyewear_ess_crossbow_blk.et,cash,120,60,0,0,0,0,0,1,
eyewear_ess_crossbow_blk_clr,{F3672F802360D2E4}Prefabs/Characters/Eyewear/crossbow/Eyewear_ess_crossbow_blk_clr.et,cash,120,60,0,0,0,0,0,1,
eyewear_ess_crossbow_clr,{D4ABE8F396146587}Prefabs/Characters/Eyewear/crossbow/Eyewear_ess_crossbow_clr.et,cash,120,60,0,0,0,0,0,1,
eyewear_gascan,{2934192D7BA3465E}Prefabs/Characters/Eyewear/gascan/Eyewear_gascan.et,cash,60,30,0,0,0,0,0,1,
eyewear_gascan_blk,{79A869C91A7A1368}Prefabs/Characters/Eyewear/gascan/Eyewear_gascan_Blk.et,cash,60,30,0,0,0,0,0,1,
eyewear_npp_kondor,{E2AEE09BA445A688}Prefabs/Characters/Eyewear/npp_kondor/Eyewear_npp_kondor.et,cash,100,50,0,0,0,0,0,1,
eyewear_npp_kondor_olive,{712F76DA44136525}Prefabs/Characters/Eyewear/npp_kondor/Eyewear_npp_kondor_olive.et,cash,100,50,0,0,0,0,0,1,
eyewear_npp_kondor_tan,{31C47FFE2E732C4D}Prefabs/Characters/Eyewear/npp_kondor/Eyewear_npp_kondor_tan.et,cash,100,50,0,0,0,0,0,1,
eyewear_npp_strelok,{9C030889E9A05770}Prefabs/Characters/Eyewear/npp_strelok/Eyewear_npp_strelok.et,cash,100,50,0,0,0,0,0,1,
eyewear_npp_strelok_emr,{4CB556EEDA83FFFE}Prefabs/Characters/Eyewear/npp_strelok/Eyewear_npp_strelok_emr.et,cash,100,50,0,0,0,0,0,1,
eyewear_npp_strelok_tor,{0A6931140B34A0FE}Prefabs/Characters/Eyewear/npp_strelok/Eyewear_npp_strelok_tor.et,cash,100,50,0,0,0,0,0,1,
hat_ballcap_atacs,{7429DFF39CEF10BD}Prefabs/Characters/HeadGear/Hat_BallCap/Hat_ballcap_ATACS.et,cash,25,12,0,0,0,0,0,1,
hat_ballcap_atacs_backwards,{557683B254E7C60C}Prefabs/Characters/HeadGear/Hat_BallCap/Hat_ballcap_ATACS_backwards.et,cash,25,12,0,0,0,0,0,1,
hat_ballcap_blk,{E3BDE9165BEC54F2}Prefabs/Characters/HeadGear/Hat_BallCap/Hat_ballcap_BLK.et,cash,25,12,0,0,0,0,0,1,
hat_ballcap_blk_backwards,{FD10E748C737C0E2}Prefabs/Characters/HeadGear/Hat_BallCap/Hat_ballcap_BLK_backwards.et,cash,25,12,0,0,0,0,0,1,
hat_ballcap_gry,{7F367417D74EC5BD}Prefabs/Characters/HeadGear/Hat_BallCap/Hat_ballcap_GRY.et,cash,25,12,0,0,0,0,0,1,
hat_ballcap_gry_backwards,{C8D27A42832A2B0F}Prefabs/Characters/HeadGear/Hat_BallCap/Hat_ballcap_GRY_backwards.et,cash,25,12,0,0,0,0,0,1,
hat_ballcap_mc,{5C7F97C0F257180B}Prefabs/Characters/HeadGear/Hat_BallCap/Hat_ballcap_MC.et,cash,25,12,0,0,0,0,0,1,
hat_ballcap_od,{8F5F63E96E7E4FDC}Prefabs/Characters/HeadGear/Hat_BallCap/Hat_ballcap_OD.et,cash,25,12,0,0,0,0,0,1,
hat_ballcap_od_backwards,{0C5C33A79F921FE9}Prefabs/Characters/HeadGear/Hat_BallCap/Hat_ballcap_OD_backwards.et,cash,25,12,0,0,0,0,0,1,
hat_ballcap_tan,{20C05AF8047F741C}Prefabs/Characters/HeadGear/Hat_BallCap/Hat_ballcap_TAN.et,cash,25,12,0,0,0,0,0,1,
hat_ballcap_tan_backwards,{0806C36951B3C052}Prefabs/Characters/HeadGear/Hat_BallCap/Hat_ballcap_TAN_backwards.et,cash,25,12,0,0,0,0,0,1,
hat_boonie_us_01,{E12126CDE731EED5}Prefabs/Characters/HeadGear/Hat_Boonie_US_01/Hat_Boonie_US_01.et,cash,25,12,0,0,0,0,0,1,
hat_boonie_us_olive,{8D75122D5BF561FB}Prefabs/Characters/HeadGear/Hat_Boonie_US_01/Hat_Boonie_US_olive.et,cash,25,12,0,0,0,0,0,1,
hat_boonie_us_tigerstripe,{19231774D1D67091}Prefabs/Characters/HeadGear/Hat_Boonie_US_01/Hat_Boonie_US_TigerStripe.et,cash,25,12,0,0,0,0,0,1,
hat_flatcap_01_blue,{DD565E2C7E00A5BB}Prefabs/Characters/HeadGear/Hat_FlatCap_01/Hat_FlatCap_01_blue.et,cash,25,12,0,0,0,0,0,1,
hat_flatcap_01_darkgrey,{67662815EFF734DD}Prefabs/Characters/HeadGear/Hat_FlatCap_01/Hat_FlatCap_01_darkgrey.et,cash,25,12,0,0,0,0,0,1,
hat_flatcap_01_lightgrey,{6FEB0D9130EC400E}Prefabs/Characters/HeadGear/Hat_FlatCap_01/Hat_FlatCap_01_lightgrey.et,cash,25,12,0,0,0,0,0,1,
hat_hard_01_blue,{024D6092DA006DD1}Prefabs/Characters/HeadGear/Hat_Hard_01/Hat_Hard_01_blue.et,cash,25,12,0,0,0,0,0,1,
hat_hard_01_green,{112EF132833109C8}Prefabs/Characters/HeadGear/Hat_Hard_01/Hat_Hard_01_green.et,cash,25,12,0,0,0,0,0,1,
hat_hard_01_white,{DF26044449C06EAB}Prefabs/Characters/HeadGear/Hat_Hard_01/Hat_Hard_01_white.et,cash,25,12,0,0,0,0,0,1,
hat_hard_01_yellow,{8F5261C6B57B95C8}Prefabs/Characters/HeadGear/Hat_Hard_01/Hat_Hard_01_yellow.et,cash,25,12,0,0,0,0,0,1,
hat_knitted_01_black,{BE19A15F1073E7BD}Prefabs/Characters/HeadGear/Hat_Knitted_01/Hat_Knitted_01_black.et,cash,25,12,0,0,0,0,0,1,
hat_knitted_01_blue,{6B2256EBB8E267DD}Prefabs/Characters/HeadGear/Hat_Knitted_01/Hat_Knitted_01_blue.et,cash,25,12,0,0,0,0,0,1,
hat_knitted_01_brown,{B9687B8829272E14}Prefabs/Characters/HeadGear/Hat_Knitted_01/Hat_Knitted_01_brown.et,cash,25,12,0,0,0,0,0,1,
hat_knitted_01_red,{D8D9EE7F3966589E}Prefabs/Characters/HeadGear/Hat_Knitted_01/Hat_Knitted_01_red.et,cash,25,12,0,0,0,0,0,1,
hat_m70_01,{B02281435AED8274}Prefabs/Characters/HeadGear/Hat_M70_01/Hat_M70_01.et,cash,25,12,0,0,0,0,0,1,
hat_m88_01_v1,{2B29B7E1C6BD1048}Prefabs/Characters/HeadGear/Hat_M88_01/Hat_M88_01_v1.et,cash,25,12,0,0,0,0,0,1,
hat_m88_01_v1_ttsko,{89FD00CB2909667D}Prefabs/Characters/HeadGear/Hat_M88_01/Hat_M88_01_v1_TTsKO.et,cash,25,12,0,0,0,0,0,1,
hat_panama_soviet_01_v1,{793EEE2C133176F9}Prefabs/Characters/HeadGear/Hat_Panama_Soviet/Hat_Panama_Soviet_01_v1.et,cash,25,12,0,0,0,0,0,1,
hat_patrol_us_01,{F545C1BE7C99954A}Prefabs/Characters/HeadGear/Hat_Patrol_US_01/Hat_Patrol_US_01.et,cash,25,12,0,0,0,0,0,1,
hat_patrol_us_01_tigerstripe,{56915D05E3190762}Prefabs/Characters/HeadGear/Hat_Patrol_US_01/Hat_Patrol_US_01_TigerStripe.et,cash,25,12,0,0,0,0,0,1,
hat_patrol_us_02,{9911F55EC05D1A64}Prefabs/Characters/HeadGear/Hat_Patrol_US_01/Hat_Patrol_US_02.et,cash,25,12,0,0,0,0,0,1,
hat_peakedcap_ussr_01,{3523CB7D5961246B}Prefabs/Characters/HeadGear/Hat_PeakedCap_USSR_01/Hat_PeakedCap_USSR_01.et,cash,25,12,0,0,0,0,0,1,
hat_radiovkaberet_01_beige,{C0B4276A1405ED14}Prefabs/Characters/HeadGear/Hat_RadiovkaBeret_01/Hat_RadiovkaBeret_01_beige.et,cash,25,12,0,0,0,0,0,1,
hat_radiovkaberet_01_black,{200D967D2612147C}Prefabs/Characters/HeadGear/Hat_RadiovkaBeret_01/Hat_RadiovkaBeret_01_black.et,cash,25,12,0,0,0,0,0,1,
hat_radiovkaberet_01_brown,{6E0EC7AC1F6D748F}Prefabs/Characters/HeadGear/Hat_RadiovkaBeret_01/Hat_RadiovkaBeret_01_brown.et,cash,25,12,0,0,0,0,0,1,
hat_truckercap_01_alsworth,{17674905311133D7}Prefabs/Characters/HeadGear/Hat_TruckerCap_01/Hat_TruckerCap_01_alsworth.et,cash,25,12,0,0,0,0,0,1,
hat_truckercap_01_enp,{C9886336AAD9F74C}Prefabs/Characters/HeadGear/Hat_TruckerCap_01/Hat_TruckerCap_01_enp.et,cash,25,12,0,0,0,0,0,1,
hat_truckercap_01_everon,{6D08415FD18F2775}Prefabs/Characters/HeadGear/Hat_TruckerCap_01/Hat_TruckerCap_01_everon.et,cash,25,12,0,0,0,0,0,1,
hat_truckercap_01_fkdynamo,{3E2C2A050DE84A64}Prefabs/Characters/HeadGear/Hat_TruckerCap_01/Hat_TruckerCap_01_fkdynamo.et,cash,25,12,0,0,0,0,0,1,
hat_truckercap_01_moto,{5977C0A606B65E6D}Prefabs/Characters/HeadGear/Hat_TruckerCap_01/Hat_TruckerCap_01_moto.et,cash,25,12,0,0,0,0,0,1,
hat_truckercap_01_pohona,{477D52F01DC45C55}Prefabs/Characters/HeadGear/Hat_TruckerCap_01/Hat_TruckerCap_01_pohona.et,cash,25,12,0,0,0,0,0,1,
hat_truckercap_01_sawmillregina,{554D761A11D3D7EC}Prefabs/Characters/HeadGear/Hat_TruckerCap_01/Hat_TruckerCap_01_sawmillregina.et,cash,25,12,0,0,0,0,0,1,
hat_ushanka_01_folded,{A22C976003AA5BA3}Prefabs/Characters/HeadGear/Hat_Ushanka_01/Hat_Ushanka_01_folded.et,cash,25,12,0,0,0,0,0,1,
hat_ushanka_01_unfolded,{323641C91965842E}Prefabs/Characters/HeadGear/Hat_Ushanka_01/Hat_Ushanka_01_unfolded.et,cash,25,12,0,0,0,0,0,1,
hat_usmc_boonie,{F72A8745457018B2}Prefabs/Characters/HeadGear/Hat_USMC_Boonie/Hat_USMC_Boonie.et,cash,25,12,0,0,0,0,0,1,
hat_usmc_boonie_comtac,{FE551345A4A69E3D}Prefabs/Characters/HeadGear/Hat_USMC_Boonie/Hat_USMC_Boonie_Comtac.et,cash,25,12,0,0,0,0,0,1,
hat_usmc_boonie_wd,{B8297DA9CC5BFDAA}Prefabs/Characters/HeadGear/Hat_USMC_Boonie/Hat_USMC_Boonie_WD.et,cash,25,12,0,0,0,0,0,1,
hat_usmc_boonie_wd_comtac,{7CA231DDB758BEAE}Prefabs/Characters/HeadGear/Hat_USMC_Boonie/Hat_USMC_Boonie_wd_Comtac.et,cash,25,12,0,0,0,0,0,1,
hat_vdv_beret,{F5347DE84CA1E3EE}Prefabs/Characters/HeadGear/Hat_VDV_Beret/Hat_VDV_Beret.et,cash,25,12,0,0,0,0,0,1,
hat_vkpo_cap,{94493910A15ECDC6}Prefabs/Characters/HeadGear/Hat_VKPO_Cap/Hat_VKPO_Cap.et,cash,25,12,0,0,0,0,0,1,
hat_zmijovkacap_01_black,{6BCAA9E5BC957693}Prefabs/Characters/HeadGear/Hat_ZmijovkaCap_01/Hat_ZmijovkaCap_01_black.et,cash,25,12,0,0,0,0,0,1,
hat_zmijovkacap_01_green,{6D225E61B31D513A}Prefabs/Characters/HeadGear/Hat_ZmijovkaCap_01/Hat_ZmijovkaCap_01_green.et,cash,25,12,0,0,0,0,0,1,
hat_zmijovkacap_01_red,{1B568A254D1E519B}Prefabs/Characters/HeadGear/Hat_ZmijovkaCap_01/Hat_ZmijovkaCap_01_red.et,cash,25,12,0,0,0,0,0,1,
headphones_6m2,{F8554F236521F974}Prefabs/Characters/HeadGear/Headphones_6M2/headphones_6m2.et,cash,200,100,0,0,0,0,0,1,
headphones_6m2-1,{150CBCB5E706F291}Prefabs/Characters/HeadGear/Headphones_6M2/Headphones_6M2-1.et,cash,200,100,0,0,0,0,0,1,
headphones_impact,{52BE66B6E343D441}Prefabs/Characters/HeadGear/Headphones_Impact/Headphones_Impact.et,cash,70,35,0,0,0,0,0,1,
headphones_liberator,{3FDA3C5B74681C25}Prefabs/Characters/HeadGear/Headphones_Sordin_Liberator/Headphones_liberator.et,cash,400,200,0,0,0,0,0,1,
headphones_peltor_black,{EB916F0BF524EF25}Prefabs/Characters/HeadGear/Headphones_Peltor/Headphones_Peltor_black.et,cash,600,300,0,0,0,0,0,1,
headphones_peltor_olive,{6D6ADA201AD4E09B}Prefabs/Characters/HeadGear/Headphones_Peltor/Headphones_Peltor_olive.et,cash,600,300,0,0,0,0,0,1,
headphones_peltor_yellow,{85D618A51C013F7A}Prefabs/Characters/HeadGear/Headphones_Peltor/Headphones_Peltor_yellow.et,cash,600,300,0,0,0,0,0,1,
headphones_sordin_base,{2162B5F1B9F5F6BB}Prefabs/Characters/HeadGear/Headphones_Sordin_Liberator/Headphones_Sordin_base.et,cash,400,200,0,0,0,0,0,1,
headphones_sordin_black,{63F1353AF0D18504}Prefabs/Characters/HeadGear/Headphones_Sordin_Liberator/Headphones_Sordin_black.et,cash,400,200,0,0,0,0,0,1,
mask_6b49_collar,{1D5FE5C1F89787E3}Prefabs/Characters/HeadGear/Mask_6B49/Mask_6b49_Collar.et,cash,150,75,0,0,0,0,0,1,
mask_6b49_mask,{09155AA4EB17612E}Prefabs/Characters/HeadGear/Mask_6B49/Mask_6b49_Mask.et,cash,150,75,0,0,0,0,0,1,
cp_g3_shirt_cola_baset_fulls_blk,{7B42DB891C879E3E}Prefabs/Characters/Uniforms/Shirt_CP_G3/BLACK_color/CP_G3_Shirt_ColA_BaseT_FullS_BLK.et,cash,230,115,0,0,0,0,0,1,
cp_g3_shirt_cola_baset_fulls_mc,{F894DB801742C052}Prefabs/Characters/Uniforms/Shirt_CP_G3/CP_G3_Shirt_ColA_BaseT_FullS_MC.et,cash,230,115,0,0,0,0,0,1,
cp_g3_shirt_cola_baset_fulls_mc_alp,{F6A294E243A34968}Prefabs/Characters/Uniforms/Shirt_CP_G3/MC_ALP_camo/CP_G3_Shirt_ColA_BaseT_FullS_MC_ALP.et,cash,230,115,0,0,0,0,0,1,
cp_g3_shirt_cola_baset_fulls_mc_blk,{61AE0C785CF06A8D}Prefabs/Characters/Uniforms/Shirt_CP_G3/MC_BLK_camo/CP_G3_Shirt_ColA_BaseT_FullS_MC_BLK.et,cash,230,115,0,0,0,0,0,1,
cp_g3_shirt_cola_baset_fulls_mc_trp,{B8512601C5450701}Prefabs/Characters/Uniforms/Shirt_CP_G3/MC_TRP_camo/CP_G3_Shirt_ColA_BaseT_FullS_MC_TRP.et,cash,230,115,0,0,0,0,0,1,
cp_g3_shirt_cola_baset_fulls_moh,{E9B03B5655F5A020}Prefabs/Characters/Uniforms/Shirt_CP_G3/MOH_camo/CP_G3_Shirt_ColA_BaseT_FullS_MOH.et,cash,230,115,0,0,0,0,0,1,
cp_g3_shirt_cola_baset_pushs_blk,{B2A1D31059A24138}Prefabs/Characters/Uniforms/Shirt_CP_G3/BLACK_color/CP_G3_Shirt_ColA_BaseT_PushS_BLK.et,cash,230,115,0,0,0,0,0,1,
cp_g3_shirt_cola_baset_pushs_mc,{23428DF912E6E1DF}Prefabs/Characters/Uniforms/Shirt_CP_G3/CP_G3_Shirt_ColA_BaseT_PushS_MC.et,cash,230,115,0,0,0,0,0,1,
cp_g3_shirt_cola_baset_pushs_mc_alp,{EFE9093D91DD758C}Prefabs/Characters/Uniforms/Shirt_CP_G3/MC_ALP_camo/CP_G3_Shirt_ColA_BaseT_PushS_MC_ALP.et,cash,230,115,0,0,0,0,0,1,
cp_g3_shirt_cola_baset_pushs_mc_blk,{78E591A78E8E5668}Prefabs/Characters/Uniforms/Shirt_CP_G3/MC_BLK_camo/CP_G3_Shirt_ColA_BaseT_PushS_MC_BLK.et,cash,230,115,0,0,0,0,0,1,
cp_g3_shirt_cola_baset_pushs_mc_trp,{A11ABBDE173B3BE5}Prefabs/Characters/Uniforms/Shirt_CP_G3/MC_TRP_camo/CP_G3_Shirt_ColA_BaseT_PushS_MC_TRP.et,cash,230,115,0,0,0,0,0,1,
cp_g3_shirt_cola_baset_pushs_moh,{205333CF10D07F26}Prefabs/Characters/Uniforms/Shirt_CP_G3/MOH_camo/CP_G3_Shirt_ColA_BaseT_PushS_MOH.et,cash,230,115,0,0,0,0,0,1,
cp_g3_shirt_cola_baset_rolls_blk,{D2739B55CBC71F99}Prefabs/Characters/Uniforms/Shirt_CP_G3/BLACK_color/CP_G3_Shirt_ColA_BaseT_RollS_BLK.et,cash,230,115,0,0,0,0,0,1,
cp_g3_shirt_cola_baset_rolls_mc,{7F453261721CCE10}Prefabs/Characters/Uniforms/Shirt_CP_G3/CP_G3_Shirt_ColA_BaseT_RollS_MC.et,cash,230,115,0,0,0,0,0,1,
cp_g3_shirt_cola_baset_rolls_mc_alp,{ACC98E682FCC816A}Prefabs/Characters/Uniforms/Shirt_CP_G3/MC_ALP_camo/CP_G3_Shirt_ColA_BaseT_RollS_MC_ALP.et,cash,230,115,0,0,0,0,0,1,
cp_g3_shirt_cola_baset_rolls_mc_blk,{3BC516F2309FA28E}Prefabs/Characters/Uniforms/Shirt_CP_G3/MC_BLK_camo/CP_G3_Shirt_ColA_BaseT_RollS_MC_BLK.et,cash,230,115,0,0,0,0,0,1,
cp_g3_shirt_cola_baset_rolls_mc_trp,{E23A3C8BA92ACF03}Prefabs/Characters/Uniforms/Shirt_CP_G3/MC_TRP_camo/CP_G3_Shirt_ColA_BaseT_RollS_MC_TRP.et,cash,230,115,0,0,0,0,0,1,
cp_g3_shirt_cola_baset_rolls_moh,{40817B8A82B52187}Prefabs/Characters/Uniforms/Shirt_CP_G3/MOH_camo/CP_G3_Shirt_ColA_BaseT_RollS_MOH.et,cash,230,115,0,0,0,0,0,1,
cp_g3_shirt_cola_outt_fulls_blk,{07209E9253AF215D}Prefabs/Characters/Uniforms/Shirt_CP_G3/BLACK_color/CP_G3_Shirt_ColA_OutT_FullS_BLK.et,cash,230,115,0,0,0,0,0,1,
cp_g3_shirt_cola_outt_fulls_mc,{BD397F40B7402C16}Prefabs/Characters/Uniforms/Shirt_CP_G3/CP_G3_Shirt_ColA_OutT_FullS_MC.et,cash,230,115,0,0,0,0,0,1,
cp_g3_shirt_cola_outt_fulls_mc_alp,{C1C93CD19684A13C}Prefabs/Characters/Uniforms/Shirt_CP_G3/MC_ALP_camo/CP_G3_Shirt_ColA_OutT_FullS_MC_ALP.et,cash,230,115,0,0,0,0,0,1,
cp_g3_shirt_cola_outt_fulls_mc_blk,{56C5A44B89D782D8}Prefabs/Characters/Uniforms/Shirt_CP_G3/MC_BLK_camo/CP_G3_Shirt_ColA_OutT_FullS_MC_BLK.et,cash,230,115,0,0,0,0,0,1,
cp_g3_shirt_cola_outt_fulls_mc_trp,{8F3A8E321062EF55}Prefabs/Characters/Uniforms/Shirt_CP_G3/MC_TRP_camo/CP_G3_Shirt_ColA_OutT_FullS_MC_TRP.et,cash,230,115,0,0,0,0,0,1,
cp_g3_shirt_cola_outt_fulls_moh,{95D27E4D1ADD1F43}Prefabs/Characters/Uniforms/Shirt_CP_G3/MOH_camo/CP_G3_Shirt_ColA_OutT_FullS_MOH.et,cash,230,115,0,0,0,0,0,1,
cp_g3_shirt_cola_outt_pushs_blk,{CEC3960B168AFE5B}Prefabs/Characters/Uniforms/Shirt_CP_G3/BLACK_color/CP_G3_Shirt_ColA_OutT_PushS_BLK.et,cash,230,115,0,0,0,0,0,1,
cp_g3_shirt_cola_outt_pushs_mc,{66EF2939B2E40D9B}Prefabs/Characters/Uniforms/Shirt_CP_G3/CP_G3_Shirt_ColA_OutT_PushS_MC.et,cash,230,115,0,0,0,0,0,1,
cp_g3_shirt_cola_outt_pushs_mc_alp,{D882A10E44FA9DD8}Prefabs/Characters/Uniforms/Shirt_CP_G3/MC_ALP_camo/CP_G3_Shirt_ColA_OutT_PushS_MC_ALP.et,cash,230,115,0,0,0,0,0,1,
cp_g3_shirt_cola_outt_pushs_mc_blk,{4F8E39945BA9BE3C}Prefabs/Characters/Uniforms/Shirt_CP_G3/MC_BLK_camo/CP_G3_Shirt_ColA_OutT_PushS_MC_BLK.et,cash,230,115,0,0,0,0,0,1,
cp_g3_shirt_cola_outt_pushs_mc_trp,{967113EDC21CD3B1}Prefabs/Characters/Uniforms/Shirt_CP_G3/MC_TRP_camo/CP_G3_Shirt_ColA_OutT_PushS_MC_TRP.et,cash,230,115,0,0,0,0,0,1,
cp_g3_shirt_cola_outt_pushs_moh,{5C3176D45FF8C045}Prefabs/Characters/Uniforms/Shirt_CP_G3/MOH_camo/CP_G3_Shirt_ColA_OutT_PushS_MOH.et,cash,230,115,0,0,0,0,0,1,
cp_g3_shirt_cola_outt_rolls_blk,{AE11DE4E84EFA0FA}Prefabs/Characters/Uniforms/Shirt_CP_G3/BLACK_color/CP_G3_Shirt_ColA_OutT_RollS_BLK.et,cash,230,115,0,0,0,0,0,1,
cp_g3_shirt_cola_outt_rolls_mc,{3AE896A1D21E2254}Prefabs/Characters/Uniforms/Shirt_CP_G3/CP_G3_Shirt_ColA_OutT_RollS_MC.et,cash,230,115,0,0,0,0,0,1,
cp_g3_shirt_cola_outt_rolls_mc_alp,{9BA2265BFAEB693E}Prefabs/Characters/Uniforms/Shirt_CP_G3/MC_ALP_camo/CP_G3_Shirt_ColA_OutT_RollS_MC_ALP.et,cash,230,115,0,0,0,0,0,1,
cp_g3_shirt_cola_outt_rolls_mc_blk,{0CAEBEC1E5B84ADA}Prefabs/Characters/Uniforms/Shirt_CP_G3/MC_BLK_camo/CP_G3_Shirt_ColA_OutT_RollS_MC_BLK.et,cash,230,115,0,0,0,0,0,1,
cp_g3_shirt_cola_outt_rolls_mc_trp,{D55194B87C0D2757}Prefabs/Characters/Uniforms/Shirt_CP_G3/MC_TRP_camo/CP_G3_Shirt_ColA_OutT_RollS_MC_TRP.et,cash,230,115,0,0,0,0,0,1,
cp_g3_shirt_cola_outt_rolls_moh,{3CE33E91CD9D9EE4}Prefabs/Characters/Uniforms/Shirt_CP_G3/MOH_camo/CP_G3_Shirt_ColA_OutT_RollS_MOH.et,cash,230,115,0,0,0,0,0,1,
field_jacket_vkpo,{03FF161D3AC1E1DF}Prefabs/Characters/Uniforms/VKPO/Field_Jacket_VKPO.et,cash,120,60,1,0,120,60,0,1,{C4D2963435559DD6}Prefabs/Characters/Uniforms/VKPO/Undershirt_Summer_VKPO.et
field_jacket_vkpo_vdv,{E8A33B1B5800D15D}Prefabs/Characters/Uniforms/VKPO/Field_Jacket_VKPO_VDV.et,cash,120,60,1,1,0,0,0,1,{5FF8FD9F421143C8}Prefabs/Characters/Uniforms/Shirt_Telnyashka/Telnyashka_collar_vkpo.et
flannel_shirt_blue_1,{228DBC831D3EDD65}Prefabs/Characters/Uniforms/Shirt_flannel/flannel_shirt_blue_1.et,cash,50,25,0,0,0,0,0,1,
flannel_shirt_brown_1,{DD9CB456376FB01F}Prefabs/Characters/Uniforms/Shirt_flannel/flannel_shirt_brown_1.et,cash,50,25,0,0,0,0,0,1,
flannel_shirt_green_1,{1F9B18BFD25D7119}Prefabs/Characters/Uniforms/Shirt_flannel/flannel_shirt_green_1.et,cash,50,25,0,0,0,0,0,1,
flannel_shirt_red_1,{0B1D9228473E05AF}Prefabs/Characters/Uniforms/Shirt_flannel/flannel_shirt_red_1.et,cash,50,25,0,0,0,0,0,1,
flannel_shirt_white_1,{C6A69BD0EC2CCF9F}Prefabs/Characters/Uniforms/Shirt_flannel/flannel_shirt_white_1.et,cash,50,25,0,0,0,0,0,1,
ion_casual_shirt_brand,{940ECDB0F69CBC5E}Prefabs/Characters/Uniforms/T_Shirts/ION_Shirt/ION_Casual_Shirt_Brand.et,cash,150,75,0,0,0,0,0,1,
ion_casual_shirt_tan,{FBB2874C06FA247F}Prefabs/Characters/Uniforms/T_Shirts/ION_Shirt/ION_Casual_Shirt_Tan.et,cash,150,75,0,0,0,0,0,1,
jacket_6b51_vkpo,{E05D8C4D2B36C8F3}Prefabs/Characters/Uniforms/Jacket_6b51_VKPO.et,cash,120,60,1,0,120,60,0,1,{34B3B2E5CC452F8A}Prefabs/Characters/Uniforms/VKPO/Undershirt_Demiseason_VKPO.et
jacket_crye_combat_shirt_aor2,{10D0A70AB04770B7}Prefabs/Characters/Uniforms/Crye_Shirt/Jacket_Crye_Combat_Shirt_AOR2.et,cash,230,115,0,0,0,0,0,1,
jacket_crye_combat_shirt_atacs,{A18238B56E378F4B}Prefabs/Characters/Uniforms/Crye_Shirt/Jacket_Crye_Combat_Shirt_ATACS.et,cash,230,115,0,0,0,0,0,1,
jacket_crye_combat_shirt_black,{E3CF7D0A9D08022E}Prefabs/Characters/Uniforms/Crye_Shirt/Jacket_Crye_Combat_Shirt_Black.et,cash,230,115,0,0,0,0,0,1,
jacket_crye_combat_shirt_m81,{59671155DDBAD871}Prefabs/Characters/Uniforms/Crye_Shirt/Jacket_Crye_Combat_Shirt_M81.et,cash,230,115,0,0,0,0,0,1,
jacket_crye_combat_shirt_marpat,{BCC6A98B87FC466A}Prefabs/Characters/Uniforms/Crye_Shirt/Jacket_Crye_Combat_Shirt_MARPAT.et,cash,230,115,0,0,0,0,0,1,
jacket_crye_combat_shirt_marpat_desert,{838CD1BD139E3451}Prefabs/Characters/Uniforms/Crye_Shirt/Jacket_Crye_Combat_Shirt_MARPAT_Desert.et,cash,230,115,0,0,0,0,0,1,
jacket_crye_combat_shirt_mc,{7BA7FF3E9F68960E}Prefabs/Characters/Uniforms/Crye_Shirt/Jacket_Crye_Combat_Shirt_MC.et,cash,230,115,0,0,0,0,0,1,
jacket_crye_combat_shirt_od,{82C659FB6237E828}Prefabs/Characters/Uniforms/Crye_Shirt/Jacket_Crye_Combat_Shirt_OD.et,cash,230,115,0,0,0,0,0,1,
jacket_crye_combat_shirt_rolled_aor2,{738817B8BFA36DE6}Prefabs/Characters/Uniforms/Crye_Shirt/Jacket_Crye_Combat_Shirt_Rolled_AOR2.et,cash,230,115,0,0,0,0,0,1,
jacket_crye_combat_shirt_rolled_atacs,{285C5B6CBBBBAF0F}Prefabs/Characters/Uniforms/Crye_Shirt/Jacket_Crye_Combat_Shirt_Rolled_ATACS.et,cash,230,115,0,0,0,0,0,1,
jacket_crye_combat_shirt_rolled_m81,{41F012511A395830}Prefabs/Characters/Uniforms/Crye_Shirt/Jacket_Crye_Combat_Shirt_Rolled_m81.et,cash,230,115,0,0,0,0,0,1,
jacket_crye_combat_shirt_rolled_marpat_arid,{4E24F68336AFD015}Prefabs/Characters/Uniforms/Crye_Shirt/Jacket_Crye_Combat_Shirt_Rolled_MARPAT_Arid.et,cash,230,115,0,0,0,0,0,1,
jacket_crye_combat_shirt_rolled_marpat_woodland,{CDAEDCACFA174F9E}Prefabs/Characters/Uniforms/Crye_Shirt/Jacket_Crye_Combat_Shirt_Rolled_MARPAT_Woodland.et,cash,230,115,0,0,0,0,0,1,
jacket_crye_combat_shirt_rolled_multicam,{E8EAD526CA6BCA16}Prefabs/Characters/Uniforms/Crye_Shirt/Jacket_Crye_Combat_Shirt_Rolled_multicam.et,cash,230,115,0,0,0,0,0,1,
jacket_crye_combat_shirt_rolled_od,{579FCFE0E2507CA2}Prefabs/Characters/Uniforms/Crye_Shirt/Jacket_Crye_Combat_Shirt_Rolled_OD.et,cash,230,115,0,0,0,0,0,1,
jacket_denim_01_brownshirt,{27162F1F6EE6581A}Prefabs/Characters/Uniforms/Jacket_Denim_01/Jacket_Denim_01_brownShirt.et,cash,80,40,0,0,0,0,0,1,
jacket_denim_01_strippedshirt,{EB0D74A43F74B522}Prefabs/Characters/Uniforms/Jacket_Denim_01/Jacket_Denim_01_strippedShirt.et,cash,80,40,0,0,0,0,0,1,
jacket_frog_combat_shirt,{1CF302A33F29FBEF}Prefabs/Characters/Uniforms/Jacket_FROG_Combat_Shirt.et,cash,80,40,0,0,0,0,0,1,
jacket_frog_combat_shirt_aor2,{3F8A43CF6BB9B0AD}Prefabs/Characters/Uniforms/Jacket_FROG_Combat_Shirt_AOR2.et,cash,80,40,0,0,0,0,0,1,
jacket_frog_combat_shirt_arid,{7A31BAAF2D74B8B4}Prefabs/Characters/Uniforms/Jacket_FROG_Combat_Shirt_Arid.et,cash,80,40,0,0,0,0,0,1,
jacket_frog_combat_shirt_mc,{78180B3051B22DAC}Prefabs/Characters/Uniforms/Jacket_FROG_Combat_Shirt_MC.et,cash,80,40,0,0,0,0,0,1,
jacket_kzs,{F1E29085C62F0D55}Prefabs/Characters/Uniforms/Jacket_KZS/Jacket_KZS.et,cash,80,40,0,0,0,0,0,1,
jacket_m70,{BBA08EC4EC40FA94}Prefabs/Characters/Uniforms/Jacket_M70.et,cash,80,40,0,0,0,0,0,1,
jacket_m88,{9F546CCA2582D16F}Prefabs/Characters/Uniforms/Jacket_M88.et,cash,80,40,0,0,0,0,0,1,
jacket_m88_flora,{A51A7FB179F6D9A0}Prefabs/Characters/Uniforms/Jacket_M88_Flora.et,cash,80,40,0,0,0,0,0,1,
jacket_m88_rolledup,{D262D2102B9931C6}Prefabs/Characters/Uniforms/Jacket_M88_rolledup.et,cash,80,40,0,0,0,0,0,1,
jacket_m88_rolledup_ttsko,{F6C7806DBBF26C50}Prefabs/Characters/Uniforms/Jacket_M88_rolledup_TTsKO.et,cash,80,40,0,0,0,0,0,1,
jacket_m88_ttsko,{ED9FFC8C35C98B8B}Prefabs/Characters/Uniforms/Jacket_M88_TTsKO.et,cash,80,40,0,0,0,0,0,1,
jacket_m88_vsr,{D7402E3D0399FF54}Prefabs/Characters/Uniforms/Jacket_M88_VSR.et,cash,80,40,0,0,0,0,0,1,
jacket_pilot_ussr_01,{6835DAF42A09E23C}Prefabs/Characters/Uniforms/Jacket_Pilot_USSR_01/Jacket_Pilot_USSR_01.et,cash,80,40,0,0,0,0,0,1,
jacket_raincoat_01_green,{7F1451790F3D75BD}Prefabs/Characters/Uniforms/Jacket_Raincoat_01/Jacket_Raincoat_01_green.et,cash,80,40,0,0,0,0,0,1,
jacket_raincoat_01_orange,{690819A92A3A8D14}Prefabs/Characters/Uniforms/Jacket_Raincoat_01/Jacket_Raincoat_01_orange.et,cash,80,40,0,0,0,0,0,1,
jacket_raincoat_01_yellow,{FD39B0B833BB927E}Prefabs/Characters/Uniforms/Jacket_Raincoat_01/Jacket_Raincoat_01_yellow.et,cash,80,40,0,0,0,0,0,1,
jacket_suit_01_black_v1,{AE93D885FDF713D4}Prefabs/Characters/Uniforms/Jacket_Suit_01/Jacket_Suit_01_black_V1.et,cash,300,150,0,0,0,0,0,1,
jacket_suit_01_brown_v1,{52AB6EC3FE535303}Prefabs/Characters/Uniforms/Jacket_Suit_01/Jacket_Suit_01_Brown_V1.et,cash,300,150,0,0,0,0,0,1,
jacket_suit_01_grey_v1,{E652D625A46A00FC}Prefabs/Characters/Uniforms/Jacket_Suit_01/Jacket_Suit_01_Grey_V1.et,cash,300,150,0,0,0,0,0,1,
jacket_tanker_ussr_01,{78C9B02C0CBD594C}Prefabs/Characters/Uniforms/Jacket_Tanker_USSR_01/Jacket_Tanker_USSR_01.et,cash,80,40,0,0,0,0,0,1,
jacket_taz83_01,{CC2BAD4EACC9B2CA}Prefabs/Characters/Uniforms/Jacket_TAZ83/Jacket_TAZ83_01.et,cash,80,40,0,0,0,0,0,1,
jacket_us_bdu,{C7861F11D5334C0E}Prefabs/Characters/Uniforms/Jacket_US_BDU.et,cash,80,40,0,0,0,0,0,1,
jacket_us_bdu_02,{293F577C298061E3}Prefabs/Characters/Uniforms/Jacket_US_BDU_02.et,cash,80,40,0,0,0,0,0,1,
jacket_us_bdu_rolledup,{3CCA7A9BB4FD3197}Prefabs/Characters/Uniforms/Jacket_US_BDU_rolledup.et,cash,80,40,0,0,0,0,0,1,
jacket_us_bdu_rolledup_02,{A080C1AEBF921DC4}Prefabs/Characters/Uniforms/Jacket_US_BDU_rolledup_02.et,cash,80,40,0,0,0,0,0,1,
jacket_us_bdu_rolledup_tigerstripe,{86BBBEFE6A2F7B5A}Prefabs/Characters/Uniforms/Jacket_US_BDU_rolledup_TigerStripe.et,cash,80,40,0,0,0,0,0,1,
jacket_us_bdu_tigerstripe,{3D17E4FA8F819ECD}Prefabs/Characters/Uniforms/Jacket_US_BDU_TigerStripe.et,cash,80,40,0,0,0,0,0,1,
jacket_vkpo,{45990536E93CA54A}Prefabs/Characters/Uniforms/Jacket_VKPO.et,cash,120,60,1,0,120,60,0,1,{34B3B2E5CC452F8A}Prefabs/Characters/Uniforms/VKPO/Undershirt_Demiseason_VKPO.et
jacket_waffletop,{43C6129204623BF0}Prefabs/Characters/Uniforms/Jacket_Waffletop/Jacket_Waffletop.et,cash,80,40,0,0,0,0,0,1,
night_parka_black1,{EC0E9011A76BD495}Prefabs/Characters/Uniforms/Parka_Night/Night_parka_black1.et,cash,200,100,0,0,0,0,0,1,
night_parka_desert_green,{F1E1FF2B664E2C84}Prefabs/Characters/Uniforms/Parka_Night/Night_parka_desert_green.et,cash,200,100,0,0,0,0,0,1,
night_parka_gray,{43D3F2BFF748F676}Prefabs/Characters/Uniforms/Parka_Night/Night_parka_gray.et,cash,200,100,0,0,0,0,0,1,
night_parka_ion1,{1041CDB35E2006FA}Prefabs/Characters/Uniforms/Parka_Night/Night_parka_ion1.et,cash,200,100,0,0,0,0,0,1,
night_parka_ion2,{9085DD1F36E4F876}Prefabs/Characters/Uniforms/Parka_Night/Night_parka_ion2.et,cash,200,100,0,0,0,0,0,1,
night_parka_ion3,{751991E63A016F1D}Prefabs/Characters/Uniforms/Parka_Night/Night_parka_ion3.et,cash,200,100,0,0,0,0,0,1,
night_parka_ion4,{482DB4DE4F6DE62A}Prefabs/Characters/Uniforms/Parka_Night/Night_parka_ion4.et,cash,200,100,0,0,0,0,0,1,
night_parka_navyblue,{61C8AE257C7545A9}Prefabs/Characters/Uniforms/Parka_Night/Night_parka_navyblue.et,cash,200,100,0,0,0,0,0,1,
night_parka_red,{865781F8DB087F09}Prefabs/Characters/Uniforms/Parka_Night/Night_parka_red.et,cash,200,100,0,0,0,0,0,1,
night_parka_white,{5847EADDB5093FE7}Prefabs/Characters/Uniforms/Parka_Night/Night_parka_white.et,cash,200,100,0,0,0,0,0,1,
shirt_cottonshirt_01_v1,{D0C27D8DB0CC73D9}Prefabs/Characters/Uniforms/Shirt_CottonShirt_01/Shirt_CottonShirt_01_V1.et,cash,50,25,0,0,0,0,0,1,
shirt_cottonshirt_01_v2,{86E0117B630414B5}Prefabs/Characters/Uniforms/Shirt_CottonShirt_01/Shirt_CottonShirt_01_V2.et,cash,50,25,0,0,0,0,0,1,
shirt_cottonshirt_01_v3,{637C5D826FE183DE}Prefabs/Characters/Uniforms/Shirt_CottonShirt_01/Shirt_CottonShirt_01_V3.et,cash,50,25,0,0,0,0,0,1,
shirt_cottonshirt_01_v4,{5E4878BA1A8D0AE9}Prefabs/Characters/Uniforms/Shirt_CottonShirt_01/Shirt_CottonShirt_01_V4.et,cash,50,25,0,0,0,0,0,1,
shirt_cottonshirt_01_v5,{BBD4344316689D82}Prefabs/Characters/Uniforms/Shirt_CottonShirt_01/Shirt_CottonShirt_01_V5.et,cash,50,25,0,0,0,0,0,1,
shirt_cottonshirt_01_v6,{D78000A3AAAC12AC}Prefabs/Characters/Uniforms/Shirt_CottonShirt_01/Shirt_CottonShirt_01_V6.et,cash,50,25,0,0,0,0,0,1,
shirt_turtleneck_01_beige,{50F8B1F928F93ABD}Prefabs/Characters/Uniforms/Shirt_Turtleneck_01/Shirt_Turtleneck_01_beige.et,cash,50,25,0,0,0,0,0,1,
shirt_turtleneck_01_beige_dirty,{3C44AF5729CA80AB}Prefabs/Characters/Uniforms/Shirt_Turtleneck_01/Shirt_Turtleneck_01_beige_Dirty.et,cash,50,25,0,0,0,0,0,1,
shirt_turtleneck_01_darkblue,{6A3F994EFFE22995}Prefabs/Characters/Uniforms/Shirt_Turtleneck_01/Shirt_Turtleneck_01_DarkBlue.et,cash,50,25,0,0,0,0,0,1,
shirt_turtleneck_01_grey,{B0F4EAC29E9058EA}Prefabs/Characters/Uniforms/Shirt_Turtleneck_01/Shirt_Turtleneck_01_grey.et,cash,50,25,0,0,0,0,0,1,
suit_klmk,{CF221A167DE87E57}Prefabs/Characters/Uniforms/Suit_KLMK/Suit_KLMK.et,cash,80,40,0,0,0,0,0,1,
suit_pilot_us_01,{B137B7CE988557D2}Prefabs/Characters/Uniforms/Suit_Pilot_US_01/Suit_Pilot_US_01.et,cash,400,200,0,0,0,0,0,1,
suit_tanker_us_01,{1D99585CF8E34D91}Prefabs/Characters/Uniforms/Suit_Tanker_US_01/Suit_Tanker_US_01.et,cash,300,150,0,0,0,0,0,1,
telnyashka_base,{AE499BA64BCFACB4}Prefabs/Characters/Uniforms/Shirt_Telnyashka/Telnyashka_base.et,cash,50,25,0,0,0,0,0,1,
triada_combat_shirt,{385BD8C6F68644CF}Prefabs/Characters/Uniforms/VKPO/Triada_Combat_Shirt.et,cash,120,60,0,0,0,0,0,1,
triada_combat_shirt_emr,{71994C074722FD7E}Prefabs/Characters/Uniforms/VKPO/Triada_Combat_Shirt_EMR.et,cash,120,60,0,0,0,0,0,1,
undershirt_demiseason_vkpo,{34B3B2E5CC452F8A}Prefabs/Characters/Uniforms/VKPO/Undershirt_Demiseason_VKPO.et,cash,120,60,0,0,0,0,0,1,
undershirt_summer_vkpo,{C4D2963435559DD6}Prefabs/Characters/Uniforms/VKPO/Undershirt_Summer_VKPO.et,cash,120,60,0,0,0,0,0,1,
undershirt_vkpo,{BB68DC18E1C571D8}Prefabs/Characters/Uniforms/VKPO/Undershirt_VKPO.et,cash,120,60,0,0,0,0,0,1,
bdu_pants_atacs,{B29BC5B07E28DEE9}Prefabs/Characters/Uniforms/BDU_Pants/BDU_PANTS_ATACS.et,cash,80,40,0,0,0,0,0,1,
bdu_pants_od,{820D1188C5C177C5}Prefabs/Characters/Uniforms/BDU_Pants/BDU_PANTS_OD.et,cash,80,40,0,0,0,0,0,1,
cp_g3_pants_kpadsg2_blk,{6F0273F0DB1AAECE}Prefabs/Characters/Uniforms/Pants_CP_G3/BLACK_color/CP_G3_Pants_KpadsG2_BLK.et,cash,320,160,0,0,0,0,0,1,
cp_g3_pants_kpadsg2_mc,{BC13AD4C3E6173AF}Prefabs/Characters/Uniforms/Pants_CP_G3/CP_G3_Pants_KpadsG2_MC.et,cash,320,160,0,0,0,0,0,1,
cp_g3_pants_kpadsg2_mc_alp,{4B7130A2C2E1261A}Prefabs/Characters/Uniforms/Pants_CP_G3/MC_ALP_camo/CP_G3_Pants_kpadsG2_MC_ALP.et,cash,320,160,0,0,0,0,0,1,
cp_g3_pants_kpadsg2_mc_arid,{BC7059ED7BF7664B}Prefabs/Characters/Uniforms/Pants_CP_G3/MC_ARID_camo/CP_G3_Pants_KpadsG2_MC_ARID.et,cash,320,160,0,0,0,0,0,1,
cp_g3_pants_kpadsg2_mc_blk,{DC7DA838DDB205FE}Prefabs/Characters/Uniforms/Pants_CP_G3/MC_BLK_camo/CP_G3_Pants_KpadsG2_MC_BLK.et,cash,320,160,0,0,0,0,0,1,
cp_g3_pants_kpadsg2_mc_trp,{0582824144076873}Prefabs/Characters/Uniforms/Pants_CP_G3/MC_TRP_camo/CP_G3_Pants_KpadsG2_MC_TRP.et,cash,320,160,0,0,0,0,0,1,
cp_g3_pants_kpadsg2_moh,{FDF0932F926890D0}Prefabs/Characters/Uniforms/Pants_CP_G3/MOH_camo/CP_G3_Pants_KpadsG2_MOH.et,cash,320,160,0,0,0,0,0,1,
cp_g3_pants_kpadsg3_blk,{014F4DA9EE7B4046}Prefabs/Characters/Uniforms/Pants_CP_G3/BLACK_color/CP_G3_Pants_KpadsG3_BLK.et,cash,320,160,0,0,0,0,0,1,
cp_g3_pants_kpadsg3_mc,{7BDF3DD1CB3730A3}Prefabs/Characters/Uniforms/Pants_CP_G3/CP_G3_Pants_KpadsG3_MC.et,cash,320,160,0,0,0,0,0,1,
cp_g3_pants_kpadsg3_mc_alp,{933D729AF7E2E98E}Prefabs/Characters/Uniforms/Pants_CP_G3/MC_ALP_camo/CP_G3_Pants_kpadsG3_MC_ALP.et,cash,320,160,0,0,0,0,0,1,
cp_g3_pants_kpadsg3_mc_arid,{289632786302FBF8}Prefabs/Characters/Uniforms/Pants_CP_G3/MC_ARID_camo/CP_G3_Pants_KpadsG3_MC_ARID.et,cash,320,160,0,0,0,0,0,1,
cp_g3_pants_kpadsg3_mc_blk,{0431EA00E8B1CA6A}Prefabs/Characters/Uniforms/Pants_CP_G3/MC_BLK_camo/CP_G3_Pants_KpadsG3_MC_BLK.et,cash,320,160,0,0,0,0,0,1,
cp_g3_pants_kpadsg3_mc_trp,{DDCEC0797104A7E7}Prefabs/Characters/Uniforms/Pants_CP_G3/MC_TRP_camo/CP_G3_Pants_KpadsG3_MC_TRP.et,cash,320,160,0,0,0,0,0,1,
cp_g3_pants_kpadsg3_moh,{93BDAD76A7097E58}Prefabs/Characters/Uniforms/Pants_CP_G3/MOH_camo/CP_G3_Pants_KpadsG3_MOH.et,cash,320,160,0,0,0,0,0,1,
cp_g3_pants_kpadsg4_blk,{485C17CDCDB4FF6D}Prefabs/Characters/Uniforms/Pants_CP_G3/BLACK_color/CP_G3_Pants_KpadsG4_BLK.et,cash,320,160,0,0,0,0,0,1,
cp_g3_pants_kpadsg4_mc,{A9590DD7524094A1}Prefabs/Characters/Uniforms/Pants_CP_G3/CP_G3_Pants_KpadsG4_MC.et,cash,320,160,0,0,0,0,0,1,
cp_g3_pants_kpadsg4_mc_alp,{1F397FE52F3DEA44}Prefabs/Characters/Uniforms/Pants_CP_G3/MC_ALP_camo/CP_G3_Pants_KpadsG4_MC_ALP.et,cash,320,160,0,0,0,0,0,1,
cp_g3_pants_kpadsg4_mc_arid,{013402AFD3F47054}Prefabs/Characters/Uniforms/Pants_CP_G3/MC_ARID_camo/CP_G3_Pants_KpadsG4_MC_ARID.et,cash,320,160,0,0,0,0,0,1,
cp_g3_pants_kpadsg4_mc_blk,{8835E77F306EC9A0}Prefabs/Characters/Uniforms/Pants_CP_G3/MC_BLK_camo/CP_G3_Pants_KpadsG4_MC_BLK.et,cash,320,160,0,0,0,0,0,1,
cp_g3_pants_kpadsg4_mc_trp,{51CACD06A9DBA42D}Prefabs/Characters/Uniforms/Pants_CP_G3/MC_TRP_camo/CP_G3_Pants_KpadsG4_MC_TRP.et,cash,320,160,0,0,0,0,0,1,
cp_g3_pants_kpadsg4_moh,{DAAEF71284C6C173}Prefabs/Characters/Uniforms/Pants_CP_G3/MOH_camo/CP_G3_Pants_KpadsG4_MOH.et,cash,320,160,0,0,0,0,0,1,
cp_g3_pants_kpadssp_blk,{0B14BC25908C4570}Prefabs/Characters/Uniforms/Pants_CP_G3/BLACK_color/CP_G3_Pants_KpadsSP_BLK.et,cash,320,160,0,0,0,0,0,1,
cp_g3_pants_kpadssp_mc_alp,{BED6DF5A715CBFFA}Prefabs/Characters/Uniforms/Pants_CP_G3/MC_ALP_camo/CP_G3_Pants_kpadsSP_MC_ALP.et,cash,320,160,0,0,0,0,0,1,
cp_g3_pants_kpadssp_mc_arid,{96E4482547BA87D4}Prefabs/Characters/Uniforms/Pants_CP_G3/MC_ARID_camo/CP_G3_Pants_KpadsSP_MC_ARID.et,cash,320,160,0,0,0,0,0,1,
cp_g3_pants_kpadssp_mc_blk,{29DA47C06E0F9C1E}Prefabs/Characters/Uniforms/Pants_CP_G3/MC_BLK_camo/CP_G3_Pants_KpadsSP_MC_BLK.et,cash,320,160,0,0,0,0,0,1,
cp_g3_pants_kpadssp_mc_trp,{F0256DB9F7BAF193}Prefabs/Characters/Uniforms/Pants_CP_G3/MC_TRP_camo/CP_G3_Pants_KpadsSP_MC_TRP.et,cash,320,160,0,0,0,0,0,1,
cp_g3_pants_kpadssp_moh,{99E65CFAD9FE7B6E}Prefabs/Characters/Uniforms/Pants_CP_G3/MOH_camo/CP_G3_Pants_KpadsSP_MOH.et,cash,320,160,0,0,0,0,0,1,
cp_g3_pants_no_kpads_blk,{E2407EADE71EAE47}Prefabs/Characters/Uniforms/Pants_CP_G3/BLACK_color/CP_G3_Pants_no_kpads_BLK.et,cash,320,160,0,0,0,0,0,1,
cp_g3_pants_no_kpads_mc,{5FB97B757511D4AA}Prefabs/Characters/Uniforms/Pants_CP_G3/CP_G3_Pants_no_kpads_MC.et,cash,320,160,0,0,0,0,0,1,
cp_g3_pants_no_kpads_mc_alp,{E9316D5E26AABD70}Prefabs/Characters/Uniforms/Pants_CP_G3/MC_ALP_camo/CP_G3_Pants_no_kpads_MC_ALP.et,cash,320,160,0,0,0,0,0,1,
cp_g3_pants_no_kpads_mc_arid,{434C72E13F491E7E}Prefabs/Characters/Uniforms/Pants_CP_G3/MC_ARID_camo/CP_G3_Pants_no_kpads_MC_ARID.et,cash,320,160,0,0,0,0,0,1,
cp_g3_pants_no_kpads_mc_blk,{7E3DF5C439F99E94}Prefabs/Characters/Uniforms/Pants_CP_G3/MC_BLK_camo/CP_G3_Pants_no_kpads_MC_BLK.et,cash,320,160,0,0,0,0,0,1,
cp_g3_pants_no_kpads_mc_trp,{A7C2DFBDA04CF319}Prefabs/Characters/Uniforms/Pants_CP_G3/MC_TRP_camo/CP_G3_Pants_no_kpads_MC_TRP.et,cash,320,160,0,0,0,0,0,1,
cp_g3_pants_no_kpads_moh,{70B29E72AE6C9059}Prefabs/Characters/Uniforms/Pants_CP_G3/MOH_camo/CP_G3_Pants_no_kpads_MOH.et,cash,320,160,0,0,0,0,0,1,
field_pants_vkpo,{8EF93CC5575CFD4B}Prefabs/Characters/Uniforms/VKPO/Field_Pants_VKPO.et,cash,100,50,0,0,0,0,0,1,
pants_6b51_vkpo,{738798231DAF3078}Prefabs/Characters/Uniforms/Pants_6b51_VKPO.et,cash,100,50,0,0,0,0,0,1,
pants_fisherman_01_green,{0B1F0174869E0351}Prefabs/Characters/Uniforms/Pants_Fisherman_01/Pants_Fisherman_01_green.et,cash,50,25,0,0,0,0,0,1,
pants_fisherman_01_orange,{5B29F970DC4022D5}Prefabs/Characters/Uniforms/Pants_Fisherman_01/Pants_Fisherman_01_orange.et,cash,50,25,0,0,0,0,0,1,
pants_fisherman_01_yellow,{CF185061C5C13DBF}Prefabs/Characters/Uniforms/Pants_Fisherman_01/Pants_Fisherman_01_yellow.et,cash,50,25,0,0,0,0,0,1,
pants_frog_trousers,{76D80043D6BFFB57}Prefabs/Characters/Uniforms/Pants_FROG_Trousers.et,cash,50,25,0,0,0,0,0,1,
pants_frog_trousers_aor2,{B3123B204D2C0BFD}Prefabs/Characters/Uniforms/Pants_FROG_Trousers_AOR2.et,cash,50,25,0,0,0,0,0,1,
pants_frog_trousers_arid,{F6A9C2400BE103E4}Prefabs/Characters/Uniforms/Pants_FROG_Trousers_Arid.et,cash,50,25,0,0,0,0,0,1,
pants_frog_trousers_mc,{7824F6BA0A92A8DC}Prefabs/Characters/Uniforms/Pants_FROG_Trousers_MC.et,cash,50,25,0,0,0,0,0,1,
pants_kzs,{5E17C1AE66A6FF00}Prefabs/Characters/Uniforms/Pants_KZS/Pants_KZS.et,cash,80,40,0,0,0,0,0,1,
pants_m70,{06BC3F18B47799AE}Prefabs/Characters/Uniforms/Pants_M70.et,cash,50,25,0,0,0,0,0,1,
pants_m88,{DCF980831E880F6A}Prefabs/Characters/Uniforms/Pants_M88.et,cash,50,25,0,0,0,0,0,1,
pants_m88_flora,{0C37C8742F78CDA9}Prefabs/Characters/Uniforms/Pants_M88_Flora.et,cash,50,25,0,0,0,0,0,1,
pants_m88_ttsko,{7E45E8E203507300}Prefabs/Characters/Uniforms/Pants_M88_TTsKO.et,cash,50,25,0,0,0,0,0,1,
pants_m88_vsr,{AE4A4446787BFB2D}Prefabs/Characters/Uniforms/Pants_M88_VSR.et,cash,50,25,0,0,0,0,0,1,
pants_pilot_ussr_01,{83DFA8F68CA40B10}Prefabs/Characters/Uniforms/Pants_Pilot_USSR_01/Pants_Pilot_USSR_01.et,cash,80,40,0,0,0,0,0,1,
pants_pilot_ussr_01_tucked,{6B7F32F1F8A191B0}Prefabs/Characters/Uniforms/Pants_Pilot_USSR_01/Pants_Pilot_USSR_01_tucked.et,cash,80,40,0,0,0,0,0,1,
pants_suit_01_black_v1,{1A65EADE4B08583E}Prefabs/Characters/Uniforms/Pants_Suit_01/Pants_Suit_01_black_V1.et,cash,150,75,0,0,0,0,0,1,
pants_suit_01_brown_v1,{E65D5C9848AC18E9}Prefabs/Characters/Uniforms/Pants_Suit_01/Pants_Suit_01_brown_V1.et,cash,150,75,0,0,0,0,0,1,
pants_suit_01_grey_v1,{401072A652DD9849}Prefabs/Characters/Uniforms/Pants_Suit_01/Pants_Suit_01_grey_V1.et,cash,150,75,0,0,0,0,0,1,
pants_tanker_ussr_01,{27494A16F172A97B}Prefabs/Characters/Uniforms/Pants_Tanker_USSR_01/Pants_Tanker_USSR_01.et,cash,50,25,0,0,0,0,0,1,
pants_tanker_ussr_01_tucked,{DC91A67E1074AAC0}Prefabs/Characters/Uniforms/Pants_Tanker_USSR_01/Pants_Tanker_USSR_01_tucked.et,cash,50,25,0,0,0,0,0,1,
pants_taz83_01,{27364244288DA83B}Prefabs/Characters/Uniforms/Pants_TAZ83/Pants_TAZ83_01.et,cash,50,25,0,0,0,0,0,1,
pants_trousers_01_darkbrown,{6925E6C63EBCF623}Prefabs/Characters/Uniforms/Pants_Trousers_01/Pants_Trousers_01_DarkBrown.et,cash,50,25,0,0,0,0,0,1,
pants_trousers_01_darkgrey,{5A8C9A020BD7ABA6}Prefabs/Characters/Uniforms/Pants_Trousers_01/Pants_Trousers_01_DarkGrey.et,cash,50,25,0,0,0,0,0,1,
pants_trousers_01_darkgrey_dirty,{537FD11C135757AC}Prefabs/Characters/Uniforms/Pants_Trousers_01/Pants_Trousers_01_DarkGrey_Dirty.et,cash,50,25,0,0,0,0,0,1,
pants_trousers_01_lightbrown,{65B7093231FBF67E}Prefabs/Characters/Uniforms/Pants_Trousers_01/Pants_Trousers_01_LightBrown.et,cash,50,25,0,0,0,0,0,1,
pants_us_bdu,{604BB72BE8E023C2}Prefabs/Characters/Uniforms/Pants_US_BDU.et,cash,50,25,0,0,0,0,0,1,
pants_us_bdu_tigerstripe,{C6BE0A871E7DE807}Prefabs/Characters/Uniforms/Pants_US_BDU_TigerStripe.et,cash,50,25,0,0,0,0,0,1,
pants_us_m65,{86BB79B9A2233780}Prefabs/Characters/Uniforms/Pants_US_M65.et,cash,50,25,0,0,0,0,0,1,
pants_vkpo,{36C06BDF4F6F212B}Prefabs/Characters/Uniforms/Pants_VKPO.et,cash,100,50,0,0,0,0,0,1,
triada_combat_pants,{BBD789333ED8052C}Prefabs/Characters/Uniforms/VKPO/Triada_Combat_Pants.et,cash,100,50,0,0,0,0,0,1,
triada_combat_pants_emr,{727037C2C61797A8}Prefabs/Characters/Uniforms/VKPO/Triada_Combat_Pants_EMR.et,cash,100,50,0,0,0,0,0,1,
undershorts_vkpo,{CB0BD640ADB46F26}Prefabs/Characters/Uniforms/VKPO/Undershorts_VKPO.et,cash,100,50,0,0,0,0,0,1,
combatboots_soviet_01,{C7923961D7235D70}Prefabs/Characters/Footwear/CombatBoots_Soviet_01.et,cash,120,60,0,0,0,0,0,1,
combatboots_soviet_01_dirty,{4C6029AB8BF5C044}Prefabs/Characters/Footwear/CombatBoots_Soviet_01_Dirty.et,cash,120,60,0,0,0,0,0,1,
combatboots_us_01,{DAAFD15478BDE1C3}Prefabs/Characters/Footwear/CombatBoots_US_01.et,cash,120,60,0,0,0,0,0,1,
footware_faradey_1085,{AB9E3D5524876346}Prefabs/Characters/Footwear/Boots_Faradey_1085/Footware_Faradey_1085.et,cash,200,100,0,0,0,0,0,1,
footware_faradey_906,{7C828AB80ED1D9B0}Prefabs/Characters/Footwear/Boots_Faradey_906/Footware_Faradey_906.et,cash,200,100,0,0,0,0,0,1,
footwear_altama,{64B94D8A4D92A4BD}Prefabs/Characters/Footwear/Boots_Altama/Footwear_Altama.et,cash,140,70,0,0,0,0,0,1,
footwear_altama_boots,{660952F979E8EBF2}Prefabs/Characters/Footwear/Boots_solomon_ultra_x/Footwear_Altama_Boots.et,cash,250,125,0,0,0,0,0,1,
footwear_bct,{934C7275AC865817}Prefabs/Characters/Footwear/Boots_BCT/Footwear_BCT.et,cash,120,60,0,0,0,0,0,1,
footwear_luma,{24F6795DC36C79D7}Prefabs/Characters/Footwear/Boots_Luma/Footwear_Luma.et,cash,120,60,0,0,0,0,0,1,
footwear_rocky_sv2,{21B331B5FA807997}Prefabs/Characters/Footwear/Boots_Rocky_SV2/Footwear_Rocky_SV2.et,cash,190,95,0,0,0,0,0,1,
footwear_salomon,{057E63449502EBCA}Prefabs/Characters/Footwear/Boots_Salomon/Footwear_Salomon.et,cash,250,125,0,0,0,0,0,1,
footwear_usmc_combat,{320FA1CD5B1D5601}Prefabs/Characters/Footwear/Boots_USMC_Combat/Footwear_USMC_Combat.et,cash,180,90,0,0,0,0,0,1,
gloves_leather_01,{4F71E7468E78DDD2}Prefabs/Characters/Handwear/Gloves_Leather_01/Gloves_Leather_01.et,cash,40,20,0,0,0,0,0,1,
gloves_mpack_blk,{8D4A4DF9111F0682}Prefabs/Characters/Handwear/Gloves_MechanixMpact/Gloves_mpack_Blk.et,cash,35,17,0,0,0,0,0,1,
gloves_mpack_brown,{1E991CD19C6F7659}Prefabs/Characters/Handwear/Gloves_MechanixMpact/Gloves_mpack_Brown.et,cash,35,17,0,0,0,0,0,1,
gloves_mpack_covert,{ABB779CFC2E11E89}Prefabs/Characters/Handwear/Gloves_MechanixMpact/Gloves_mpack_Covert.et,cash,35,17,0,0,0,0,0,1,
gloves_mpack_coyote,{4E37FE174E8C266C}Prefabs/Characters/Handwear/Gloves_MechanixMpact/Gloves_mpack_Coyote.et,cash,35,17,0,0,0,0,0,1,
gloves_mpack_mc,{B9FA26F5990CDEDD}Prefabs/Characters/Handwear/Gloves_MechanixMpact/Gloves_mpack_MC.et,cash,35,17,0,0,0,0,0,1,
gloves_mpack_wolfgrey,{974EA340B1751B24}Prefabs/Characters/Handwear/Gloves_MechanixMpact/Gloves_mpack_WolfGrey.et,cash,35,17,0,0,0,0,0,1,
gloves_pilot_us_01,{D19C474FA0F42CC4}Prefabs/Characters/Handwear/Gloves_Pilot_US_01/Gloves_Pilot_US_01.et,cash,70,35,0,0,0,0,0,1,
gloves_wool_01,{8266820FFDE17477}Prefabs/Characters/Handwear/Gloves_Wool_01/Gloves_Wool_01.et,cash,15,7,0,0,0,0,0,1,
jungleboots_01,{203EEA924B049EF1}Prefabs/Characters/Footwear/JungleBoots_01/JungleBoots_01.et,cash,120,60,0,0,0,0,0,1,
tankerboots_us_01,{F05A35BCC44BE9FC}Prefabs/Characters/Footwear/TankerBoots_US_01/TankerBoots_US_01.et,cash,120,60,0,0,0,0,0,1,
destructiblearmorplate_6b45_granit_back,{1486E991C03BE661}Prefabs/Characters/Vests/Vest_Ratnik_6B45/Plates/DestructibleArmorPlate_6B45_Granit_Back.et,cash,300,150,0,0,0,0,0,1,
destructiblearmorplate_6b45_granit_front,{FF692FD5AFD43076}Prefabs/Characters/Vests/Vest_Ratnik_6B45/Plates/DestructibleArmorPlate_6B45_Granit_Front.et,cash,300,150,0,0,0,0,0,1,
destructiblearmorplate_pcgeniii_esapirevj_back,{1B4129A0C0C752A3}Prefabs/Characters/Vests/Vest_PCGen_III/Plates/DestructibleArmorPlate_PCGenIII_ESAPIrevJ_Back.et,cash,800,400,0,0,0,0,0,1,
destructiblearmorplate_pcgeniii_esapirevj_front,{88E31AB238FFCB0A}Prefabs/Characters/Vests/Vest_PCGen_III/Plates/DestructibleArmorPlate_PCGenIII_ESAPIrevJ_Front.et,cash,800,400,0,0,0,0,0,1,
destructiblearmorplate_pcgeniii_esapirevj_left,{9ADA1F5B703C1980}Prefabs/Characters/Vests/Vest_PCGen_III/Plates/DestructibleArmorPlate_PCGenIII_ESAPIrevJ_Left.et,cash,800,400,0,0,0,0,0,1,
destructiblearmorplate_pcgeniii_esapirevj_right,{5A047A7C413EE006}Prefabs/Characters/Vests/Vest_PCGen_III/Plates/DestructibleArmorPlate_PCGenIII_ESAPIrevJ_Right.et,cash,800,400,0,0,0,0,0,1,
destructiblearmorplate_taktika_br4_balls,{B88A5124BF7CF304}Prefabs/Characters/Vests/Vest_Taktika/Plates/DestructibleArmorPlate_Taktika_br4_balls.et,cash,250,125,0,0,0,0,0,1,
destructiblearmorplate_taktika_br4_side_left,{A5C382FA198BE68A}Prefabs/Characters/Vests/Vest_Taktika/Plates/DestructibleArmorPlate_Taktika_br4_side_LEFT.et,cash,250,125,0,0,0,0,0,1,
destructiblearmorplate_taktika_br4_side_right,{F59ADAE6AF1A0AE3}Prefabs/Characters/Vests/Vest_Taktika/Plates/DestructibleArmorPlate_Taktika_br4_side_RIGHT.et,cash,250,125,0,0,0,0,0,1,
rhs_vest_6sh117_6b45_pouches_crew,{F8B4DCE3F81C16EB}Prefabs/Characters/Vests/Vest_6SH117/variants/6B45_Pouches_EMR/RHS_Vest_6Sh117_6B45_Pouches_Crew.et,cash,220,110,12,12,0,0,0,1,{0AA53CB4EA5DBC32}Prefabs/Characters/Vests/Vest_Ratnik_Pouches/Pouch_6x9Scabbard.et;{250B19BAC04ED9ED}Prefabs/Characters/Vests/Vest_Ratnik_Pouches/Pouch_Ratnik_GND_Pouch_2.et;{495F2D5A7C8A56C3}Prefabs/Characters/Vests/Vest_Ratnik_Pouches/Pouch_Ratnik_GND_Pouch_1.et;{C0975543CCAB4E86}Prefabs/Characters/Vests/Vest_Ratnik_Pouches/Pouch_Ratnik_GND_Pouch_3.et;{E8756616BA2574AE}Prefabs/Characters/Vests/Vest_Ratnik_Pouches/Pouch_Ratnik_ak_pouch_new_1.et;{842152F606E1FB80}Prefabs/Characters/Vests/Vest_Ratnik_Pouches/Pouch_Ratnik_ak_pouch_new_2.et;{61BD1E0F0A046CEB}Prefabs/Characters/Vests/Vest_Ratnik_Pouches/Pouch_Ratnik_ak_pouch_new_3.et;{E8756616BA2574AE}Prefabs/Characters/Vests/Vest_Ratnik_Pouches/Pouch_Ratnik_ak_pouch_new_1.et;{250B19BAC04ED9ED}Prefabs/Characters/Vests/Vest_Ratnik_Pouches/Pouch_Ratnik_GND_Pouch_2.et;{A42C2BE933FC5961}Prefabs/Characters/Vests/Vest_Ratnik_Pouches/Pouch_Ratnik_Uni_Pouch_1.et;{C8781F098F38D64F}Prefabs/Characters/Vests/Vest_Ratnik_Pouches/Pouch_Ratnik_Uni_Pouch_2.et;{F143A0B0DD4271E5}Prefabs/Characters/Vests/Vest_Ratnik_Pouches/Pouch_Ratnik_Bottlepouch_base.et
rhs_vest_6sh117_6b45_pouches_gl,{15481A3A15579D18}Prefabs/Characters/Vests/Vest_6SH117/variants/6B45_Pouches_EMR/RHS_Vest_6Sh117_6B45_Pouches_GL.et,cash,220,110,14,14,0,0,0,1,{4C6139E896CE0365}Prefabs/Characters/Vests/Vest_Ratnik_Pouches/Pouch_Ratnik_vog_pouch_new.et;{D71C56F2B0ABF6D7}Prefabs/Characters/Vests/Vest_Ratnik_Pouches/Pouch_Ratnik_vog_pouch_new2.et;{250B19BAC04ED9ED}Prefabs/Characters/Vests/Vest_Ratnik_Pouches/Pouch_Ratnik_GND_Pouch_2.et;{495F2D5A7C8A56C3}Prefabs/Characters/Vests/Vest_Ratnik_Pouches/Pouch_Ratnik_GND_Pouch_1.et;{C0975543CCAB4E86}Prefabs/Characters/Vests/Vest_Ratnik_Pouches/Pouch_Ratnik_GND_Pouch_3.et;{E8756616BA2574AE}Prefabs/Characters/Vests/Vest_Ratnik_Pouches/Pouch_Ratnik_ak_pouch_new_1.et;{842152F606E1FB80}Prefabs/Characters/Vests/Vest_Ratnik_Pouches/Pouch_Ratnik_ak_pouch_new_2.et;{61BD1E0F0A046CEB}Prefabs/Characters/Vests/Vest_Ratnik_Pouches/Pouch_Ratnik_ak_pouch_new_3.et;{E8756616BA2574AE}Prefabs/Characters/Vests/Vest_Ratnik_Pouches/Pouch_Ratnik_ak_pouch_new_1.et;{250B19BAC04ED9ED}Prefabs/Characters/Vests/Vest_Ratnik_Pouches/Pouch_Ratnik_GND_Pouch_2.et;{A42C2BE933FC5961}Prefabs/Characters/Vests/Vest_Ratnik_Pouches/Pouch_Ratnik_Uni_Pouch_1.et;{C8781F098F38D64F}Prefabs/Characters/Vests/Vest_Ratnik_Pouches/Pouch_Ratnik_Uni_Pouch_2.et;{F143A0B0DD4271E5}Prefabs/Characters/Vests/Vest_Ratnik_Pouches/Pouch_Ratnik_Bottlepouch_base.et;{0AA53CB4EA5DBC32}Prefabs/Characters/Vests/Vest_Ratnik_Pouches/Pouch_6x9Scabbard.et
rhs_vest_6sh117_6b45_pouches_gl_2,{27EA966BE91789D1}Prefabs/Characters/Vests/Vest_6SH117/variants/6B45_Pouches_EMR/RHS_Vest_6Sh117_6B45_Pouches_GL_2.et,cash,220,110,14,14,0,0,0,1,{4C6139E896CE0365}Prefabs/Characters/Vests/Vest_Ratnik_Pouches/Pouch_Ratnik_vog_pouch_new.et;{D71C56F2B0ABF6D7}Prefabs/Characters/Vests/Vest_Ratnik_Pouches/Pouch_Ratnik_vog_pouch_new2.et;{250B19BAC04ED9ED}Prefabs/Characters/Vests/Vest_Ratnik_Pouches/Pouch_Ratnik_GND_Pouch_2.et;{495F2D5A7C8A56C3}Prefabs/Characters/Vests/Vest_Ratnik_Pouches/Pouch_Ratnik_GND_Pouch_1.et;{C0975543CCAB4E86}Prefabs/Characters/Vests/Vest_Ratnik_Pouches/Pouch_Ratnik_GND_Pouch_3.et;{E8756616BA2574AE}Prefabs/Characters/Vests/Vest_Ratnik_Pouches/Pouch_Ratnik_ak_pouch_new_1.et;{842152F606E1FB80}Prefabs/Characters/Vests/Vest_Ratnik_Pouches/Pouch_Ratnik_ak_pouch_new_2.et;{61BD1E0F0A046CEB}Prefabs/Characters/Vests/Vest_Ratnik_Pouches/Pouch_Ratnik_ak_pouch_new_3.et;{E8756616BA2574AE}Prefabs/Characters/Vests/Vest_Ratnik_Pouches/Pouch_Ratnik_ak_pouch_new_1.et;{250B19BAC04ED9ED}Prefabs/Characters/Vests/Vest_Ratnik_Pouches/Pouch_Ratnik_GND_Pouch_2.et;{A42C2BE933FC5961}Prefabs/Characters/Vests/Vest_Ratnik_Pouches/Pouch_Ratnik_Uni_Pouch_1.et;{C8781F098F38D64F}Prefabs/Characters/Vests/Vest_Ratnik_Pouches/Pouch_Ratnik_Uni_Pouch_2.et;{F143A0B0DD4271E5}Prefabs/Characters/Vests/Vest_Ratnik_Pouches/Pouch_Ratnik_Bottlepouch_base.et;{0AA53CB4EA5DBC32}Prefabs/Characters/Vests/Vest_Ratnik_Pouches/Pouch_6x9Scabbard.et
rhs_vest_6sh117_6b45_pouches_marksman,{4859FEDC4C33AFAC}Prefabs/Characters/Vests/Vest_6SH117/variants/6B45_Pouches_EMR/RHS_Vest_6Sh117_6B45_Pouches_Marksman.et,cash,220,110,12,12,0,0,0,1,{FDA3707BB9C7C7B1}Prefabs/Characters/Vests/Vest_Ratnik_Pouches/Pouch_Ratnik_GND_Pouch_4.et;{250B19BAC04ED9ED}Prefabs/Characters/Vests/Vest_Ratnik_Pouches/Pouch_Ratnik_GND_Pouch_2.et;{495F2D5A7C8A56C3}Prefabs/Characters/Vests/Vest_Ratnik_Pouches/Pouch_Ratnik_GND_Pouch_1.et;{C0975543CCAB4E86}Prefabs/Characters/Vests/Vest_Ratnik_Pouches/Pouch_Ratnik_GND_Pouch_3.et;{C8781F098F38D64F}Prefabs/Characters/Vests/Vest_Ratnik_Pouches/Pouch_Ratnik_Uni_Pouch_2.et;{A42C2BE933FC5961}Prefabs/Characters/Vests/Vest_Ratnik_Pouches/Pouch_Ratnik_Uni_Pouch_1.et;{A42C2BE933FC5961}Prefabs/Characters/Vests/Vest_Ratnik_Pouches/Pouch_Ratnik_Uni_Pouch_1.et;{10263C25AB0CF911}Prefabs/Characters/Vests/Vest_Ratnik_Pouches/Pouch_Ratnik_azart_pouch_new.et;{C8781F098F38D64F}Prefabs/Characters/Vests/Vest_Ratnik_Pouches/Pouch_Ratnik_Uni_Pouch_2.et;{A42C2BE933FC5961}Prefabs/Characters/Vests/Vest_Ratnik_Pouches/Pouch_Ratnik_Uni_Pouch_1.et;{05EE21651FEAC0AE}Prefabs/Characters/Vests/Vest_Ratnik_Pouches/Pouch_Ratnik_appi_pouch_new.et;{F143A0B0DD4271E5}Prefabs/Characters/Vests/Vest_Ratnik_Pouches/Pouch_Ratnik_Bottlepouch_base.et
rhs_vest_6sh117_6b45_pouches_pkm,{0BE9BAF58D72AAC7}Prefabs/Characters/Vests/Vest_6SH117/variants/6B45_Pouches_EMR/RHS_Vest_6Sh117_6B45_Pouches_PKM.et,cash,220,110,9,9,0,0,0,1,{24CBFFC667BFABC8}Prefabs/Characters/Vests/Vest_Taktika_Pouches/Pouch_Mordor_PKM_EMR.et;{24CBFFC667BFABC8}Prefabs/Characters/Vests/Vest_Taktika_Pouches/Pouch_Mordor_PKM_EMR.et;{495F2D5A7C8A56C3}Prefabs/Characters/Vests/Vest_Ratnik_Pouches/Pouch_Ratnik_GND_Pouch_1.et;{C0975543CCAB4E86}Prefabs/Characters/Vests/Vest_Ratnik_Pouches/Pouch_Ratnik_GND_Pouch_3.et;{495F2D5A7C8A56C3}Prefabs/Characters/Vests/Vest_Ratnik_Pouches/Pouch_Ratnik_GND_Pouch_1.et;{C0975543CCAB4E86}Prefabs/Characters/Vests/Vest_Ratnik_Pouches/Pouch_Ratnik_GND_Pouch_3.et;{A42C2BE933FC5961}Prefabs/Characters/Vests/Vest_Ratnik_Pouches/Pouch_Ratnik_Uni_Pouch_1.et;{C8781F098F38D64F}Prefabs/Characters/Vests/Vest_Ratnik_Pouches/Pouch_Ratnik_Uni_Pouch_2.et;{F143A0B0DD4271E5}Prefabs/Characters/Vests/Vest_Ratnik_Pouches/Pouch_Ratnik_Bottlepouch_base.et
rhs_vest_6sh117_6b45_pouches_rifleman,{1AE2038FC4B362BB}Prefabs/Characters/Vests/Vest_6SH117/variants/6B45_Pouches_EMR/RHS_Vest_6Sh117_6B45_Pouches_Rifleman.et,cash,220,110,13,13,0,0,0,1,{0AA53CB4EA5DBC32}Prefabs/Characters/Vests/Vest_Ratnik_Pouches/Pouch_6x9Scabbard.et;{FDA3707BB9C7C7B1}Prefabs/Characters/Vests/Vest_Ratnik_Pouches/Pouch_Ratnik_GND_Pouch_4.et;{250B19BAC04ED9ED}Prefabs/Characters/Vests/Vest_Ratnik_Pouches/Pouch_Ratnik_GND_Pouch_2.et;{495F2D5A7C8A56C3}Prefabs/Characters/Vests/Vest_Ratnik_Pouches/Pouch_Ratnik_GND_Pouch_1.et;{C0975543CCAB4E86}Prefabs/Characters/Vests/Vest_Ratnik_Pouches/Pouch_Ratnik_GND_Pouch_3.et;{E8756616BA2574AE}Prefabs/Characters/Vests/Vest_Ratnik_Pouches/Pouch_Ratnik_ak_pouch_new_1.et;{842152F606E1FB80}Prefabs/Characters/Vests/Vest_Ratnik_Pouches/Pouch_Ratnik_ak_pouch_new_2.et;{61BD1E0F0A046CEB}Prefabs/Characters/Vests/Vest_Ratnik_Pouches/Pouch_Ratnik_ak_pouch_new_3.et;{E8756616BA2574AE}Prefabs/Characters/Vests/Vest_Ratnik_Pouches/Pouch_Ratnik_ak_pouch_new_1.et;{05EE21651FEAC0AE}Prefabs/Characters/Vests/Vest_Ratnik_Pouches/Pouch_Ratnik_appi_pouch_new.et;{A42C2BE933FC5961}Prefabs/Characters/Vests/Vest_Ratnik_Pouches/Pouch_Ratnik_Uni_Pouch_1.et;{C8781F098F38D64F}Prefabs/Characters/Vests/Vest_Ratnik_Pouches/Pouch_Ratnik_Uni_Pouch_2.et;{F143A0B0DD4271E5}Prefabs/Characters/Vests/Vest_Ratnik_Pouches/Pouch_Ratnik_Bottlepouch_base.et
rhs_vest_6sh117_6b45_pouches_sl,{75159504D0645621}Prefabs/Characters/Vests/Vest_6SH117/variants/6B45_Pouches_EMR/RHS_Vest_6Sh117_6B45_Pouches_SL.et,cash,220,110,12,12,0,0,0,1,{0AA53CB4EA5DBC32}Prefabs/Characters/Vests/Vest_Ratnik_Pouches/Pouch_6x9Scabbard.et;{250B19BAC04ED9ED}Prefabs/Characters/Vests/Vest_Ratnik_Pouches/Pouch_Ratnik_GND_Pouch_2.et;{495F2D5A7C8A56C3}Prefabs/Characters/Vests/Vest_Ratnik_Pouches/Pouch_Ratnik_GND_Pouch_1.et;{C0975543CCAB4E86}Prefabs/Characters/Vests/Vest_Ratnik_Pouches/Pouch_Ratnik_GND_Pouch_3.et;{842152F606E1FB80}Prefabs/Characters/Vests/Vest_Ratnik_Pouches/Pouch_Ratnik_ak_pouch_new_2.et;{61BD1E0F0A046CEB}Prefabs/Characters/Vests/Vest_Ratnik_Pouches/Pouch_Ratnik_ak_pouch_new_3.et;{10263C25AB0CF911}Prefabs/Characters/Vests/Vest_Ratnik_Pouches/Pouch_Ratnik_azart_pouch_new.et;{05EE21651FEAC0AE}Prefabs/Characters/Vests/Vest_Ratnik_Pouches/Pouch_Ratnik_appi_pouch_new.et;{A42C2BE933FC5961}Prefabs/Characters/Vests/Vest_Ratnik_Pouches/Pouch_Ratnik_Uni_Pouch_1.et;{C8781F098F38D64F}Prefabs/Characters/Vests/Vest_Ratnik_Pouches/Pouch_Ratnik_Uni_Pouch_2.et;{F143A0B0DD4271E5}Prefabs/Characters/Vests/Vest_Ratnik_Pouches/Pouch_Ratnik_Bottlepouch_base.et;{250B19BAC04ED9ED}Prefabs/Characters/Vests/Vest_Ratnik_Pouches/Pouch_Ratnik_GND_Pouch_2.et
rhs_vest_6sh117_6b45_pouches_sl_2,{5855553081D3DBF5}Prefabs/Characters/Vests/Vest_6SH117/variants/6B45_Pouches_EMR/RHS_Vest_6Sh117_6B45_Pouches_SL_2.et,cash,220,110,13,13,0,0,0,1,{0AA53CB4EA5DBC32}Prefabs/Characters/Vests/Vest_Ratnik_Pouches/Pouch_6x9Scabbard.et;{D71C56F2B0ABF6D7}Prefabs/Characters/Vests/Vest_Ratnik_Pouches/Pouch_Ratnik_vog_pouch_new2.et;{250B19BAC04ED9ED}Prefabs/Characters/Vests/Vest_Ratnik_Pouches/Pouch_Ratnik_GND_Pouch_2.et;{495F2D5A7C8A56C3}Prefabs/Characters/Vests/Vest_Ratnik_Pouches/Pouch_Ratnik_GND_Pouch_1.et;{C0975543CCAB4E86}Prefabs/Characters/Vests/Vest_Ratnik_Pouches/Pouch_Ratnik_GND_Pouch_3.et;{842152F606E1FB80}Prefabs/Characters/Vests/Vest_Ratnik_Pouches/Pouch_Ratnik_ak_pouch_new_2.et;{61BD1E0F0A046CEB}Prefabs/Characters/Vests/Vest_Ratnik_Pouches/Pouch_Ratnik_ak_pouch_new_3.et;{10263C25AB0CF911}Prefabs/Characters/Vests/Vest_Ratnik_Pouches/Pouch_Ratnik_azart_pouch_new.et;{250B19BAC04ED9ED}Prefabs/Characters/Vests/Vest_Ratnik_Pouches/Pouch_Ratnik_GND_Pouch_2.et;{A42C2BE933FC5961}Prefabs/Characters/Vests/Vest_Ratnik_Pouches/Pouch_Ratnik_Uni_Pouch_1.et;{F143A0B0DD4271E5}Prefabs/Characters/Vests/Vest_Ratnik_Pouches/Pouch_Ratnik_Bottlepouch_base.et;{250B19BAC04ED9ED}Prefabs/Characters/Vests/Vest_Ratnik_Pouches/Pouch_Ratnik_GND_Pouch_2.et;{4C6139E896CE0365}Prefabs/Characters/Vests/Vest_Ratnik_Pouches/Pouch_Ratnik_vog_pouch_new.et
rhs_vest_6sh117_pouches_base,{73D6CAA52623B860}Prefabs/Characters/Vests/Vest_6SH117/variants/RHS_Vest_6sh117_pouches_base.et,cash,1600,800,13,13,0,0,0,1,{842152F606E1FB80}Prefabs/Characters/Vests/Vest_Ratnik_Pouches/Pouch_Ratnik_ak_pouch_new_2.et;{FDA3707BB9C7C7B1}Prefabs/Characters/Vests/Vest_Ratnik_Pouches/Pouch_Ratnik_GND_Pouch_4.et;{250B19BAC04ED9ED}Prefabs/Characters/Vests/Vest_Ratnik_Pouches/Pouch_Ratnik_GND_Pouch_2.et;{495F2D5A7C8A56C3}Prefabs/Characters/Vests/Vest_Ratnik_Pouches/Pouch_Ratnik_GND_Pouch_1.et;{C0975543CCAB4E86}Prefabs/Characters/Vests/Vest_Ratnik_Pouches/Pouch_Ratnik_GND_Pouch_3.et;{E8756616BA2574AE}Prefabs/Characters/Vests/Vest_Ratnik_Pouches/Pouch_Ratnik_ak_pouch_new_1.et;{842152F606E1FB80}Prefabs/Characters/Vests/Vest_Ratnik_Pouches/Pouch_Ratnik_ak_pouch_new_2.et;{61BD1E0F0A046CEB}Prefabs/Characters/Vests/Vest_Ratnik_Pouches/Pouch_Ratnik_ak_pouch_new_3.et;{10263C25AB0CF911}Prefabs/Characters/Vests/Vest_Ratnik_Pouches/Pouch_Ratnik_azart_pouch_new.et;{05EE21651FEAC0AE}Prefabs/Characters/Vests/Vest_Ratnik_Pouches/Pouch_Ratnik_appi_pouch_new.et;{A42C2BE933FC5961}Prefabs/Characters/Vests/Vest_Ratnik_Pouches/Pouch_Ratnik_Uni_Pouch_1.et;{C8781F098F38D64F}Prefabs/Characters/Vests/Vest_Ratnik_Pouches/Pouch_Ratnik_Uni_Pouch_2.et;{F143A0B0DD4271E5}Prefabs/Characters/Vests/Vest_Ratnik_Pouches/Pouch_Ratnik_Bottlepouch_base.et
rhs_vest_6sh117_pouches_crew,{1DCE8B3F4A8764AE}Prefabs/Characters/Vests/Vest_6SH117/variants/EMR/RHS_Vest_6Sh117_Pouches_Crew.et,cash,1600,800,12,12,0,0,0,1,{0AA53CB4EA5DBC32}Prefabs/Characters/Vests/Vest_Ratnik_Pouches/Pouch_6x9Scabbard.et;{250B19BAC04ED9ED}Prefabs/Characters/Vests/Vest_Ratnik_Pouches/Pouch_Ratnik_GND_Pouch_2.et;{495F2D5A7C8A56C3}Prefabs/Characters/Vests/Vest_Ratnik_Pouches/Pouch_Ratnik_GND_Pouch_1.et;{C0975543CCAB4E86}Prefabs/Characters/Vests/Vest_Ratnik_Pouches/Pouch_Ratnik_GND_Pouch_3.et;{E8756616BA2574AE}Prefabs/Characters/Vests/Vest_Ratnik_Pouches/Pouch_Ratnik_ak_pouch_new_1.et;{842152F606E1FB80}Prefabs/Characters/Vests/Vest_Ratnik_Pouches/Pouch_Ratnik_ak_pouch_new_2.et;{61BD1E0F0A046CEB}Prefabs/Characters/Vests/Vest_Ratnik_Pouches/Pouch_Ratnik_ak_pouch_new_3.et;{61BD1E0F0A046CEB}Prefabs/Characters/Vests/Vest_Ratnik_Pouches/Pouch_Ratnik_ak_pouch_new_3.et;{250B19BAC04ED9ED}Prefabs/Characters/Vests/Vest_Ratnik_Pouches/Pouch_Ratnik_GND_Pouch_2.et;{A42C2BE933FC5961}Prefabs/Characters/Vests/Vest_Ratnik_Pouches/Pouch_Ratnik_Uni_Pouch_1.et;{C8781F098F38D64F}Prefabs/Characters/Vests/Vest_Ratnik_Pouches/Pouch_Ratnik_Uni_Pouch_2.et;{F143A0B0DD4271E5}Prefabs/Characters/Vests/Vest_Ratnik_Pouches/Pouch_Ratnik_Bottlepouch_base.et
rhs_vest_6sh117_pouches_gl,{0E3CE1F14D916B94}Prefabs/Characters/Vests/Vest_6SH117/variants/EMR/RHS_Vest_6Sh117_Pouches_GL.et,cash,1600,800,14,14,0,0,0,1,{4C6139E896CE0365}Prefabs/Characters/Vests/Vest_Ratnik_Pouches/Pouch_Ratnik_vog_pouch_new.et;{D71C56F2B0ABF6D7}Prefabs/Characters/Vests/Vest_Ratnik_Pouches/Pouch_Ratnik_vog_pouch_new2.et;{250B19BAC04ED9ED}Prefabs/Characters/Vests/Vest_Ratnik_Pouches/Pouch_Ratnik_GND_Pouch_2.et;{495F2D5A7C8A56C3}Prefabs/Characters/Vests/Vest_Ratnik_Pouches/Pouch_Ratnik_GND_Pouch_1.et;{C0975543CCAB4E86}Prefabs/Characters/Vests/Vest_Ratnik_Pouches/Pouch_Ratnik_GND_Pouch_3.et;{E8756616BA2574AE}Prefabs/Characters/Vests/Vest_Ratnik_Pouches/Pouch_Ratnik_ak_pouch_new_1.et;{842152F606E1FB80}Prefabs/Characters/Vests/Vest_Ratnik_Pouches/Pouch_Ratnik_ak_pouch_new_2.et;{61BD1E0F0A046CEB}Prefabs/Characters/Vests/Vest_Ratnik_Pouches/Pouch_Ratnik_ak_pouch_new_3.et;{61BD1E0F0A046CEB}Prefabs/Characters/Vests/Vest_Ratnik_Pouches/Pouch_Ratnik_ak_pouch_new_3.et;{250B19BAC04ED9ED}Prefabs/Characters/Vests/Vest_Ratnik_Pouches/Pouch_Ratnik_GND_Pouch_2.et;{A42C2BE933FC5961}Prefabs/Characters/Vests/Vest_Ratnik_Pouches/Pouch_Ratnik_Uni_Pouch_1.et;{C8781F098F38D64F}Prefabs/Characters/Vests/Vest_Ratnik_Pouches/Pouch_Ratnik_Uni_Pouch_2.et;{F143A0B0DD4271E5}Prefabs/Characters/Vests/Vest_Ratnik_Pouches/Pouch_Ratnik_Bottlepouch_base.et;{0AA53CB4EA5DBC32}Prefabs/Characters/Vests/Vest_Ratnik_Pouches/Pouch_6x9Scabbard.et
rhs_vest_6sh117_pouches_gl_2,{C290C1B75B8CFB94}Prefabs/Characters/Vests/Vest_6SH117/variants/EMR/RHS_Vest_6Sh117_Pouches_GL_2.et,cash,1600,800,14,14,0,0,0,1,{4C6139E896CE0365}Prefabs/Characters/Vests/Vest_Ratnik_Pouches/Pouch_Ratnik_vog_pouch_new.et;{0AA53CB4EA5DBC32}Prefabs/Characters/Vests/Vest_Ratnik_Pouches/Pouch_6x9Scabbard.et;{250B19BAC04ED9ED}Prefabs/Characters/Vests/Vest_Ratnik_Pouches/Pouch_Ratnik_GND_Pouch_2.et;{495F2D5A7C8A56C3}Prefabs/Characters/Vests/Vest_Ratnik_Pouches/Pouch_Ratnik_GND_Pouch_1.et;{C0975543CCAB4E86}Prefabs/Characters/Vests/Vest_Ratnik_Pouches/Pouch_Ratnik_GND_Pouch_3.et;{E8756616BA2574AE}Prefabs/Characters/Vests/Vest_Ratnik_Pouches/Pouch_Ratnik_ak_pouch_new_1.et;{842152F606E1FB80}Prefabs/Characters/Vests/Vest_Ratnik_Pouches/Pouch_Ratnik_ak_pouch_new_2.et;{61BD1E0F0A046CEB}Prefabs/Characters/Vests/Vest_Ratnik_Pouches/Pouch_Ratnik_ak_pouch_new_3.et;{61BD1E0F0A046CEB}Prefabs/Characters/Vests/Vest_Ratnik_Pouches/Pouch_Ratnik_ak_pouch_new_3.et;{250B19BAC04ED9ED}Prefabs/Characters/Vests/Vest_Ratnik_Pouches/Pouch_Ratnik_GND_Pouch_2.et;{A42C2BE933FC5961}Prefabs/Characters/Vests/Vest_Ratnik_Pouches/Pouch_Ratnik_Uni_Pouch_1.et;{C8781F098F38D64F}Prefabs/Characters/Vests/Vest_Ratnik_Pouches/Pouch_Ratnik_Uni_Pouch_2.et;{F143A0B0DD4271E5}Prefabs/Characters/Vests/Vest_Ratnik_Pouches/Pouch_Ratnik_Bottlepouch_base.et;{D71C56F2B0ABF6D7}Prefabs/Characters/Vests/Vest_Ratnik_Pouches/Pouch_Ratnik_vog_pouch_new2.et
rhs_vest_6sh117_pouches_marksman,{3EF5689DDFB53F1D}Prefabs/Characters/Vests/Vest_6SH117/variants/EMR/RHS_Vest_6Sh117_Pouches_Marksman.et,cash,1600,800,12,12,0,0,0,1,{FDA3707BB9C7C7B1}Prefabs/Characters/Vests/Vest_Ratnik_Pouches/Pouch_Ratnik_GND_Pouch_4.et;{250B19BAC04ED9ED}Prefabs/Characters/Vests/Vest_Ratnik_Pouches/Pouch_Ratnik_GND_Pouch_2.et;{495F2D5A7C8A56C3}Prefabs/Characters/Vests/Vest_Ratnik_Pouches/Pouch_Ratnik_GND_Pouch_1.et;{C0975543CCAB4E86}Prefabs/Characters/Vests/Vest_Ratnik_Pouches/Pouch_Ratnik_GND_Pouch_3.et;{C8781F098F38D64F}Prefabs/Characters/Vests/Vest_Ratnik_Pouches/Pouch_Ratnik_Uni_Pouch_2.et;{A42C2BE933FC5961}Prefabs/Characters/Vests/Vest_Ratnik_Pouches/Pouch_Ratnik_Uni_Pouch_1.et;{A42C2BE933FC5961}Prefabs/Characters/Vests/Vest_Ratnik_Pouches/Pouch_Ratnik_Uni_Pouch_1.et;{10263C25AB0CF911}Prefabs/Characters/Vests/Vest_Ratnik_Pouches/Pouch_Ratnik_azart_pouch_new.et;{C8781F098F38D64F}Prefabs/Characters/Vests/Vest_Ratnik_Pouches/Pouch_Ratnik_Uni_Pouch_2.et;{A42C2BE933FC5961}Prefabs/Characters/Vests/Vest_Ratnik_Pouches/Pouch_Ratnik_Uni_Pouch_1.et;{05EE21651FEAC0AE}Prefabs/Characters/Vests/Vest_Ratnik_Pouches/Pouch_Ratnik_appi_pouch_new.et;{F143A0B0DD4271E5}Prefabs/Characters/Vests/Vest_Ratnik_Pouches/Pouch_Ratnik_Bottlepouch_base.et
rhs_vest_6sh117_pouches_pkm,{4C58E7E43DDE2123}Prefabs/Characters/Vests/Vest_6SH117/variants/EMR/RHS_Vest_6Sh117_Pouches_PKM.et,cash,1600,800,9,9,0,0,0,1,{24CBFFC667BFABC8}Prefabs/Characters/Vests/Vest_Taktika_Pouches/Pouch_Mordor_PKM_EMR.et;{24CBFFC667BFABC8}Prefabs/Characters/Vests/Vest_Taktika_Pouches/Pouch_Mordor_PKM_EMR.et;{495F2D5A7C8A56C3}Prefabs/Characters/Vests/Vest_Ratnik_Pouches/Pouch_Ratnik_GND_Pouch_1.et;{C0975543CCAB4E86}Prefabs/Characters/Vests/Vest_Ratnik_Pouches/Pouch_Ratnik_GND_Pouch_3.et;{495F2D5A7C8A56C3}Prefabs/Characters/Vests/Vest_Ratnik_Pouches/Pouch_Ratnik_GND_Pouch_1.et;{C0975543CCAB4E86}Prefabs/Characters/Vests/Vest_Ratnik_Pouches/Pouch_Ratnik_GND_Pouch_3.et;{A42C2BE933FC5961}Prefabs/Characters/Vests/Vest_Ratnik_Pouches/Pouch_Ratnik_Uni_Pouch_1.et;{C8781F098F38D64F}Prefabs/Characters/Vests/Vest_Ratnik_Pouches/Pouch_Ratnik_Uni_Pouch_2.et;{F143A0B0DD4271E5}Prefabs/Characters/Vests/Vest_Ratnik_Pouches/Pouch_Ratnik_Bottlepouch_base.et
rhs_vest_6sh117_pouches_rifleman,{6C4E95CE5735F20A}Prefabs/Characters/Vests/Vest_6SH117/variants/EMR/RHS_Vest_6Sh117_Pouches_Rifleman.et,cash,1600,800,13,13,0,0,0,1,{0AA53CB4EA5DBC32}Prefabs/Characters/Vests/Vest_Ratnik_Pouches/Pouch_6x9Scabbard.et;{FDA3707BB9C7C7B1}Prefabs/Characters/Vests/Vest_Ratnik_Pouches/Pouch_Ratnik_GND_Pouch_4.et;{250B19BAC04ED9ED}Prefabs/Characters/Vests/Vest_Ratnik_Pouches/Pouch_Ratnik_GND_Pouch_2.et;{495F2D5A7C8A56C3}Prefabs/Characters/Vests/Vest_Ratnik_Pouches/Pouch_Ratnik_GND_Pouch_1.et;{C0975543CCAB4E86}Prefabs/Characters/Vests/Vest_Ratnik_Pouches/Pouch_Ratnik_GND_Pouch_3.et;{E8756616BA2574AE}Prefabs/Characters/Vests/Vest_Ratnik_Pouches/Pouch_Ratnik_ak_pouch_new_1.et;{842152F606E1FB80}Prefabs/Characters/Vests/Vest_Ratnik_Pouches/Pouch_Ratnik_ak_pouch_new_2.et;{61BD1E0F0A046CEB}Prefabs/Characters/Vests/Vest_Ratnik_Pouches/Pouch_Ratnik_ak_pouch_new_3.et;{10263C25AB0CF911}Prefabs/Characters/Vests/Vest_Ratnik_Pouches/Pouch_Ratnik_azart_pouch_new.et;{05EE21651FEAC0AE}Prefabs/Characters/Vests/Vest_Ratnik_Pouches/Pouch_Ratnik_appi_pouch_new.et;{A42C2BE933FC5961}Prefabs/Characters/Vests/Vest_Ratnik_Pouches/Pouch_Ratnik_Uni_Pouch_1.et;{C8781F098F38D64F}Prefabs/Characters/Vests/Vest_Ratnik_Pouches/Pouch_Ratnik_Uni_Pouch_2.et;{F143A0B0DD4271E5}Prefabs/Characters/Vests/Vest_Ratnik_Pouches/Pouch_Ratnik_Bottlepouch_base.et
rhs_vest_6sh117_pouches_sl,{6E616ECF88A2A0AD}Prefabs/Characters/Vests/Vest_6SH117/variants/EMR/RHS_Vest_6Sh117_Pouches_SL.et,cash,1600,800,12,12,0,0,0,1,{0AA53CB4EA5DBC32}Prefabs/Characters/Vests/Vest_Ratnik_Pouches/Pouch_6x9Scabbard.et;{250B19BAC04ED9ED}Prefabs/Characters/Vests/Vest_Ratnik_Pouches/Pouch_Ratnik_GND_Pouch_2.et;{495F2D5A7C8A56C3}Prefabs/Characters/Vests/Vest_Ratnik_Pouches/Pouch_Ratnik_GND_Pouch_1.et;{C0975543CCAB4E86}Prefabs/Characters/Vests/Vest_Ratnik_Pouches/Pouch_Ratnik_GND_Pouch_3.et;{842152F606E1FB80}Prefabs/Characters/Vests/Vest_Ratnik_Pouches/Pouch_Ratnik_ak_pouch_new_2.et;{61BD1E0F0A046CEB}Prefabs/Characters/Vests/Vest_Ratnik_Pouches/Pouch_Ratnik_ak_pouch_new_3.et;{10263C25AB0CF911}Prefabs/Characters/Vests/Vest_Ratnik_Pouches/Pouch_Ratnik_azart_pouch_new.et;{05EE21651FEAC0AE}Prefabs/Characters/Vests/Vest_Ratnik_Pouches/Pouch_Ratnik_appi_pouch_new.et;{A42C2BE933FC5961}Prefabs/Characters/Vests/Vest_Ratnik_Pouches/Pouch_Ratnik_Uni_Pouch_1.et;{C8781F098F38D64F}Prefabs/Characters/Vests/Vest_Ratnik_Pouches/Pouch_Ratnik_Uni_Pouch_2.et;{F143A0B0DD4271E5}Prefabs/Characters/Vests/Vest_Ratnik_Pouches/Pouch_Ratnik_Bottlepouch_base.et;{250B19BAC04ED9ED}Prefabs/Characters/Vests/Vest_Ratnik_Pouches/Pouch_Ratnik_GND_Pouch_2.et
rhs_vest_6sh117_pouches_sl_2,{BD2F02EC3348A9B0}Prefabs/Characters/Vests/Vest_6SH117/variants/EMR/RHS_Vest_6Sh117_Pouches_SL_2.et,cash,1600,800,13,13,0,0,0,1,{4C6139E896CE0365}Prefabs/Characters/Vests/Vest_Ratnik_Pouches/Pouch_Ratnik_vog_pouch_new.et;{0AA53CB4EA5DBC32}Prefabs/Characters/Vests/Vest_Ratnik_Pouches/Pouch_6x9Scabbard.et;{250B19BAC04ED9ED}Prefabs/Characters/Vests/Vest_Ratnik_Pouches/Pouch_Ratnik_GND_Pouch_2.et;{495F2D5A7C8A56C3}Prefabs/Characters/Vests/Vest_Ratnik_Pouches/Pouch_Ratnik_GND_Pouch_1.et;{C0975543CCAB4E86}Prefabs/Characters/Vests/Vest_Ratnik_Pouches/Pouch_Ratnik_GND_Pouch_3.et;{E8756616BA2574AE}Prefabs/Characters/Vests/Vest_Ratnik_Pouches/Pouch_Ratnik_ak_pouch_new_1.et;{842152F606E1FB80}Prefabs/Characters/Vests/Vest_Ratnik_Pouches/Pouch_Ratnik_ak_pouch_new_2.et;{61BD1E0F0A046CEB}Prefabs/Characters/Vests/Vest_Ratnik_Pouches/Pouch_Ratnik_ak_pouch_new_3.et;{10263C25AB0CF911}Prefabs/Characters/Vests/Vest_Ratnik_Pouches/Pouch_Ratnik_azart_pouch_new.et;{250B19BAC04ED9ED}Prefabs/Characters/Vests/Vest_Ratnik_Pouches/Pouch_Ratnik_GND_Pouch_2.et;{A42C2BE933FC5961}Prefabs/Characters/Vests/Vest_Ratnik_Pouches/Pouch_Ratnik_Uni_Pouch_1.et;{D71C56F2B0ABF6D7}Prefabs/Characters/Vests/Vest_Ratnik_Pouches/Pouch_Ratnik_vog_pouch_new2.et;{F143A0B0DD4271E5}Prefabs/Characters/Vests/Vest_Ratnik_Pouches/Pouch_Ratnik_Bottlepouch_base.et
vest_6b2,{ADE19B33DCBB9005}Prefabs/Characters/Vests/Vest_6B2/Vest_6B2.et,cash,200,100,0,0,0,0,0,1,
vest_6b23_6sh117,{414F1A6A72B27A6E}Prefabs/Characters/Vests/Vest_6B23/Vest_6B23_6SH117.et,cash,200,100,2,0,600,300,1,1,{FF692FD5AFD43076}Prefabs/Characters/Vests/Vest_Ratnik_6B45/Plates/DestructibleArmorPlate_6B45_Granit_Front.et;{1486E991C03BE661}Prefabs/Characters/Vests/Vest_Ratnik_6B45/Plates/DestructibleArmorPlate_6B45_Granit_Back.et
vest_6b23_base,{5A7AF2858ABE87B4}Prefabs/Characters/Vests/Vest_6B23/Vest_6B23_base.et,cash,200,100,2,0,600,300,1,1,{FF692FD5AFD43076}Prefabs/Characters/Vests/Vest_Ratnik_6B45/Plates/DestructibleArmorPlate_6B45_Granit_Front.et;{1486E991C03BE661}Prefabs/Characters/Vests/Vest_Ratnik_6B45/Plates/DestructibleArmorPlate_6B45_Granit_Back.et
vest_6b23_pouches_base,{0CA2E8A4AD6B31D8}Prefabs/Characters/Vests/Vest_6B23/Variants/Vest_6b23_pouches_base.et,cash,200,100,13,13,0,0,0,1,{842152F606E1FB80}Prefabs/Characters/Vests/Vest_Ratnik_Pouches/Pouch_Ratnik_ak_pouch_new_2.et;{FDA3707BB9C7C7B1}Prefabs/Characters/Vests/Vest_Ratnik_Pouches/Pouch_Ratnik_GND_Pouch_4.et;{250B19BAC04ED9ED}Prefabs/Characters/Vests/Vest_Ratnik_Pouches/Pouch_Ratnik_GND_Pouch_2.et;{495F2D5A7C8A56C3}Prefabs/Characters/Vests/Vest_Ratnik_Pouches/Pouch_Ratnik_GND_Pouch_1.et;{C0975543CCAB4E86}Prefabs/Characters/Vests/Vest_Ratnik_Pouches/Pouch_Ratnik_GND_Pouch_3.et;{E8756616BA2574AE}Prefabs/Characters/Vests/Vest_Ratnik_Pouches/Pouch_Ratnik_ak_pouch_new_1.et;{842152F606E1FB80}Prefabs/Characters/Vests/Vest_Ratnik_Pouches/Pouch_Ratnik_ak_pouch_new_2.et;{61BD1E0F0A046CEB}Prefabs/Characters/Vests/Vest_Ratnik_Pouches/Pouch_Ratnik_ak_pouch_new_3.et;{10263C25AB0CF911}Prefabs/Characters/Vests/Vest_Ratnik_Pouches/Pouch_Ratnik_azart_pouch_new.et;{05EE21651FEAC0AE}Prefabs/Characters/Vests/Vest_Ratnik_Pouches/Pouch_Ratnik_appi_pouch_new.et;{A42C2BE933FC5961}Prefabs/Characters/Vests/Vest_Ratnik_Pouches/Pouch_Ratnik_Uni_Pouch_1.et;{C8781F098F38D64F}Prefabs/Characters/Vests/Vest_Ratnik_Pouches/Pouch_Ratnik_Uni_Pouch_2.et;{F143A0B0DD4271E5}Prefabs/Characters/Vests/Vest_Ratnik_Pouches/Pouch_Ratnik_Bottlepouch_base.et
vest_6b3,{4CBDC206FEF9897C}Prefabs/Characters/Vests/Vest_6B3/Vest_6B3.et,cash,300,150,0,0,0,0,0,1,
vest_6b46_base,{F6999873AF24F195}Prefabs/Characters/Vests/Vest_Ratnik_6B46/Vest_6B46_base.et,cash,1600,800,2,0,600,300,0,1,{FF692FD5AFD43076}Prefabs/Characters/Vests/Vest_Ratnik_6B45/Plates/DestructibleArmorPlate_6B45_Granit_Front.et;{1486E991C03BE661}Prefabs/Characters/Vests/Vest_Ratnik_6B45/Plates/DestructibleArmorPlate_6B45_Granit_Back.et
vest_6b46_emr,{69975371BB261B11}Prefabs/Characters/Vests/Vest_Ratnik_6B46/Vest_6B46_EMR.et,cash,1600,800,2,0,600,300,0,1,{FF692FD5AFD43076}Prefabs/Characters/Vests/Vest_Ratnik_6B45/Plates/DestructibleArmorPlate_6B45_Granit_Front.et;{1486E991C03BE661}Prefabs/Characters/Vests/Vest_Ratnik_6B45/Plates/DestructibleArmorPlate_6B45_Granit_Back.et
vest_6b46_no_back,{0EDF9052DD5EA628}Prefabs/Characters/Vests/Vest_Ratnik_6B46/Vest_6B46_no_back.et,cash,1600,800,1,0,300,150,0,1,{FF692FD5AFD43076}Prefabs/Characters/Vests/Vest_Ratnik_6B45/Plates/DestructibleArmorPlate_6B45_Granit_Front.et
vest_6b46_no_back_emr,{252C0E5EEA2E57B7}Prefabs/Characters/Vests/Vest_Ratnik_6B46/Vest_6B46_no_back_EMR.et,cash,1600,800,1,0,300,150,0,1,{FF692FD5AFD43076}Prefabs/Characters/Vests/Vest_Ratnik_6B45/Plates/DestructibleArmorPlate_6B45_Granit_Front.et
vest_6b46_no_plates,{8F9D94EF187BFB86}Prefabs/Characters/Vests/Vest_Ratnik_6B46/Vest_6B46_no_plates.et,cash,1600,800,0,0,0,0,0,1,
vest_6b46_no_plates_emr,{ECFBA2A92AA58698}Prefabs/Characters/Vests/Vest_Ratnik_6B46/Vest_6B46_no_plates_EMR.et,cash,1600,800,0,0,0,0,0,1,
vest_6sh117,{3E96F1007C62980B}Prefabs/Characters/Vests/Vest_6SH117/Vest_6SH117.et,cash,1600,800,0,0,0,0,0,1,
vest_a18_hsgi_coy_1,{AA87CA2C923CEAED}Prefabs/Characters/Vests/Vest_AA_A18/variants/Vest_A18_HSGI_Coy_1.et,cash,220,110,15,15,0,0,0,1,{0E756333DF174CE8}Prefabs/Characters/Vests/Vest_TV110_Pouches/Pouch_UP111_radioClosed_MC.et;{65975AC25C5695DD}Prefabs/Characters/Vests/Vest_TV110_Pouches/Pouch_HP103_Holster_MC.et;{4FCFA8454D766E94}Prefabs/Characters/Vests/Vest_Taktika_Pouches/Pouch_ArsArma_magouch_morphed_COY.et;{4FCFA8454D766E94}Prefabs/Characters/Vests/Vest_Taktika_Pouches/Pouch_ArsArma_magouch_morphed_COY.et;{E75F326F4F6D7C9A}Prefabs/Characters/Vests/Vest_TV110_Pouches/Pouch_MP111_PistolClosed2_MC.et;{7D639CF23CD6F1E9}Prefabs/Characters/Vests/Vest_TV110_Pouches/Pouch_UP113_DropPouch_MC.et;{32C385404C395648}Prefabs/Characters/Vests/Vest_TV110_Pouches/Pouch_GP106_RGD_Pouch_MC.et;{87DB91EAD6ECA0D6}Prefabs/Characters/Vests/Vest_TV110_Pouches/Pouch_MP111_PistolClosed_MC.et;{4FCFA8454D766E94}Prefabs/Characters/Vests/Vest_Taktika_Pouches/Pouch_ArsArma_magouch_morphed_COY.et;{4FCFA8454D766E94}Prefabs/Characters/Vests/Vest_Taktika_Pouches/Pouch_ArsArma_magouch_morphed_COY.et;{4FCFA8454D766E94}Prefabs/Characters/Vests/Vest_Taktika_Pouches/Pouch_ArsArma_magouch_morphed_COY.et;{09754C616839DF48}Prefabs/Characters/Vests/Vest_TV110_Pouches/Pouch_GP106_RGD_Pouch_2_MC.et;{A3DC8A3B052FDAD9}Prefabs/Characters/Vests/Vest_TV110_Pouches/Pouch_UP103_Medkit_MC.et;{1A9C298DA7FDA8C9}Prefabs/Characters/Vests/Vest_TV110_Pouches/Pouch_UP104_utilmini_MC.et;{4FCFA8454D766E94}Prefabs/Characters/Vests/Vest_Taktika_Pouches/Pouch_ArsArma_magouch_morphed_COY.et
vest_a18_hsgi_fg_1,{3BD90D47AA256590}Prefabs/Characters/Vests/Vest_AA_A18/variants/Vest_A18_HSGI_FG_1.et,cash,220,110,16,16,0,0,0,1,{B949AD0954715B54}Prefabs/Characters/Vests/Vest_TV110_Pouches/Pouch_UP111_radioClosed_FG.et;{D2AB94F8D7308261}Prefabs/Characters/Vests/Vest_TV110_Pouches/Pouch_HP103_Holster_FG.et;{25DA77988320DACA}Prefabs/Characters/Vests/Vest_Taktika_Pouches/Pouch_ArsArma_magouch_morphed_ATACS.et;{25DA77988320DACA}Prefabs/Characters/Vests/Vest_Taktika_Pouches/Pouch_ArsArma_magouch_morphed_ATACS.et;{5063FC55C40B6B26}Prefabs/Characters/Vests/Vest_TV110_Pouches/Pouch_MP111_PistolClosed2_FG.et;{CA5F52C8B7B0E655}Prefabs/Characters/Vests/Vest_TV110_Pouches/Pouch_UP113_DropPouch_FG.et;{85FF4B7AC75F41F4}Prefabs/Characters/Vests/Vest_TV110_Pouches/Pouch_GP106_RGD_Pouch_FG.et;{30E75FD05D8AB76A}Prefabs/Characters/Vests/Vest_TV110_Pouches/Pouch_MP111_PistolClosed_FG.et;{25DA77988320DACA}Prefabs/Characters/Vests/Vest_Taktika_Pouches/Pouch_ArsArma_magouch_morphed_ATACS.et;{25DA77988320DACA}Prefabs/Characters/Vests/Vest_Taktika_Pouches/Pouch_ArsArma_magouch_morphed_ATACS.et;{25DA77988320DACA}Prefabs/Characters/Vests/Vest_Taktika_Pouches/Pouch_ArsArma_magouch_morphed_ATACS.et;{BE49825BE35FC8F4}Prefabs/Characters/Vests/Vest_TV110_Pouches/Pouch_GP106_RGD_Pouch_2_FG.et;{14E044018E49CD65}Prefabs/Characters/Vests/Vest_TV110_Pouches/Pouch_UP103_Medkit_FG.et;{ADA0E7B72C9BBF75}Prefabs/Characters/Vests/Vest_TV110_Pouches/Pouch_UP104_utilmini_FG.et;{25DA77988320DACA}Prefabs/Characters/Vests/Vest_Taktika_Pouches/Pouch_ArsArma_magouch_morphed_ATACS.et;{F95BF1BD612D3B38}Prefabs/Characters/Vests/Vest_TV110_Pouches/Pouch_UP118_fannypack_FG.et
vest_a18_hsgi_mc_1,{FF949A53EB551F00}Prefabs/Characters/Vests/Vest_AA_A18/variants/Vest_A18_HSGI_MC_1.et,cash,220,110,15,15,0,0,0,1,{0E756333DF174CE8}Prefabs/Characters/Vests/Vest_TV110_Pouches/Pouch_UP111_radioClosed_MC.et;{65975AC25C5695DD}Prefabs/Characters/Vests/Vest_TV110_Pouches/Pouch_HP103_Holster_MC.et;{4FCFA8454D766E94}Prefabs/Characters/Vests/Vest_Taktika_Pouches/Pouch_ArsArma_magouch_morphed_COY.et;{4FCFA8454D766E94}Prefabs/Characters/Vests/Vest_Taktika_Pouches/Pouch_ArsArma_magouch_morphed_COY.et;{E75F326F4F6D7C9A}Prefabs/Characters/Vests/Vest_TV110_Pouches/Pouch_MP111_PistolClosed2_MC.et;{7D639CF23CD6F1E9}Prefabs/Characters/Vests/Vest_TV110_Pouches/Pouch_UP113_DropPouch_MC.et;{32C385404C395648}Prefabs/Characters/Vests/Vest_TV110_Pouches/Pouch_GP106_RGD_Pouch_MC.et;{87DB91EAD6ECA0D6}Prefabs/Characters/Vests/Vest_TV110_Pouches/Pouch_MP111_PistolClosed_MC.et;{481F45BF8BF07037}Prefabs/Characters/Vests/Vest_Taktika_Pouches/Pouch_ArsArma_magouch_morphed_MC.et;{481F45BF8BF07037}Prefabs/Characters/Vests/Vest_Taktika_Pouches/Pouch_ArsArma_magouch_morphed_MC.et;{481F45BF8BF07037}Prefabs/Characters/Vests/Vest_Taktika_Pouches/Pouch_ArsArma_magouch_morphed_MC.et;{09754C616839DF48}Prefabs/Characters/Vests/Vest_TV110_Pouches/Pouch_GP106_RGD_Pouch_2_MC.et;{A3DC8A3B052FDAD9}Prefabs/Characters/Vests/Vest_TV110_Pouches/Pouch_UP103_Medkit_MC.et;{1A9C298DA7FDA8C9}Prefabs/Characters/Vests/Vest_TV110_Pouches/Pouch_UP104_utilmini_MC.et;{481F45BF8BF07037}Prefabs/Characters/Vests/Vest_Taktika_Pouches/Pouch_ArsArma_magouch_morphed_MC.et
vest_a18_mp117_belt,{1C74538C7D90166F}Prefabs/Characters/Vests/Vest_AA_A18/variants/Vest_A18_mp117_belt.et,cash,1600,800,23,23,0,0,0,1,{10263C25AB0CF911}Prefabs/Characters/Vests/Vest_Ratnik_Pouches/Pouch_Ratnik_azart_pouch_new.et;{BA5E1818670BB5AA}Prefabs/Characters/Vests/Vest_TV110_Pouches/Pouch_wartech_magpouch_mp117_emr_3.et;{5FC254E16BEE22C1}Prefabs/Characters/Vests/Vest_TV110_Pouches/Pouch_wartech_magpouch_mp117_emr_2.et;{BA5E1818670BB5AA}Prefabs/Characters/Vests/Vest_TV110_Pouches/Pouch_wartech_magpouch_mp117_emr_3.et;{495F2D5A7C8A56C3}Prefabs/Characters/Vests/Vest_Ratnik_Pouches/Pouch_Ratnik_GND_Pouch_1.et;{250B19BAC04ED9ED}Prefabs/Characters/Vests/Vest_Ratnik_Pouches/Pouch_Ratnik_GND_Pouch_2.et;{9079B1945181E324}Prefabs/Characters/Vests/Vest_Ratnik_Pouches/Pouch_Ratnik_Holster_Base.et;{682AB793D03D1890}Prefabs/Characters/Vests/Vest_TV110_Pouches/Pouch_UP104_utilmini_EMR.et;{C0975543CCAB4E86}Prefabs/Characters/Vests/Vest_Ratnik_Pouches/Pouch_Ratnik_GND_Pouch_3.et;{FDA3707BB9C7C7B1}Prefabs/Characters/Vests/Vest_Ratnik_Pouches/Pouch_Ratnik_GND_Pouch_4.et;{B42C708ADDB893B1}Prefabs/Characters/Vests/Vest_TV110_Pouches/Pouch_MP111_PistolClosed2_EMR.et;{0FC27F9BC4B7A50B}Prefabs/Characters/Vests/Vest_TV110_Pouches/Pouch_UP113_DropPouch_EMR.et;{26F006F997CBF540}Prefabs/Characters/Vests/Vest_TV110_Pouches/Pouch_MP111_PistolClosed_EMR.et;{699A470D29854BF0}Prefabs/Characters/Vests/Vest_TV110_Pouches/Pouch_GP106_RGD_Pouch_EMR.et;{2063019F7E9547CA}Prefabs/Characters/Vests/Vest_TV110_Pouches/Pouch_GP106_RGD_Pouch_2_EMR.et;{974A4F287532526E}Prefabs/Characters/Vests/Vest_TV110_Pouches/Pouch_UP101_Admin_big_EMR.et;{A4A240907B301D41}Prefabs/Characters/Vests/Vest_TV110_Pouches/Pouch_UP103_Medkit_EMR.et;{4E8AEF1A8450EB66}Prefabs/Characters/Vests/Vest_TV110_Pouches/Pouch_wartech_magpouch_mp105_pistol_EMR.et;{BA5E1818670BB5AA}Prefabs/Characters/Vests/Vest_TV110_Pouches/Pouch_wartech_magpouch_mp117_emr_3.et;{5FC254E16BEE22C1}Prefabs/Characters/Vests/Vest_TV110_Pouches/Pouch_wartech_magpouch_mp117_emr_2.et;{F143A0B0DD4271E5}Prefabs/Characters/Vests/Vest_Ratnik_Pouches/Pouch_Ratnik_Bottlepouch_base.et;{769F4F145CE6CA70}Prefabs/Characters/Vests/Vest_TV110_Pouches/Pouch_MP118_PistolTako_EMR.et;{6637A17112761D8F}Prefabs/Characters/Vests/Vest_TV110_Pouches/Pouch_UP118_fannypack_EMR.et
vest_a18_mp117_belt2,{7E4E48F394335817}Prefabs/Characters/Vests/Vest_AA_A18/variants/Vest_A18_mp117_belt2.et,cash,1600,800,24,24,0,0,0,1,{10263C25AB0CF911}Prefabs/Characters/Vests/Vest_Ratnik_Pouches/Pouch_Ratnik_azart_pouch_new.et;{BA5E1818670BB5AA}Prefabs/Characters/Vests/Vest_TV110_Pouches/Pouch_wartech_magpouch_mp117_emr_3.et;{5FC254E16BEE22C1}Prefabs/Characters/Vests/Vest_TV110_Pouches/Pouch_wartech_magpouch_mp117_emr_2.et;{BA5E1818670BB5AA}Prefabs/Characters/Vests/Vest_TV110_Pouches/Pouch_wartech_magpouch_mp117_emr_3.et;{495F2D5A7C8A56C3}Prefabs/Characters/Vests/Vest_Ratnik_Pouches/Pouch_Ratnik_GND_Pouch_1.et;{250B19BAC04ED9ED}Prefabs/Characters/Vests/Vest_Ratnik_Pouches/Pouch_Ratnik_GND_Pouch_2.et;{9079B1945181E324}Prefabs/Characters/Vests/Vest_Ratnik_Pouches/Pouch_Ratnik_Holster_Base.et;{682AB793D03D1890}Prefabs/Characters/Vests/Vest_TV110_Pouches/Pouch_UP104_utilmini_EMR.et;{C0975543CCAB4E86}Prefabs/Characters/Vests/Vest_Ratnik_Pouches/Pouch_Ratnik_GND_Pouch_3.et;{FDA3707BB9C7C7B1}Prefabs/Characters/Vests/Vest_Ratnik_Pouches/Pouch_Ratnik_GND_Pouch_4.et;{B42C708ADDB893B1}Prefabs/Characters/Vests/Vest_TV110_Pouches/Pouch_MP111_PistolClosed2_EMR.et;{0FC27F9BC4B7A50B}Prefabs/Characters/Vests/Vest_TV110_Pouches/Pouch_UP113_DropPouch_EMR.et;{26F006F997CBF540}Prefabs/Characters/Vests/Vest_TV110_Pouches/Pouch_MP111_PistolClosed_EMR.et;{699A470D29854BF0}Prefabs/Characters/Vests/Vest_TV110_Pouches/Pouch_GP106_RGD_Pouch_EMR.et;{2063019F7E9547CA}Prefabs/Characters/Vests/Vest_TV110_Pouches/Pouch_GP106_RGD_Pouch_2_EMR.et;{974A4F287532526E}Prefabs/Characters/Vests/Vest_TV110_Pouches/Pouch_UP101_Admin_big_EMR.et;{A4A240907B301D41}Prefabs/Characters/Vests/Vest_TV110_Pouches/Pouch_UP103_Medkit_EMR.et;{4E8AEF1A8450EB66}Prefabs/Characters/Vests/Vest_TV110_Pouches/Pouch_wartech_magpouch_mp105_pistol_EMR.et;{BA5E1818670BB5AA}Prefabs/Characters/Vests/Vest_TV110_Pouches/Pouch_wartech_magpouch_mp117_emr_3.et;{5FC254E16BEE22C1}Prefabs/Characters/Vests/Vest_TV110_Pouches/Pouch_wartech_magpouch_mp117_emr_2.et;{F143A0B0DD4271E5}Prefabs/Characters/Vests/Vest_Ratnik_Pouches/Pouch_Ratnik_Bottlepouch_base.et;{769F4F145CE6CA70}Prefabs/Characters/Vests/Vest_TV110_Pouches/Pouch_MP118_PistolTako_EMR.et;{6637A17112761D8F}Prefabs/Characters/Vests/Vest_TV110_Pouches/Pouch_UP118_fannypack_EMR.et;{2DFE63EA0FC1989F}Prefabs/Characters/Vests/Vest_TV110_Pouches/Minimap_ArsArma_GMR_EMR.et
vest_a18_ratnik,{868E5FB7D9ADC4DB}Prefabs/Characters/Vests/Vest_AA_A18/variants/Vest_A18_Ratnik.et,cash,1600,800,10,10,0,0,0,1,{10263C25AB0CF911}Prefabs/Characters/Vests/Vest_Ratnik_Pouches/Pouch_Ratnik_azart_pouch_new.et;{E8756616BA2574AE}Prefabs/Characters/Vests/Vest_Ratnik_Pouches/Pouch_Ratnik_ak_pouch_new_1.et;{842152F606E1FB80}Prefabs/Characters/Vests/Vest_Ratnik_Pouches/Pouch_Ratnik_ak_pouch_new_2.et;{61BD1E0F0A046CEB}Prefabs/Characters/Vests/Vest_Ratnik_Pouches/Pouch_Ratnik_ak_pouch_new_3.et;{495F2D5A7C8A56C3}Prefabs/Characters/Vests/Vest_Ratnik_Pouches/Pouch_Ratnik_GND_Pouch_1.et;{250B19BAC04ED9ED}Prefabs/Characters/Vests/Vest_Ratnik_Pouches/Pouch_Ratnik_GND_Pouch_2.et;{9079B1945181E324}Prefabs/Characters/Vests/Vest_Ratnik_Pouches/Pouch_Ratnik_Holster_Base.et;{05EE21651FEAC0AE}Prefabs/Characters/Vests/Vest_Ratnik_Pouches/Pouch_Ratnik_appi_pouch_new.et;{C0975543CCAB4E86}Prefabs/Characters/Vests/Vest_Ratnik_Pouches/Pouch_Ratnik_GND_Pouch_3.et;{FDA3707BB9C7C7B1}Prefabs/Characters/Vests/Vest_Ratnik_Pouches/Pouch_Ratnik_GND_Pouch_4.et
vest_a18_ratnik_belt,{259CCA32A8A6289A}Prefabs/Characters/Vests/Vest_AA_A18/variants/Vest_A18_Ratnik_Belt.et,cash,1600,800,23,23,0,0,0,1,{10263C25AB0CF911}Prefabs/Characters/Vests/Vest_Ratnik_Pouches/Pouch_Ratnik_azart_pouch_new.et;{E8756616BA2574AE}Prefabs/Characters/Vests/Vest_Ratnik_Pouches/Pouch_Ratnik_ak_pouch_new_1.et;{842152F606E1FB80}Prefabs/Characters/Vests/Vest_Ratnik_Pouches/Pouch_Ratnik_ak_pouch_new_2.et;{61BD1E0F0A046CEB}Prefabs/Characters/Vests/Vest_Ratnik_Pouches/Pouch_Ratnik_ak_pouch_new_3.et;{495F2D5A7C8A56C3}Prefabs/Characters/Vests/Vest_Ratnik_Pouches/Pouch_Ratnik_GND_Pouch_1.et;{250B19BAC04ED9ED}Prefabs/Characters/Vests/Vest_Ratnik_Pouches/Pouch_Ratnik_GND_Pouch_2.et;{9079B1945181E324}Prefabs/Characters/Vests/Vest_Ratnik_Pouches/Pouch_Ratnik_Holster_Base.et;{05EE21651FEAC0AE}Prefabs/Characters/Vests/Vest_Ratnik_Pouches/Pouch_Ratnik_appi_pouch_new.et;{C0975543CCAB4E86}Prefabs/Characters/Vests/Vest_Ratnik_Pouches/Pouch_Ratnik_GND_Pouch_3.et;{FDA3707BB9C7C7B1}Prefabs/Characters/Vests/Vest_Ratnik_Pouches/Pouch_Ratnik_GND_Pouch_4.et;{B42C708ADDB893B1}Prefabs/Characters/Vests/Vest_TV110_Pouches/Pouch_MP111_PistolClosed2_EMR.et;{0FC27F9BC4B7A50B}Prefabs/Characters/Vests/Vest_TV110_Pouches/Pouch_UP113_DropPouch_EMR.et;{26F006F997CBF540}Prefabs/Characters/Vests/Vest_TV110_Pouches/Pouch_MP111_PistolClosed_EMR.et;{699A470D29854BF0}Prefabs/Characters/Vests/Vest_TV110_Pouches/Pouch_GP106_RGD_Pouch_EMR.et;{2063019F7E9547CA}Prefabs/Characters/Vests/Vest_TV110_Pouches/Pouch_GP106_RGD_Pouch_2_EMR.et;{2FFB0BAB85D5919E}Prefabs/Characters/Vests/Vest_TV110_Pouches/Pouch_UP102_Admin_small_EMR.et;{2DFE63EA0FC1989F}Prefabs/Characters/Vests/Vest_TV110_Pouches/Minimap_ArsArma_GMR_EMR.et;{A4A240907B301D41}Prefabs/Characters/Vests/Vest_TV110_Pouches/Pouch_UP103_Medkit_EMR.et;{4E8AEF1A8450EB66}Prefabs/Characters/Vests/Vest_TV110_Pouches/Pouch_wartech_magpouch_mp105_pistol_EMR.et;{BA5E1818670BB5AA}Prefabs/Characters/Vests/Vest_TV110_Pouches/Pouch_wartech_magpouch_mp117_emr_3.et;{5FC254E16BEE22C1}Prefabs/Characters/Vests/Vest_TV110_Pouches/Pouch_wartech_magpouch_mp117_emr_2.et;{F143A0B0DD4271E5}Prefabs/Characters/Vests/Vest_Ratnik_Pouches/Pouch_Ratnik_Bottlepouch_base.et;{769F4F145CE6CA70}Prefabs/Characters/Vests/Vest_TV110_Pouches/Pouch_MP118_PistolTako_EMR.et
vest_aa_a18_coy,{AA28144C1153A86B}Prefabs/Characters/Vests/Vest_AA_A18/Vest_AA_A18_Coy.et,cash,1600,800,3,1,600,300,0,1,{FF692FD5AFD43076}Prefabs/Characters/Vests/Vest_Ratnik_6B45/Plates/DestructibleArmorPlate_6B45_Granit_Front.et;{1486E991C03BE661}Prefabs/Characters/Vests/Vest_Ratnik_6B45/Plates/DestructibleArmorPlate_6B45_Granit_Back.et;{5EF49B7CE96CF75F}Prefabs/Characters/Vests/Vest_AA_A18/attachment_A18_zad_Coy.et
vest_aa_a18_emr,{3778808BA899E989}Prefabs/Characters/Vests/Vest_AA_A18/Vest_AA_A18_EMR.et,cash,1600,800,3,1,600,300,0,1,{FF692FD5AFD43076}Prefabs/Characters/Vests/Vest_Ratnik_6B45/Plates/DestructibleArmorPlate_6B45_Granit_Front.et;{1486E991C03BE661}Prefabs/Characters/Vests/Vest_Ratnik_6B45/Plates/DestructibleArmorPlate_6B45_Granit_Back.et;{C3A40FBB50A6B6BD}Prefabs/Characters/Vests/Vest_AA_A18/attachment_A18_zad_EMR.et
vest_aa_a18_emr_groin,{6974FD74AB0E9448}Prefabs/Characters/Vests/Vest_AA_A18/Vest_AA_A18_EMR_groin.et,cash,1600,800,4,2,600,300,0,1,{FF692FD5AFD43076}Prefabs/Characters/Vests/Vest_Ratnik_6B45/Plates/DestructibleArmorPlate_6B45_Granit_Front.et;{1486E991C03BE661}Prefabs/Characters/Vests/Vest_Ratnik_6B45/Plates/DestructibleArmorPlate_6B45_Granit_Back.et;{FBD8560E466391E9}Prefabs/Characters/Vests/Vest_AACPC/attachment_ARSARma_Groin_EMR.et;{C3A40FBB50A6B6BD}Prefabs/Characters/Vests/Vest_AA_A18/attachment_A18_zad_EMR.et
vest_aa_a18_emr_groin_triple,{A95922431F826FA1}Prefabs/Characters/Vests/Vest_AA_A18/Vest_AA_A18_EMR_groin_triple.et,cash,1600,800,4,2,600,300,0,1,{FF692FD5AFD43076}Prefabs/Characters/Vests/Vest_Ratnik_6B45/Plates/DestructibleArmorPlate_6B45_Granit_Front.et;{1486E991C03BE661}Prefabs/Characters/Vests/Vest_Ratnik_6B45/Plates/DestructibleArmorPlate_6B45_Granit_Back.et;{44B91DB27D2D0760}Prefabs/Characters/Vests/Vest_AACPC/attachment_ARSARma_GroinTriple_EMR.et;{C3A40FBB50A6B6BD}Prefabs/Characters/Vests/Vest_AA_A18/attachment_A18_zad_EMR.et
vest_aa_a18_emr_vorot,{A8D06C60AE607B74}Prefabs/Characters/Vests/Vest_AA_A18/Vest_AA_A18_EMR_Vorot.et,cash,1600,800,3,1,600,300,0,1,{FF692FD5AFD43076}Prefabs/Characters/Vests/Vest_Ratnik_6B45/Plates/DestructibleArmorPlate_6B45_Granit_Front.et;{1486E991C03BE661}Prefabs/Characters/Vests/Vest_Ratnik_6B45/Plates/DestructibleArmorPlate_6B45_Granit_Back.et;{95C8A7658DCCA503}Prefabs/Characters/Vests/Vest_AA_A18/attachment_A18_neck_EMR.et
vest_aa_a18_emr_vorot_groin,{06BBF46F1C02DD31}Prefabs/Characters/Vests/Vest_AA_A18/Vest_AA_A18_EMR_Vorot_Groin.et,cash,1600,800,4,2,600,300,0,1,{FF692FD5AFD43076}Prefabs/Characters/Vests/Vest_Ratnik_6B45/Plates/DestructibleArmorPlate_6B45_Granit_Front.et;{1486E991C03BE661}Prefabs/Characters/Vests/Vest_Ratnik_6B45/Plates/DestructibleArmorPlate_6B45_Granit_Back.et;{FBD8560E466391E9}Prefabs/Characters/Vests/Vest_AACPC/attachment_ARSARma_Groin_EMR.et;{95C8A7658DCCA503}Prefabs/Characters/Vests/Vest_AA_A18/attachment_A18_neck_EMR.et
vest_aa_a18_emr_vorot_groin_shoulders,{3BEC66276EDB8AAC}Prefabs/Characters/Vests/Vest_AA_A18/Vest_AA_A18_EMR_Vorot_Groin_Shoulders.et,cash,1600,800,5,3,600,300,0,1,{FF692FD5AFD43076}Prefabs/Characters/Vests/Vest_Ratnik_6B45/Plates/DestructibleArmorPlate_6B45_Granit_Front.et;{1486E991C03BE661}Prefabs/Characters/Vests/Vest_Ratnik_6B45/Plates/DestructibleArmorPlate_6B45_Granit_Back.et;{FBD8560E466391E9}Prefabs/Characters/Vests/Vest_AACPC/attachment_ARSARma_Groin_EMR.et;{95C8A7658DCCA503}Prefabs/Characters/Vests/Vest_AA_A18/attachment_A18_neck_EMR.et;{A9DF7220883D1E21}Prefabs/Characters/Vests/Vest_AACPC/attachment_AACPC_Shoulder_Prot_EMR.et
vest_aa_a18_emr_vorot_groin_tri,{AC1BFE7A05ACBB98}Prefabs/Characters/Vests/Vest_AA_A18/Vest_AA_A18_EMR_Vorot_Groin_Tri.et,cash,1600,800,4,2,600,300,0,1,{FF692FD5AFD43076}Prefabs/Characters/Vests/Vest_Ratnik_6B45/Plates/DestructibleArmorPlate_6B45_Granit_Front.et;{1486E991C03BE661}Prefabs/Characters/Vests/Vest_Ratnik_6B45/Plates/DestructibleArmorPlate_6B45_Granit_Back.et;{44B91DB27D2D0760}Prefabs/Characters/Vests/Vest_AACPC/attachment_ARSARma_GroinTriple_EMR.et;{95C8A7658DCCA503}Prefabs/Characters/Vests/Vest_AA_A18/attachment_A18_neck_EMR.et
vest_aa_a18_emr_vorot_grointri_shoulders,{10DC044F4A4DEED1}Prefabs/Characters/Vests/Vest_AA_A18/Vest_AA_A18_EMR_Vorot_GroinTri_Shoulders.et,cash,700,350,5,3,600,300,0,1,{FF692FD5AFD43076}Prefabs/Characters/Vests/Vest_Ratnik_6B45/Plates/DestructibleArmorPlate_6B45_Granit_Front.et;{1486E991C03BE661}Prefabs/Characters/Vests/Vest_Ratnik_6B45/Plates/DestructibleArmorPlate_6B45_Granit_Back.et;{44B91DB27D2D0760}Prefabs/Characters/Vests/Vest_AACPC/attachment_ARSARma_GroinTriple_EMR.et;{95C8A7658DCCA503}Prefabs/Characters/Vests/Vest_AA_A18/attachment_A18_neck_EMR.et;{A9DF7220883D1E21}Prefabs/Characters/Vests/Vest_AACPC/attachment_AACPC_Shoulder_Prot_EMR.et
vest_aa_a18_fg,{22150BED0776D09E}Prefabs/Characters/Vests/Vest_AA_A18/Vest_AA_A18_FG.et,cash,1600,800,3,1,600,300,0,1,{FF692FD5AFD43076}Prefabs/Characters/Vests/Vest_Ratnik_6B45/Plates/DestructibleArmorPlate_6B45_Granit_Front.et;{1486E991C03BE661}Prefabs/Characters/Vests/Vest_Ratnik_6B45/Plates/DestructibleArmorPlate_6B45_Granit_Back.et;{A4DBFF2265AE4B34}Prefabs/Characters/Vests/Vest_AA_A18/attachment_A18_zad_FG.et
vest_aa_a18_fg_groin,{A345F9A944918039}Prefabs/Characters/Vests/Vest_AA_A18/Vest_AA_A18_FG_groin.et,cash,700,350,4,2,600,300,0,1,{FF692FD5AFD43076}Prefabs/Characters/Vests/Vest_Ratnik_6B45/Plates/DestructibleArmorPlate_6B45_Granit_Front.et;{1486E991C03BE661}Prefabs/Characters/Vests/Vest_Ratnik_6B45/Plates/DestructibleArmorPlate_6B45_Granit_Back.et;{0A87B706F7A56C34}Prefabs/Characters/Vests/Vest_AACPC/attachment_ARSARma_Groin_FG.et;{A4DBFF2265AE4B34}Prefabs/Characters/Vests/Vest_AA_A18/attachment_A18_zad_FG.et
vest_aa_a18_fg_grointri,{F2E3B8824A1949EA}Prefabs/Characters/Vests/Vest_AA_A18/Vest_AA_A18_FG_groinTri.et,cash,700,350,4,2,600,300,0,1,{FF692FD5AFD43076}Prefabs/Characters/Vests/Vest_Ratnik_6B45/Plates/DestructibleArmorPlate_6B45_Granit_Front.et;{1486E991C03BE661}Prefabs/Characters/Vests/Vest_Ratnik_6B45/Plates/DestructibleArmorPlate_6B45_Granit_Back.et;{E91F42795DD281A7}Prefabs/Characters/Vests/Vest_AACPC/attachment_ARSARma_GroinTriple_FG.et;{A4DBFF2265AE4B34}Prefabs/Characters/Vests/Vest_AA_A18/attachment_A18_zad_FG.et
vest_aa_a18_fg_vorot,{62E168BD41FF6F05}Prefabs/Characters/Vests/Vest_AA_A18/Vest_AA_A18_FG_Vorot.et,cash,1600,800,3,1,600,300,0,1,{FF692FD5AFD43076}Prefabs/Characters/Vests/Vest_Ratnik_6B45/Plates/DestructibleArmorPlate_6B45_Granit_Front.et;{1486E991C03BE661}Prefabs/Characters/Vests/Vest_Ratnik_6B45/Plates/DestructibleArmorPlate_6B45_Granit_Back.et;{AC1FF546316FA4FE}Prefabs/Characters/Vests/Vest_AA_A18/attachment_A18_neck_FG.et
vest_aa_a18_fg_vorot_groin,{4309F8541B34AA61}Prefabs/Characters/Vests/Vest_AA_A18/Vest_AA_A18_FG_Vorot_Groin.et,cash,700,350,4,2,600,300,0,1,{FF692FD5AFD43076}Prefabs/Characters/Vests/Vest_Ratnik_6B45/Plates/DestructibleArmorPlate_6B45_Granit_Front.et;{1486E991C03BE661}Prefabs/Characters/Vests/Vest_Ratnik_6B45/Plates/DestructibleArmorPlate_6B45_Granit_Back.et;{0A87B706F7A56C34}Prefabs/Characters/Vests/Vest_AACPC/attachment_ARSARma_Groin_FG.et;{AC1FF546316FA4FE}Prefabs/Characters/Vests/Vest_AA_A18/attachment_A18_neck_FG.et
vest_aa_a18_fg_vorot_groin_shoulders,{C6C0BDAD4227AF6C}Prefabs/Characters/Vests/Vest_AA_A18/Vest_AA_A18_FG_Vorot_Groin_Shoulders.et,cash,1600,800,5,3,600,300,0,1,{FF692FD5AFD43076}Prefabs/Characters/Vests/Vest_Ratnik_6B45/Plates/DestructibleArmorPlate_6B45_Granit_Front.et;{1486E991C03BE661}Prefabs/Characters/Vests/Vest_Ratnik_6B45/Plates/DestructibleArmorPlate_6B45_Granit_Back.et;{0A87B706F7A56C34}Prefabs/Characters/Vests/Vest_AACPC/attachment_ARSARma_Groin_FG.et;{AC1FF546316FA4FE}Prefabs/Characters/Vests/Vest_AA_A18/attachment_A18_neck_FG.et;{3CB3250E4B8786B4}Prefabs/Characters/Vests/Vest_AACPC/attachment_AACPC_Shoulder_Prot_FG.et
vest_aa_a18_fg_vorot_grointri,{D1942F3F1668CB57}Prefabs/Characters/Vests/Vest_AA_A18/Vest_AA_A18_FG_Vorot_GroinTri.et,cash,700,350,4,2,600,300,0,1,{FF692FD5AFD43076}Prefabs/Characters/Vests/Vest_Ratnik_6B45/Plates/DestructibleArmorPlate_6B45_Granit_Front.et;{1486E991C03BE661}Prefabs/Characters/Vests/Vest_Ratnik_6B45/Plates/DestructibleArmorPlate_6B45_Granit_Back.et;{E91F42795DD281A7}Prefabs/Characters/Vests/Vest_AACPC/attachment_ARSARma_GroinTriple_FG.et;{AC1FF546316FA4FE}Prefabs/Characters/Vests/Vest_AA_A18/attachment_A18_neck_FG.et
vest_aa_a18_fg_vorot_grointri_shoulders,{865DA3F9F4F397C9}Prefabs/Characters/Vests/Vest_AA_A18/Vest_AA_A18_FG_Vorot_GroinTri_Shoulders.et,cash,700,350,5,3,600,300,0,1,{FF692FD5AFD43076}Prefabs/Characters/Vests/Vest_Ratnik_6B45/Plates/DestructibleArmorPlate_6B45_Granit_Front.et;{1486E991C03BE661}Prefabs/Characters/Vests/Vest_Ratnik_6B45/Plates/DestructibleArmorPlate_6B45_Granit_Back.et;{E91F42795DD281A7}Prefabs/Characters/Vests/Vest_AACPC/attachment_ARSARma_GroinTriple_FG.et;{AC1FF546316FA4FE}Prefabs/Characters/Vests/Vest_AA_A18/attachment_A18_neck_FG.et;{3CB3250E4B8786B4}Prefabs/Characters/Vests/Vest_AACPC/attachment_AACPC_Shoulder_Prot_FG.et
vest_aa_a18_mc,{9529C5D78C10C722}Prefabs/Characters/Vests/Vest_AA_A18/Vest_AA_A18_MC.et,cash,1600,800,3,1,600,300,0,1,{FF692FD5AFD43076}Prefabs/Characters/Vests/Vest_Ratnik_6B45/Plates/DestructibleArmorPlate_6B45_Granit_Front.et;{1486E991C03BE661}Prefabs/Characters/Vests/Vest_Ratnik_6B45/Plates/DestructibleArmorPlate_6B45_Granit_Back.et;{68D2CAA61E8628E2}Prefabs/Characters/Vests/Vest_AA_A18/attachment_A18_zad_base.et
vest_aa_a18_mc_groin,{B8C149726880F1CA}Prefabs/Characters/Vests/Vest_AA_A18/Vest_AA_A18_MC_Groin.et,cash,1600,800,4,2,600,300,0,1,{FF692FD5AFD43076}Prefabs/Characters/Vests/Vest_Ratnik_6B45/Plates/DestructibleArmorPlate_6B45_Granit_Front.et;{1486E991C03BE661}Prefabs/Characters/Vests/Vest_Ratnik_6B45/Plates/DestructibleArmorPlate_6B45_Granit_Back.et;{BDBB793C7CC37B88}Prefabs/Characters/Vests/Vest_AACPC/attachment_ARSARma_Groin_MC.et;{68D2CAA61E8628E2}Prefabs/Characters/Vests/Vest_AA_A18/attachment_A18_zad_base.et
vest_aa_a18_mc_grointri,{7EB25BE4EFF60D8A}Prefabs/Characters/Vests/Vest_AA_A18/Vest_AA_A18_MC_GroinTri.et,cash,1600,800,4,2,600,300,0,1,{FF692FD5AFD43076}Prefabs/Characters/Vests/Vest_Ratnik_6B45/Plates/DestructibleArmorPlate_6B45_Granit_Front.et;{1486E991C03BE661}Prefabs/Characters/Vests/Vest_Ratnik_6B45/Plates/DestructibleArmorPlate_6B45_Granit_Back.et;{5E238C43D6B4961B}Prefabs/Characters/Vests/Vest_AACPC/attachment_ARSARma_GroinTriple_MC.et;{68D2CAA61E8628E2}Prefabs/Characters/Vests/Vest_AA_A18/attachment_A18_zad_base.et
vest_aa_a18_mc_vorot,{7965D8666DEE1EF6}Prefabs/Characters/Vests/Vest_AA_A18/Vest_AA_A18_MC_Vorot.et,cash,1600,800,3,1,600,300,0,1,{FF692FD5AFD43076}Prefabs/Characters/Vests/Vest_Ratnik_6B45/Plates/DestructibleArmorPlate_6B45_Granit_Front.et;{1486E991C03BE661}Prefabs/Characters/Vests/Vest_Ratnik_6B45/Plates/DestructibleArmorPlate_6B45_Granit_Back.et;{810E7D61602BEF47}Prefabs/Characters/Vests/Vest_AA_A18/attachment_A18_neck_base.et
vest_aa_a18_mc_vorot_groin,{1325F0FFF1E33C37}Prefabs/Characters/Vests/Vest_AA_A18/Vest_AA_A18_MC_Vorot_Groin.et,cash,1600,800,4,2,600,300,0,1,{FF692FD5AFD43076}Prefabs/Characters/Vests/Vest_Ratnik_6B45/Plates/DestructibleArmorPlate_6B45_Granit_Front.et;{1486E991C03BE661}Prefabs/Characters/Vests/Vest_Ratnik_6B45/Plates/DestructibleArmorPlate_6B45_Granit_Back.et;{BDBB793C7CC37B88}Prefabs/Characters/Vests/Vest_AACPC/attachment_ARSARma_Groin_MC.et;{810E7D61602BEF47}Prefabs/Characters/Vests/Vest_AA_A18/attachment_A18_neck_base.et
vest_aa_a18_mc_vorot_groin_shoulders,{D269163F9E8F68B0}Prefabs/Characters/Vests/Vest_AA_A18/Vest_AA_A18_MC_Vorot_Groin_Shoulders.et,cash,1600,800,5,3,600,300,0,1,{FF692FD5AFD43076}Prefabs/Characters/Vests/Vest_Ratnik_6B45/Plates/DestructibleArmorPlate_6B45_Granit_Front.et;{1486E991C03BE661}Prefabs/Characters/Vests/Vest_Ratnik_6B45/Plates/DestructibleArmorPlate_6B45_Granit_Back.et;{BDBB793C7CC37B88}Prefabs/Characters/Vests/Vest_AACPC/attachment_ARSARma_Groin_MC.et;{810E7D61602BEF47}Prefabs/Characters/Vests/Vest_AA_A18/attachment_A18_neck_base.et;{8B8FEB34C0E19108}Prefabs/Characters/Vests/Vest_AACPC/attachment_AACPC_Shoulder_Prot_MC.et
vest_aa_a18_mc_vorot_grointri,{FD89A9F66BA89644}Prefabs/Characters/Vests/Vest_AA_A18/Vest_AA_A18_MC_Vorot_GroinTri.et,cash,700,350,4,2,600,300,0,1,{FF692FD5AFD43076}Prefabs/Characters/Vests/Vest_Ratnik_6B45/Plates/DestructibleArmorPlate_6B45_Granit_Front.et;{1486E991C03BE661}Prefabs/Characters/Vests/Vest_Ratnik_6B45/Plates/DestructibleArmorPlate_6B45_Granit_Back.et;{5E238C43D6B4961B}Prefabs/Characters/Vests/Vest_AACPC/attachment_ARSARma_GroinTriple_MC.et;{810E7D61602BEF47}Prefabs/Characters/Vests/Vest_AA_A18/attachment_A18_neck_base.et
vest_aa_a18_mc_vorot_grointri_shoulders,{AEF8D271E01C3C3F}Prefabs/Characters/Vests/Vest_AA_A18/Vest_AA_A18_MC_Vorot_GroinTri_Shoulders.et,cash,1600,800,5,3,600,300,0,1,{FF692FD5AFD43076}Prefabs/Characters/Vests/Vest_Ratnik_6B45/Plates/DestructibleArmorPlate_6B45_Granit_Front.et;{1486E991C03BE661}Prefabs/Characters/Vests/Vest_Ratnik_6B45/Plates/DestructibleArmorPlate_6B45_Granit_Back.et;{5E238C43D6B4961B}Prefabs/Characters/Vests/Vest_AACPC/attachment_ARSARma_GroinTriple_MC.et;{810E7D61602BEF47}Prefabs/Characters/Vests/Vest_AA_A18/attachment_A18_neck_base.et;{8B8FEB34C0E19108}Prefabs/Characters/Vests/Vest_AACPC/attachment_AACPC_Shoulder_Prot_MC.et
vest_aacpc_arsarmahsgi_fg_1,{779798513C980AD9}Prefabs/Characters/Vests/Vest_AACPC/variants/Vest_AACPC_arsarmaHSGI_FG_1.et,cash,280,140,16,16,0,0,0,1,{3939B3FA5D56A610}Prefabs/Characters/Vests/Vest_AACPC_Pouches/Pouch_AACPC_front_molle_FG.et;{34A562D30B1CFFEB}Prefabs/Characters/Vests/Vest_TV110_Pouches/Minimap_ArsArma_GMR_FG.et;{B949AD0954715B54}Prefabs/Characters/Vests/Vest_TV110_Pouches/Pouch_UP111_radioClosed_FG.et;{D2AB94F8D7308261}Prefabs/Characters/Vests/Vest_TV110_Pouches/Pouch_HP103_Holster_FG.et;{25DA77988320DACA}Prefabs/Characters/Vests/Vest_Taktika_Pouches/Pouch_ArsArma_magouch_morphed_ATACS.et;{25DA77988320DACA}Prefabs/Characters/Vests/Vest_Taktika_Pouches/Pouch_ArsArma_magouch_morphed_ATACS.et;{5063FC55C40B6B26}Prefabs/Characters/Vests/Vest_TV110_Pouches/Pouch_MP111_PistolClosed2_FG.et;{CA5F52C8B7B0E655}Prefabs/Characters/Vests/Vest_TV110_Pouches/Pouch_UP113_DropPouch_FG.et;{85FF4B7AC75F41F4}Prefabs/Characters/Vests/Vest_TV110_Pouches/Pouch_GP106_RGD_Pouch_FG.et;{30E75FD05D8AB76A}Prefabs/Characters/Vests/Vest_TV110_Pouches/Pouch_MP111_PistolClosed_FG.et;{25DA77988320DACA}Prefabs/Characters/Vests/Vest_Taktika_Pouches/Pouch_ArsArma_magouch_morphed_ATACS.et;{25DA77988320DACA}Prefabs/Characters/Vests/Vest_Taktika_Pouches/Pouch_ArsArma_magouch_morphed_ATACS.et;{25DA77988320DACA}Prefabs/Characters/Vests/Vest_Taktika_Pouches/Pouch_ArsArma_magouch_morphed_ATACS.et;{BE49825BE35FC8F4}Prefabs/Characters/Vests/Vest_TV110_Pouches/Pouch_GP106_RGD_Pouch_2_FG.et;{14E044018E49CD65}Prefabs/Characters/Vests/Vest_TV110_Pouches/Pouch_UP103_Medkit_FG.et;{ADA0E7B72C9BBF75}Prefabs/Characters/Vests/Vest_TV110_Pouches/Pouch_UP104_utilmini_FG.et
vest_aacpc_arsarmahsgi_fg_2,{B9F1A4544C4D12E9}Prefabs/Characters/Vests/Vest_AACPC/variants/Vest_AACPC_arsarmaHSGI_FG_2.et,cash,280,140,14,14,0,0,0,1,{3939B3FA5D56A610}Prefabs/Characters/Vests/Vest_AACPC_Pouches/Pouch_AACPC_front_molle_FG.et;{2DC7D46DB5CD2560}Prefabs/Characters/Vests/Vest_JPC_Pouches/Minimap_JPC_ZipOnPanel2.0_ATACS.et;{B949AD0954715B54}Prefabs/Characters/Vests/Vest_TV110_Pouches/Pouch_UP111_radioClosed_FG.et;{25DA77988320DACA}Prefabs/Characters/Vests/Vest_Taktika_Pouches/Pouch_ArsArma_magouch_morphed_ATACS.et;{25DA77988320DACA}Prefabs/Characters/Vests/Vest_Taktika_Pouches/Pouch_ArsArma_magouch_morphed_ATACS.et;{25DA77988320DACA}Prefabs/Characters/Vests/Vest_Taktika_Pouches/Pouch_ArsArma_magouch_morphed_ATACS.et;{CA5F52C8B7B0E655}Prefabs/Characters/Vests/Vest_TV110_Pouches/Pouch_UP113_DropPouch_FG.et;{85FF4B7AC75F41F4}Prefabs/Characters/Vests/Vest_TV110_Pouches/Pouch_GP106_RGD_Pouch_FG.et;{5A9864B6D519DC84}Prefabs/Characters/Vests/Vest_TV110_Pouches/Pouch_wartech_magpouch_mp105_FG.et;{38E9B184D50FEA5A}Prefabs/Characters/Vests/Vest_TV110_Pouches/Pouch_wartech_magpouch_mp105_3_FG.et;{FF2521192059A956}Prefabs/Characters/Vests/Vest_TV110_Pouches/Pouch_wartech_magpouch_mp105_2_FG.et;{BE49825BE35FC8F4}Prefabs/Characters/Vests/Vest_TV110_Pouches/Pouch_GP106_RGD_Pouch_2_FG.et;{14E044018E49CD65}Prefabs/Characters/Vests/Vest_TV110_Pouches/Pouch_UP103_Medkit_FG.et;{C9E74AC3DE3F2861}Prefabs/Characters/Vests/Vest_TV110_Pouches/Pouch_UP109_utillmid_FG.et
vest_aacpc_arsarmahsgi_fg_3,{5C6DE8AD40A88582}Prefabs/Characters/Vests/Vest_AACPC/variants/Vest_AACPC_arsarmaHSGI_FG_3.et,cash,280,140,14,14,0,0,0,1,{3939B3FA5D56A610}Prefabs/Characters/Vests/Vest_AACPC_Pouches/Pouch_AACPC_front_molle_FG.et;{FD35858922374ECC}Prefabs/Characters/Vests/Vest_JPC_Pouches/Minimap_JPC_ZipOnPanel2.0_MC.et;{B949AD0954715B54}Prefabs/Characters/Vests/Vest_TV110_Pouches/Pouch_UP111_radioClosed_FG.et;{25DA77988320DACA}Prefabs/Characters/Vests/Vest_Taktika_Pouches/Pouch_ArsArma_magouch_morphed_ATACS.et;{481F45BF8BF07037}Prefabs/Characters/Vests/Vest_Taktika_Pouches/Pouch_ArsArma_magouch_morphed_MC.et;{481F45BF8BF07037}Prefabs/Characters/Vests/Vest_Taktika_Pouches/Pouch_ArsArma_magouch_morphed_MC.et;{CA5F52C8B7B0E655}Prefabs/Characters/Vests/Vest_TV110_Pouches/Pouch_UP113_DropPouch_FG.et;{85FF4B7AC75F41F4}Prefabs/Characters/Vests/Vest_TV110_Pouches/Pouch_GP106_RGD_Pouch_FG.et;{F9BC9A3FA33E8287}Prefabs/Characters/Vests/Vest_TV110_Pouches/Pouch_wartech_magpouch_mp117_fg.et;{47E8AA80D344EFE7}Prefabs/Characters/Vests/Vest_TV110_Pouches/Pouch_wartech_magpouch_mp117_fg_2.et;{A274E679DFA1788C}Prefabs/Characters/Vests/Vest_TV110_Pouches/Pouch_wartech_magpouch_mp117_fg_3.et;{BE49825BE35FC8F4}Prefabs/Characters/Vests/Vest_TV110_Pouches/Pouch_GP106_RGD_Pouch_2_FG.et;{14E044018E49CD65}Prefabs/Characters/Vests/Vest_TV110_Pouches/Pouch_UP103_Medkit_FG.et;{C9E74AC3DE3F2861}Prefabs/Characters/Vests/Vest_TV110_Pouches/Pouch_UP109_utillmid_FG.et
vest_aacpc_arsarmahsgi_fg_4,{6159CD9535C40CB5}Prefabs/Characters/Vests/Vest_AACPC/variants/Vest_AACPC_arsarmaHSGI_FG_4.et,cash,280,140,16,16,0,0,0,1,{3939B3FA5D56A610}Prefabs/Characters/Vests/Vest_AACPC_Pouches/Pouch_AACPC_front_molle_FG.et;{B949AD0954715B54}Prefabs/Characters/Vests/Vest_TV110_Pouches/Pouch_UP111_radioClosed_FG.et;{A3DC8A3B052FDAD9}Prefabs/Characters/Vests/Vest_TV110_Pouches/Pouch_UP103_Medkit_MC.et;{F8EE0A17325E2C36}Prefabs/Characters/Vests/Vest_TV110_Pouches/Pouch_wartech_magpouch_mp103_MC.et;{481F45BF8BF07037}Prefabs/Characters/Vests/Vest_Taktika_Pouches/Pouch_ArsArma_magouch_morphed_MC.et;{7D639CF23CD6F1E9}Prefabs/Characters/Vests/Vest_TV110_Pouches/Pouch_UP113_DropPouch_MC.et;{32C385404C395648}Prefabs/Characters/Vests/Vest_TV110_Pouches/Pouch_GP106_RGD_Pouch_MC.et;{25DA77988320DACA}Prefabs/Characters/Vests/Vest_Taktika_Pouches/Pouch_ArsArma_magouch_morphed_ATACS.et;{25DA77988320DACA}Prefabs/Characters/Vests/Vest_Taktika_Pouches/Pouch_ArsArma_magouch_morphed_ATACS.et;{1A9C298DA7FDA8C9}Prefabs/Characters/Vests/Vest_TV110_Pouches/Pouch_UP104_utilmini_MC.et;{09754C616839DF48}Prefabs/Characters/Vests/Vest_TV110_Pouches/Pouch_GP106_RGD_Pouch_2_MC.et;{14E044018E49CD65}Prefabs/Characters/Vests/Vest_TV110_Pouches/Pouch_UP103_Medkit_FG.et;{C9E74AC3DE3F2861}Prefabs/Characters/Vests/Vest_TV110_Pouches/Pouch_UP109_utillmid_FG.et;{F95BF1BD612D3B38}Prefabs/Characters/Vests/Vest_TV110_Pouches/Pouch_UP118_fannypack_FG.et;{F8EE0A17325E2C36}Prefabs/Characters/Vests/Vest_TV110_Pouches/Pouch_wartech_magpouch_mp103_MC.et;{5409A90C23ADA30B}Prefabs/Characters/Vests/Vest_TV110_Pouches/Pouch_UP101_Admin_big_FG.et
vest_aacpc_arsarmahsgi_fg_5,{84C5816C39219BDE}Prefabs/Characters/Vests/Vest_AACPC/variants/Vest_AACPC_arsarmaHSGI_FG_5.et,cash,280,140,14,14,0,0,0,1,{3939B3FA5D56A610}Prefabs/Characters/Vests/Vest_AACPC_Pouches/Pouch_AACPC_front_molle_FG.et;{DD55971A433E1B3F}Prefabs/Characters/Vests/Vest_TV110_Pouches/Pouch_UP111_radioClosed_OD.et;{AC6188D5622701C2}Prefabs/Characters/Vests/Vest_Taktika_Pouches/Pouch_ArsArma_magouch_morphed_Blk.et;{DA55B848F410889F}Prefabs/Characters/Vests/Vest_TV110_Pouches/Pouch_GP106_RGD_Pouch_2_OD.et;{E1E37169D010019F}Prefabs/Characters/Vests/Vest_TV110_Pouches/Pouch_GP106_RGD_Pouch_OD.et;{7D639CF23CD6F1E9}Prefabs/Characters/Vests/Vest_TV110_Pouches/Pouch_UP113_DropPouch_MC.et;{5A9864B6D519DC84}Prefabs/Characters/Vests/Vest_TV110_Pouches/Pouch_wartech_magpouch_mp105_FG.et;{38E9B184D50FEA5A}Prefabs/Characters/Vests/Vest_TV110_Pouches/Pouch_wartech_magpouch_mp105_3_FG.et;{9B391B0A3716E93D}Prefabs/Characters/Vests/Vest_TV110_Pouches/Pouch_wartech_magpouch_mp105_2_OD.et;{AC6188D5622701C2}Prefabs/Characters/Vests/Vest_Taktika_Pouches/Pouch_ArsArma_magouch_morphed_Blk.et;{A3DC8A3B052FDAD9}Prefabs/Characters/Vests/Vest_TV110_Pouches/Pouch_UP103_Medkit_MC.et;{7EDB84F955593FDD}Prefabs/Characters/Vests/Vest_TV110_Pouches/Pouch_UP109_utillmid_MC.et;{5CF58B97C240AA31}Prefabs/Characters/Vests/Vest_TV110_Pouches/Pouch_wartech_magpouch_mp105_3_OD.et;{3E845EA5C2569CEF}Prefabs/Characters/Vests/Vest_TV110_Pouches/Pouch_wartech_magpouch_mp105_OD.et
vest_aacpc_arsarmahsgi_fg_6,{E891B58C85E514F0}Prefabs/Characters/Vests/Vest_AACPC/variants/Vest_AACPC_arsarmaHSGI_FG_6.et,cash,280,140,16,16,0,0,0,1,{3939B3FA5D56A610}Prefabs/Characters/Vests/Vest_AACPC_Pouches/Pouch_AACPC_front_molle_FG.et;{B949AD0954715B54}Prefabs/Characters/Vests/Vest_TV110_Pouches/Pouch_UP111_radioClosed_FG.et;{A3DC8A3B052FDAD9}Prefabs/Characters/Vests/Vest_TV110_Pouches/Pouch_UP103_Medkit_MC.et;{EDA4AA8C5E7FCB38}Prefabs/Characters/Vests/Vest_TV110_Pouches/Pouch_wartech_magpouch_mp105_MC.et;{8FD57FBE5E69FDE6}Prefabs/Characters/Vests/Vest_TV110_Pouches/Pouch_wartech_magpouch_mp105_3_MC.et;{CA5F52C8B7B0E655}Prefabs/Characters/Vests/Vest_TV110_Pouches/Pouch_UP113_DropPouch_FG.et;{32C385404C395648}Prefabs/Characters/Vests/Vest_TV110_Pouches/Pouch_GP106_RGD_Pouch_MC.et;{25DA77988320DACA}Prefabs/Characters/Vests/Vest_Taktika_Pouches/Pouch_ArsArma_magouch_morphed_ATACS.et;{25DA77988320DACA}Prefabs/Characters/Vests/Vest_Taktika_Pouches/Pouch_ArsArma_magouch_morphed_ATACS.et;{8FD57FBE5E69FDE6}Prefabs/Characters/Vests/Vest_TV110_Pouches/Pouch_wartech_magpouch_mp105_3_MC.et;{09754C616839DF48}Prefabs/Characters/Vests/Vest_TV110_Pouches/Pouch_GP106_RGD_Pouch_2_MC.et;{14E044018E49CD65}Prefabs/Characters/Vests/Vest_TV110_Pouches/Pouch_UP103_Medkit_FG.et;{C9E74AC3DE3F2861}Prefabs/Characters/Vests/Vest_TV110_Pouches/Pouch_UP109_utillmid_FG.et;{EDA4AA8C5E7FCB38}Prefabs/Characters/Vests/Vest_TV110_Pouches/Pouch_wartech_magpouch_mp105_MC.et;{FF2521192059A956}Prefabs/Characters/Vests/Vest_TV110_Pouches/Pouch_wartech_magpouch_mp105_2_FG.et;{50B958C01C53BF80}Prefabs/Characters/Vests/Vest_TV110_Pouches/Minimap_ArsArma_GMR_OD.et
vest_aacpc_arsarmahsgi_fg_mg,{6EAF16F58A111439}Prefabs/Characters/Vests/Vest_AACPC/variants/Vest_AACPC_arsarmaHSGI_FG_MG.et,cash,280,140,11,11,0,0,0,1,{3939B3FA5D56A610}Prefabs/Characters/Vests/Vest_AACPC_Pouches/Pouch_AACPC_front_molle_FG.et;{DD55971A433E1B3F}Prefabs/Characters/Vests/Vest_TV110_Pouches/Pouch_UP111_radioClosed_OD.et;{05CD790F33DDF9D6}Prefabs/Characters/Vests/Vest_TV110_Pouches/Pouch_HP103_Holster_Olive.et;{5409A90C23ADA30B}Prefabs/Characters/Vests/Vest_TV110_Pouches/Pouch_UP101_Admin_big_FG.et;{408404941D907957}Prefabs/Characters/Vests/Vest_TV110_Pouches/Pouch_MP118_PistolTako_OD.et;{70FC7E1299068D0E}Prefabs/Characters/Vests/Vest_TV110_Pouches/Pouch_UP103_Medkit_OD.et;{53F0E9D91F7E7040}Prefabs/Characters/Vests/Vest_Taktika_Pouches/Pouch_Mordor_PKM.et;{53F0E9D91F7E7040}Prefabs/Characters/Vests/Vest_Taktika_Pouches/Pouch_Mordor_PKM.et;{64108FAB1869147D}Prefabs/Characters/Vests/Vest_TV110_Pouches/Pouch_MP118_PistolTako2_OD.et;{E1E37169D010019F}Prefabs/Characters/Vests/Vest_TV110_Pouches/Pouch_GP106_RGD_Pouch_OD.et;{DA55B848F410889F}Prefabs/Characters/Vests/Vest_TV110_Pouches/Pouch_GP106_RGD_Pouch_2_OD.et
vest_aacpc_arsarmahsgi_fg_mg2,{50A879C61DABCC2F}Prefabs/Characters/Vests/Vest_AACPC/variants/Vest_AACPC_arsarmaHSGI_FG_MG2.et,cash,220,110,10,10,0,0,0,1,{3939B3FA5D56A610}Prefabs/Characters/Vests/Vest_AACPC_Pouches/Pouch_AACPC_front_molle_FG.et;{B949AD0954715B54}Prefabs/Characters/Vests/Vest_TV110_Pouches/Pouch_UP111_radioClosed_FG.et;{D2AB94F8D7308261}Prefabs/Characters/Vests/Vest_TV110_Pouches/Pouch_HP103_Holster_FG.et;{24983E870ADF393C}Prefabs/Characters/Vests/Vest_TV110_Pouches/Pouch_MP118_PistolTako_FG.et;{14E044018E49CD65}Prefabs/Characters/Vests/Vest_TV110_Pouches/Pouch_UP103_Medkit_FG.et;{953FD4E496EB2F24}Prefabs/Characters/Vests/Vest_Taktika_Pouches/Pouch_Mordor_PKM_olive.et;{953FD4E496EB2F24}Prefabs/Characters/Vests/Vest_Taktika_Pouches/Pouch_Mordor_PKM_olive.et;{000CB5B80F265416}Prefabs/Characters/Vests/Vest_TV110_Pouches/Pouch_MP118_PistolTako2_FG.et;{E1E37169D010019F}Prefabs/Characters/Vests/Vest_TV110_Pouches/Pouch_GP106_RGD_Pouch_OD.et;{DA55B848F410889F}Prefabs/Characters/Vests/Vest_TV110_Pouches/Pouch_GP106_RGD_Pouch_2_OD.et
vest_aacpc_arsarmahsgi_fg_sharpshooter,{13CED162B6CB008D}Prefabs/Characters/Vests/Vest_AACPC/variants/Vest_AACPC_arsarmaHSGI_FG_Sharpshooter.et,cash,220,110,12,12,0,0,0,1,{3939B3FA5D56A610}Prefabs/Characters/Vests/Vest_AACPC_Pouches/Pouch_AACPC_front_molle_FG.et;{B949AD0954715B54}Prefabs/Characters/Vests/Vest_TV110_Pouches/Pouch_UP111_radioClosed_FG.et;{1A9C298DA7FDA8C9}Prefabs/Characters/Vests/Vest_TV110_Pouches/Pouch_UP104_utilmini_MC.et;{85FF4B7AC75F41F4}Prefabs/Characters/Vests/Vest_TV110_Pouches/Pouch_GP106_RGD_Pouch_FG.et;{BE49825BE35FC8F4}Prefabs/Characters/Vests/Vest_TV110_Pouches/Pouch_GP106_RGD_Pouch_2_FG.et;{320AC4FA69CAF819}Prefabs/Characters/Vests/Vest_TV110_Pouches/Pouch_wartech_magpouch_mp105_pistol_FG.et;{5409A90C23ADA30B}Prefabs/Characters/Vests/Vest_TV110_Pouches/Pouch_UP101_Admin_big_FG.et;{14E044018E49CD65}Prefabs/Characters/Vests/Vest_TV110_Pouches/Pouch_UP103_Medkit_FG.et;{C9E74AC3DE3F2861}Prefabs/Characters/Vests/Vest_TV110_Pouches/Pouch_UP109_utillmid_FG.et;{30E75FD05D8AB76A}Prefabs/Characters/Vests/Vest_TV110_Pouches/Pouch_MP111_PistolClosed_FG.et;{5063FC55C40B6B26}Prefabs/Characters/Vests/Vest_TV110_Pouches/Pouch_MP111_PistolClosed2_FG.et;{34A562D30B1CFFEB}Prefabs/Characters/Vests/Vest_TV110_Pouches/Minimap_ArsArma_GMR_FG.et
vest_aacpc_arsarmahsgi_mc_1,{3A86DDD87CF60DBC}Prefabs/Characters/Vests/Vest_AACPC/variants/Vest_AACPC_arsarmaHSGI_MC_1.et,cash,220,110,15,15,0,0,0,1,{8E057DC0D630B1AC}Prefabs/Characters/Vests/Vest_AACPC_Pouches/Pouch_AACPC_front_molle_MC.et;{0E756333DF174CE8}Prefabs/Characters/Vests/Vest_TV110_Pouches/Pouch_UP111_radioClosed_MC.et;{65975AC25C5695DD}Prefabs/Characters/Vests/Vest_TV110_Pouches/Pouch_HP103_Holster_MC.et;{481F45BF8BF07037}Prefabs/Characters/Vests/Vest_Taktika_Pouches/Pouch_ArsArma_magouch_morphed_MC.et;{481F45BF8BF07037}Prefabs/Characters/Vests/Vest_Taktika_Pouches/Pouch_ArsArma_magouch_morphed_MC.et;{E75F326F4F6D7C9A}Prefabs/Characters/Vests/Vest_TV110_Pouches/Pouch_MP111_PistolClosed2_MC.et;{7D639CF23CD6F1E9}Prefabs/Characters/Vests/Vest_TV110_Pouches/Pouch_UP113_DropPouch_MC.et;{32C385404C395648}Prefabs/Characters/Vests/Vest_TV110_Pouches/Pouch_GP106_RGD_Pouch_MC.et;{87DB91EAD6ECA0D6}Prefabs/Characters/Vests/Vest_TV110_Pouches/Pouch_MP111_PistolClosed_MC.et;{481F45BF8BF07037}Prefabs/Characters/Vests/Vest_Taktika_Pouches/Pouch_ArsArma_magouch_morphed_MC.et;{481F45BF8BF07037}Prefabs/Characters/Vests/Vest_Taktika_Pouches/Pouch_ArsArma_magouch_morphed_MC.et;{481F45BF8BF07037}Prefabs/Characters/Vests/Vest_Taktika_Pouches/Pouch_ArsArma_magouch_morphed_MC.et;{09754C616839DF48}Prefabs/Characters/Vests/Vest_TV110_Pouches/Pouch_GP106_RGD_Pouch_2_MC.et;{A3DC8A3B052FDAD9}Prefabs/Characters/Vests/Vest_TV110_Pouches/Pouch_UP103_Medkit_MC.et;{1A9C298DA7FDA8C9}Prefabs/Characters/Vests/Vest_TV110_Pouches/Pouch_UP104_utilmini_MC.et
vest_aacpc_arsarmahsgi_mc_2,{56D2E938C0328292}Prefabs/Characters/Vests/Vest_AACPC/variants/Vest_AACPC_arsarmaHSGI_MC_2.et,cash,220,110,15,15,0,0,0,1,{8E057DC0D630B1AC}Prefabs/Characters/Vests/Vest_AACPC_Pouches/Pouch_AACPC_front_molle_MC.et;{0E756333DF174CE8}Prefabs/Characters/Vests/Vest_TV110_Pouches/Pouch_UP111_radioClosed_MC.et;{7EDB84F955593FDD}Prefabs/Characters/Vests/Vest_TV110_Pouches/Pouch_UP109_utillmid_MC.et;{EDA4AA8C5E7FCB38}Prefabs/Characters/Vests/Vest_TV110_Pouches/Pouch_wartech_magpouch_mp105_MC.et;{8FD57FBE5E69FDE6}Prefabs/Characters/Vests/Vest_TV110_Pouches/Pouch_wartech_magpouch_mp105_3_MC.et;{7D639CF23CD6F1E9}Prefabs/Characters/Vests/Vest_TV110_Pouches/Pouch_UP113_DropPouch_MC.et;{32C385404C395648}Prefabs/Characters/Vests/Vest_TV110_Pouches/Pouch_GP106_RGD_Pouch_MC.et;{481F45BF8BF07037}Prefabs/Characters/Vests/Vest_Taktika_Pouches/Pouch_ArsArma_magouch_morphed_MC.et;{481F45BF8BF07037}Prefabs/Characters/Vests/Vest_Taktika_Pouches/Pouch_ArsArma_magouch_morphed_MC.et;{481F45BF8BF07037}Prefabs/Characters/Vests/Vest_Taktika_Pouches/Pouch_ArsArma_magouch_morphed_MC.et;{09754C616839DF48}Prefabs/Characters/Vests/Vest_TV110_Pouches/Pouch_GP106_RGD_Pouch_2_MC.et;{A3DC8A3B052FDAD9}Prefabs/Characters/Vests/Vest_TV110_Pouches/Pouch_UP103_Medkit_MC.et;{1A9C298DA7FDA8C9}Prefabs/Characters/Vests/Vest_TV110_Pouches/Pouch_UP104_utilmini_MC.et;{F8EE0A17325E2C36}Prefabs/Characters/Vests/Vest_TV110_Pouches/Pouch_wartech_magpouch_mp103_MC.et;{F8EE0A17325E2C36}Prefabs/Characters/Vests/Vest_TV110_Pouches/Pouch_wartech_magpouch_mp103_MC.et
vest_aacpc_arsarmahsgi_mc_3,{B34EA5C1CCD715F9}Prefabs/Characters/Vests/Vest_AACPC/variants/Vest_AACPC_arsarmaHSGI_MC_3.et,cash,220,110,16,16,0,0,0,1,{8E057DC0D630B1AC}Prefabs/Characters/Vests/Vest_AACPC_Pouches/Pouch_AACPC_front_molle_MC.et;{0E756333DF174CE8}Prefabs/Characters/Vests/Vest_TV110_Pouches/Pouch_UP111_radioClosed_MC.et;{007021611B006CFE}Prefabs/Characters/Vests/Vest_TV110_Pouches/Pouch_UP105_utilbig_MC.et;{EDA4AA8C5E7FCB38}Prefabs/Characters/Vests/Vest_TV110_Pouches/Pouch_wartech_magpouch_mp105_MC.et;{4819EF23AB3FBEEA}Prefabs/Characters/Vests/Vest_TV110_Pouches/Pouch_wartech_magpouch_mp105_2_MC.et;{7D639CF23CD6F1E9}Prefabs/Characters/Vests/Vest_TV110_Pouches/Pouch_UP113_DropPouch_MC.et;{32C385404C395648}Prefabs/Characters/Vests/Vest_TV110_Pouches/Pouch_GP106_RGD_Pouch_MC.et;{EDA4AA8C5E7FCB38}Prefabs/Characters/Vests/Vest_TV110_Pouches/Pouch_wartech_magpouch_mp105_MC.et;{4819EF23AB3FBEEA}Prefabs/Characters/Vests/Vest_TV110_Pouches/Pouch_wartech_magpouch_mp105_2_MC.et;{8FD57FBE5E69FDE6}Prefabs/Characters/Vests/Vest_TV110_Pouches/Pouch_wartech_magpouch_mp105_3_MC.et;{09754C616839DF48}Prefabs/Characters/Vests/Vest_TV110_Pouches/Pouch_GP106_RGD_Pouch_2_MC.et;{A3DC8A3B052FDAD9}Prefabs/Characters/Vests/Vest_TV110_Pouches/Pouch_UP103_Medkit_MC.et;{8B0DA8405586EC90}Prefabs/Characters/Vests/Vest_TV110_Pouches/Pouch_UP108_utillong_MC.et;{F8EE0A17325E2C36}Prefabs/Characters/Vests/Vest_TV110_Pouches/Pouch_wartech_magpouch_mp103_MC.et;{F8EE0A17325E2C36}Prefabs/Characters/Vests/Vest_TV110_Pouches/Pouch_wartech_magpouch_mp103_MC.et;{A71EE0167BDF7DB9}Prefabs/Characters/Vests/Vest_TV110_Pouches/Pouch_UP102_Admin_small_MC.et
vest_aacpc_arsarmahsgi_mc_4,{8E7A80F9B9BB9CCE}Prefabs/Characters/Vests/Vest_AACPC/variants/Vest_AACPC_arsarmaHSGI_MC_4.et,cash,220,110,13,13,0,0,0,1,{8E057DC0D630B1AC}Prefabs/Characters/Vests/Vest_AACPC_Pouches/Pouch_AACPC_front_molle_MC.et;{0E756333DF174CE8}Prefabs/Characters/Vests/Vest_TV110_Pouches/Pouch_UP111_radioClosed_MC.et;{481F45BF8BF07037}Prefabs/Characters/Vests/Vest_Taktika_Pouches/Pouch_ArsArma_magouch_morphed_MC.et;{EDA4AA8C5E7FCB38}Prefabs/Characters/Vests/Vest_TV110_Pouches/Pouch_wartech_magpouch_mp105_MC.et;{7D639CF23CD6F1E9}Prefabs/Characters/Vests/Vest_TV110_Pouches/Pouch_UP113_DropPouch_MC.et;{481F45BF8BF07037}Prefabs/Characters/Vests/Vest_Taktika_Pouches/Pouch_ArsArma_magouch_morphed_MC.et;{32C385404C395648}Prefabs/Characters/Vests/Vest_TV110_Pouches/Pouch_GP106_RGD_Pouch_MC.et;{8FD57FBE5E69FDE6}Prefabs/Characters/Vests/Vest_TV110_Pouches/Pouch_wartech_magpouch_mp105_3_MC.et;{4819EF23AB3FBEEA}Prefabs/Characters/Vests/Vest_TV110_Pouches/Pouch_wartech_magpouch_mp105_2_MC.et;{F8EE0A17325E2C36}Prefabs/Characters/Vests/Vest_TV110_Pouches/Pouch_wartech_magpouch_mp103_MC.et;{09754C616839DF48}Prefabs/Characters/Vests/Vest_TV110_Pouches/Pouch_GP106_RGD_Pouch_2_MC.et;{A3DC8A3B052FDAD9}Prefabs/Characters/Vests/Vest_TV110_Pouches/Pouch_UP103_Medkit_MC.et;{8B0DA8405586EC90}Prefabs/Characters/Vests/Vest_TV110_Pouches/Pouch_UP108_utillong_MC.et
vest_aacpc_fg,{275BE1D304BC2E2D}Prefabs/Characters/Vests/Vest_AACPC/Vest_AACPC_FG.et,cash,1600,800,4,0,1100,550,0,1,{FF692FD5AFD43076}Prefabs/Characters/Vests/Vest_Ratnik_6B45/Plates/DestructibleArmorPlate_6B45_Granit_Front.et;{1486E991C03BE661}Prefabs/Characters/Vests/Vest_Ratnik_6B45/Plates/DestructibleArmorPlate_6B45_Granit_Back.et;{A5C382FA198BE68A}Prefabs/Characters/Vests/Vest_Taktika/Plates/DestructibleArmorPlate_Taktika_br4_side_LEFT.et;{F59ADAE6AF1A0AE3}Prefabs/Characters/Vests/Vest_Taktika/Plates/DestructibleArmorPlate_Taktika_br4_side_RIGHT.et
vest_aacpc_groin_fg,{DB1E2E8552AFAC15}Prefabs/Characters/Vests/Vest_AACPC/Vest_AACPC_Groin_FG.et,cash,1600,800,5,1,1100,550,0,1,{FF692FD5AFD43076}Prefabs/Characters/Vests/Vest_Ratnik_6B45/Plates/DestructibleArmorPlate_6B45_Granit_Front.et;{1486E991C03BE661}Prefabs/Characters/Vests/Vest_Ratnik_6B45/Plates/DestructibleArmorPlate_6B45_Granit_Back.et;{A5C382FA198BE68A}Prefabs/Characters/Vests/Vest_Taktika/Plates/DestructibleArmorPlate_Taktika_br4_side_LEFT.et;{F59ADAE6AF1A0AE3}Prefabs/Characters/Vests/Vest_Taktika/Plates/DestructibleArmorPlate_Taktika_br4_side_RIGHT.et;{0A87B706F7A56C34}Prefabs/Characters/Vests/Vest_AACPC/attachment_ARSARma_Groin_FG.et
vest_aacpc_groin_mc,{6C22E0BFD9C9BBA9}Prefabs/Characters/Vests/Vest_AACPC/Vest_AACPC_Groin_MC.et,cash,1600,800,5,1,1100,550,0,1,{FF692FD5AFD43076}Prefabs/Characters/Vests/Vest_Ratnik_6B45/Plates/DestructibleArmorPlate_6B45_Granit_Front.et;{1486E991C03BE661}Prefabs/Characters/Vests/Vest_Ratnik_6B45/Plates/DestructibleArmorPlate_6B45_Granit_Back.et;{A5C382FA198BE68A}Prefabs/Characters/Vests/Vest_Taktika/Plates/DestructibleArmorPlate_Taktika_br4_side_LEFT.et;{F59ADAE6AF1A0AE3}Prefabs/Characters/Vests/Vest_Taktika/Plates/DestructibleArmorPlate_Taktika_br4_side_RIGHT.et;{BDBB793C7CC37B88}Prefabs/Characters/Vests/Vest_AACPC/attachment_ARSARma_Groin_MC.et
vest_aacpc_grointriple_fg,{2FA43CD38885E28E}Prefabs/Characters/Vests/Vest_AACPC/Vest_AACPC_GroinTriple_FG.et,cash,1600,800,5,1,1100,550,0,1,{FF692FD5AFD43076}Prefabs/Characters/Vests/Vest_Ratnik_6B45/Plates/DestructibleArmorPlate_6B45_Granit_Front.et;{1486E991C03BE661}Prefabs/Characters/Vests/Vest_Ratnik_6B45/Plates/DestructibleArmorPlate_6B45_Granit_Back.et;{A5C382FA198BE68A}Prefabs/Characters/Vests/Vest_Taktika/Plates/DestructibleArmorPlate_Taktika_br4_side_LEFT.et;{F59ADAE6AF1A0AE3}Prefabs/Characters/Vests/Vest_Taktika/Plates/DestructibleArmorPlate_Taktika_br4_side_RIGHT.et;{E91F42795DD281A7}Prefabs/Characters/Vests/Vest_AACPC/attachment_ARSARma_GroinTriple_FG.et
vest_aacpc_grointriple_mc,{9898F2E903E3F532}Prefabs/Characters/Vests/Vest_AACPC/Vest_AACPC_GroinTriple_MC.et,cash,1600,800,5,1,1100,550,0,1,{FF692FD5AFD43076}Prefabs/Characters/Vests/Vest_Ratnik_6B45/Plates/DestructibleArmorPlate_6B45_Granit_Front.et;{1486E991C03BE661}Prefabs/Characters/Vests/Vest_Ratnik_6B45/Plates/DestructibleArmorPlate_6B45_Granit_Back.et;{A5C382FA198BE68A}Prefabs/Characters/Vests/Vest_Taktika/Plates/DestructibleArmorPlate_Taktika_br4_side_LEFT.et;{F59ADAE6AF1A0AE3}Prefabs/Characters/Vests/Vest_Taktika/Plates/DestructibleArmorPlate_Taktika_br4_side_RIGHT.et;{5E238C43D6B4961B}Prefabs/Characters/Vests/Vest_AACPC/attachment_ARSARma_GroinTriple_MC.et
vest_aacpc_mc,{90672FE98FDA3991}Prefabs/Characters/Vests/Vest_AACPC/Vest_AACPC_MC.et,cash,1600,800,4,0,1100,550,0,1,{FF692FD5AFD43076}Prefabs/Characters/Vests/Vest_Ratnik_6B45/Plates/DestructibleArmorPlate_6B45_Granit_Front.et;{1486E991C03BE661}Prefabs/Characters/Vests/Vest_Ratnik_6B45/Plates/DestructibleArmorPlate_6B45_Granit_Back.et;{A5C382FA198BE68A}Prefabs/Characters/Vests/Vest_Taktika/Plates/DestructibleArmorPlate_Taktika_br4_side_LEFT.et;{F59ADAE6AF1A0AE3}Prefabs/Characters/Vests/Vest_Taktika/Plates/DestructibleArmorPlate_Taktika_br4_side_RIGHT.et
vest_aacpc_neckprotection_fg,{3779D81A582ED534}Prefabs/Characters/Vests/Vest_AACPC/Vest_AACPC_NeckProtection_FG.et,cash,1600,800,5,1,1100,550,0,1,{FF692FD5AFD43076}Prefabs/Characters/Vests/Vest_Ratnik_6B45/Plates/DestructibleArmorPlate_6B45_Granit_Front.et;{1486E991C03BE661}Prefabs/Characters/Vests/Vest_Ratnik_6B45/Plates/DestructibleArmorPlate_6B45_Granit_Back.et;{A5C382FA198BE68A}Prefabs/Characters/Vests/Vest_Taktika/Plates/DestructibleArmorPlate_Taktika_br4_side_LEFT.et;{F59ADAE6AF1A0AE3}Prefabs/Characters/Vests/Vest_Taktika/Plates/DestructibleArmorPlate_Taktika_br4_side_RIGHT.et;{6EFB2DC563949E45}Prefabs/Characters/Vests/Vest_AACPC/attachment_AACPC_neck_FG.et
vest_aacpc_neckprotection_groin_fg,{4748E96320E4B517}Prefabs/Characters/Vests/Vest_AACPC/Vest_AACPC_NeckProtection_Groin_FG.et,cash,1600,800,6,2,1100,550,0,1,{FF692FD5AFD43076}Prefabs/Characters/Vests/Vest_Ratnik_6B45/Plates/DestructibleArmorPlate_6B45_Granit_Front.et;{1486E991C03BE661}Prefabs/Characters/Vests/Vest_Ratnik_6B45/Plates/DestructibleArmorPlate_6B45_Granit_Back.et;{A5C382FA198BE68A}Prefabs/Characters/Vests/Vest_Taktika/Plates/DestructibleArmorPlate_Taktika_br4_side_LEFT.et;{F59ADAE6AF1A0AE3}Prefabs/Characters/Vests/Vest_Taktika/Plates/DestructibleArmorPlate_Taktika_br4_side_RIGHT.et;{0A87B706F7A56C34}Prefabs/Characters/Vests/Vest_AACPC/attachment_ARSARma_Groin_FG.et;{6EFB2DC563949E45}Prefabs/Characters/Vests/Vest_AACPC/attachment_AACPC_neck_FG.et
vest_aacpc_neckprotection_groin_mc,{F0742759AB82A2AB}Prefabs/Characters/Vests/Vest_AACPC/Vest_AACPC_NeckProtection_Groin_MC.et,cash,1600,800,6,2,1100,550,0,1,{FF692FD5AFD43076}Prefabs/Characters/Vests/Vest_Ratnik_6B45/Plates/DestructibleArmorPlate_6B45_Granit_Front.et;{1486E991C03BE661}Prefabs/Characters/Vests/Vest_Ratnik_6B45/Plates/DestructibleArmorPlate_6B45_Granit_Back.et;{A5C382FA198BE68A}Prefabs/Characters/Vests/Vest_Taktika/Plates/DestructibleArmorPlate_Taktika_br4_side_LEFT.et;{F59ADAE6AF1A0AE3}Prefabs/Characters/Vests/Vest_Taktika/Plates/DestructibleArmorPlate_Taktika_br4_side_RIGHT.et;{BDBB793C7CC37B88}Prefabs/Characters/Vests/Vest_AACPC/attachment_ARSARma_Groin_MC.et;{6157DEFF172C8EEF}Prefabs/Characters/Vests/Vest_AACPC/attachment_AACPC_neck_base.et
vest_aacpc_neckprotection_groin_shoulder_fg,{20B608664D8C40D1}Prefabs/Characters/Vests/Vest_AACPC/Vest_AACPC_NeckProtection_Groin_Shoulder_FG.et,cash,1600,800,7,3,1100,550,0,1,{FF692FD5AFD43076}Prefabs/Characters/Vests/Vest_Ratnik_6B45/Plates/DestructibleArmorPlate_6B45_Granit_Front.et;{1486E991C03BE661}Prefabs/Characters/Vests/Vest_Ratnik_6B45/Plates/DestructibleArmorPlate_6B45_Granit_Back.et;{A5C382FA198BE68A}Prefabs/Characters/Vests/Vest_Taktika/Plates/DestructibleArmorPlate_Taktika_br4_side_LEFT.et;{F59ADAE6AF1A0AE3}Prefabs/Characters/Vests/Vest_Taktika/Plates/DestructibleArmorPlate_Taktika_br4_side_RIGHT.et;{0A87B706F7A56C34}Prefabs/Characters/Vests/Vest_AACPC/attachment_ARSARma_Groin_FG.et;{6EFB2DC563949E45}Prefabs/Characters/Vests/Vest_AACPC/attachment_AACPC_neck_FG.et;{3CB3250E4B8786B4}Prefabs/Characters/Vests/Vest_AACPC/attachment_AACPC_Shoulder_Prot_FG.et
vest_aacpc_neckprotection_groin_shoulder_mc,{978AC65CC6EA576D}Prefabs/Characters/Vests/Vest_AACPC/Vest_AACPC_NeckProtection_Groin_Shoulder_MC.et,cash,1600,800,7,3,1100,550,0,1,{FF692FD5AFD43076}Prefabs/Characters/Vests/Vest_Ratnik_6B45/Plates/DestructibleArmorPlate_6B45_Granit_Front.et;{1486E991C03BE661}Prefabs/Characters/Vests/Vest_Ratnik_6B45/Plates/DestructibleArmorPlate_6B45_Granit_Back.et;{A5C382FA198BE68A}Prefabs/Characters/Vests/Vest_Taktika/Plates/DestructibleArmorPlate_Taktika_br4_side_LEFT.et;{F59ADAE6AF1A0AE3}Prefabs/Characters/Vests/Vest_Taktika/Plates/DestructibleArmorPlate_Taktika_br4_side_RIGHT.et;{BDBB793C7CC37B88}Prefabs/Characters/Vests/Vest_AACPC/attachment_ARSARma_Groin_MC.et;{6157DEFF172C8EEF}Prefabs/Characters/Vests/Vest_AACPC/attachment_AACPC_neck_base.et;{8B8FEB34C0E19108}Prefabs/Characters/Vests/Vest_AACPC/attachment_AACPC_Shoulder_Prot_MC.et
vest_aacpc_neckprotection_grointri_shoulder_fg,{EA85689592C499B0}Prefabs/Characters/Vests/Vest_AACPC/Vest_AACPC_NeckProtection_GroinTri_Shoulder_FG.et,cash,700,350,7,3,1100,550,1,1,{FF692FD5AFD43076}Prefabs/Characters/Vests/Vest_Ratnik_6B45/Plates/DestructibleArmorPlate_6B45_Granit_Front.et;{1486E991C03BE661}Prefabs/Characters/Vests/Vest_Ratnik_6B45/Plates/DestructibleArmorPlate_6B45_Granit_Back.et;{A5C382FA198BE68A}Prefabs/Characters/Vests/Vest_Taktika/Plates/DestructibleArmorPlate_Taktika_br4_side_LEFT.et;{F59ADAE6AF1A0AE3}Prefabs/Characters/Vests/Vest_Taktika/Plates/DestructibleArmorPlate_Taktika_br4_side_RIGHT.et;{E91F42795DD281A7}Prefabs/Characters/Vests/Vest_AACPC/attachment_ARSARma_GroinTriple_FG.et;{6EFB2DC563949E45}Prefabs/Characters/Vests/Vest_AACPC/attachment_AACPC_neck_FG.et;{3CB3250E4B8786B4}Prefabs/Characters/Vests/Vest_AACPC/attachment_AACPC_Shoulder_Prot_FG.et
vest_aacpc_neckprotection_grointri_shoulder_mc,{5DB9A6AF19A28E0C}Prefabs/Characters/Vests/Vest_AACPC/Vest_AACPC_NeckProtection_GroinTri_Shoulder_MC.et,cash,700,350,7,3,1100,550,1,1,{FF692FD5AFD43076}Prefabs/Characters/Vests/Vest_Ratnik_6B45/Plates/DestructibleArmorPlate_6B45_Granit_Front.et;{1486E991C03BE661}Prefabs/Characters/Vests/Vest_Ratnik_6B45/Plates/DestructibleArmorPlate_6B45_Granit_Back.et;{A5C382FA198BE68A}Prefabs/Characters/Vests/Vest_Taktika/Plates/DestructibleArmorPlate_Taktika_br4_side_LEFT.et;{F59ADAE6AF1A0AE3}Prefabs/Characters/Vests/Vest_Taktika/Plates/DestructibleArmorPlate_Taktika_br4_side_RIGHT.et;{5E238C43D6B4961B}Prefabs/Characters/Vests/Vest_AACPC/attachment_ARSARma_GroinTriple_MC.et;{6157DEFF172C8EEF}Prefabs/Characters/Vests/Vest_AACPC/attachment_AACPC_neck_base.et;{8B8FEB34C0E19108}Prefabs/Characters/Vests/Vest_AACPC/attachment_AACPC_Shoulder_Prot_MC.et
vest_aacpc_neckprotection_grointriple_fg,{7F4F1B612B9F2A30}Prefabs/Characters/Vests/Vest_AACPC/Vest_AACPC_NeckProtection_GroinTriple_FG.et,cash,1600,800,6,2,1100,550,0,1,{FF692FD5AFD43076}Prefabs/Characters/Vests/Vest_Ratnik_6B45/Plates/DestructibleArmorPlate_6B45_Granit_Front.et;{1486E991C03BE661}Prefabs/Characters/Vests/Vest_Ratnik_6B45/Plates/DestructibleArmorPlate_6B45_Granit_Back.et;{A5C382FA198BE68A}Prefabs/Characters/Vests/Vest_Taktika/Plates/DestructibleArmorPlate_Taktika_br4_side_LEFT.et;{F59ADAE6AF1A0AE3}Prefabs/Characters/Vests/Vest_Taktika/Plates/DestructibleArmorPlate_Taktika_br4_side_RIGHT.et;{E91F42795DD281A7}Prefabs/Characters/Vests/Vest_AACPC/attachment_ARSARma_GroinTriple_FG.et;{6EFB2DC563949E45}Prefabs/Characters/Vests/Vest_AACPC/attachment_AACPC_neck_FG.et
vest_aacpc_neckprotection_grointriple_mc,{C873D55BA0F93D8C}Prefabs/Characters/Vests/Vest_AACPC/Vest_AACPC_NeckProtection_GroinTriple_MC.et,cash,1600,800,6,2,1100,550,0,1,{FF692FD5AFD43076}Prefabs/Characters/Vests/Vest_Ratnik_6B45/Plates/DestructibleArmorPlate_6B45_Granit_Front.et;{1486E991C03BE661}Prefabs/Characters/Vests/Vest_Ratnik_6B45/Plates/DestructibleArmorPlate_6B45_Granit_Back.et;{A5C382FA198BE68A}Prefabs/Characters/Vests/Vest_Taktika/Plates/DestructibleArmorPlate_Taktika_br4_side_LEFT.et;{F59ADAE6AF1A0AE3}Prefabs/Characters/Vests/Vest_Taktika/Plates/DestructibleArmorPlate_Taktika_br4_side_RIGHT.et;{5E238C43D6B4961B}Prefabs/Characters/Vests/Vest_AACPC/attachment_ARSARma_GroinTriple_MC.et;{6157DEFF172C8EEF}Prefabs/Characters/Vests/Vest_AACPC/attachment_AACPC_neck_base.et
vest_aacpc_neckprotection_mc,{9B426B4B2BBCFC0A}Prefabs/Characters/Vests/Vest_AACPC/Vest_AACPC_NeckProtection_MC.et,cash,1600,800,5,1,1100,550,0,1,{FF692FD5AFD43076}Prefabs/Characters/Vests/Vest_Ratnik_6B45/Plates/DestructibleArmorPlate_6B45_Granit_Front.et;{1486E991C03BE661}Prefabs/Characters/Vests/Vest_Ratnik_6B45/Plates/DestructibleArmorPlate_6B45_Granit_Back.et;{A5C382FA198BE68A}Prefabs/Characters/Vests/Vest_Taktika/Plates/DestructibleArmorPlate_Taktika_br4_side_LEFT.et;{F59ADAE6AF1A0AE3}Prefabs/Characters/Vests/Vest_Taktika/Plates/DestructibleArmorPlate_Taktika_br4_side_RIGHT.et;{6157DEFF172C8EEF}Prefabs/Characters/Vests/Vest_AACPC/attachment_AACPC_neck_base.et
vest_alice_ar,{156DC7109CEE6F69}Prefabs/Characters/Vests/Vest_ALICE/Variants/Vest_ALICE_AR.et,cash,50,25,8,7,80,40,1,1,{B95BD66EA8F863C8}Prefabs/Characters/Vests/Vest_ALICE/Vest_ALICE_suspenders_2.et;{4F018E3CF74D8636}Prefabs/Items/Equipment/Accessories/Pouch_ALICE_200rnd_M249/Pouch_ALICE_200rnd_M249.et;{4F018E3CF74D8636}Prefabs/Items/Equipment/Accessories/Pouch_ALICE_200rnd_M249/Pouch_ALICE_200rnd_M249.et;{9A21918AC35AC182}Prefabs/Characters/Vests/Vest_ALICE/Vest_ALICE_buttpack.et;{02DF51DB063ABD36}Prefabs/Characters/Vests/Vest_ALICE/Vest_ALICE_firstaid.et;{630FB4AD4A735264}Prefabs/Items/Equipment/Canteens/Canteen_US_01.et;{EE7FBAD35CA9D0F2}Prefabs/Items/Equipment/Accessories/Scabbard_Bayonet_M9/Scabbard_Bayonet_M9.et;{558117556F3880A8}Prefabs/Weapons/Attachments/Bayonets/Bayonet_M9.et
vest_alice_commander,{2E8829632CBA7A9B}Prefabs/Characters/Vests/Vest_ALICE/Variants/Vest_ALICE_commander.et,cash,50,25,9,8,80,40,1,1,{B95BD66EA8F863C8}Prefabs/Characters/Vests/Vest_ALICE/Vest_ALICE_suspenders_2.et;{E3154E0EAC48D67B}Prefabs/Items/Equipment/Accessories/Pouch_ALICE_30rnd_STANAG/Pouch_ALICE_30rnd_STANAG.et;{E3154E0EAC48D67B}Prefabs/Items/Equipment/Accessories/Pouch_ALICE_30rnd_STANAG/Pouch_ALICE_30rnd_STANAG.et;{9A21918AC35AC182}Prefabs/Characters/Vests/Vest_ALICE/Vest_ALICE_buttpack.et;{02DF51DB063ABD36}Prefabs/Characters/Vests/Vest_ALICE/Vest_ALICE_firstaid.et;{630FB4AD4A735264}Prefabs/Items/Equipment/Canteens/Canteen_US_01.et;{EE7FBAD35CA9D0F2}Prefabs/Items/Equipment/Accessories/Scabbard_Bayonet_M9/Scabbard_Bayonet_M9.et;{558117556F3880A8}Prefabs/Weapons/Attachments/Bayonets/Bayonet_M9.et;{6B9646EC0757693C}Prefabs/Items/Equipment/Accessories/Holster_M12/Holster_M12.et
vest_alice_gl,{18B8B9316B590643}Prefabs/Characters/Vests/Vest_ALICE/Variants/Vest_ALICE_GL.et,cash,50,25,9,8,80,40,1,1,{B95BD66EA8F863C8}Prefabs/Characters/Vests/Vest_ALICE/Vest_ALICE_suspenders_2.et;{0B0D67BC8F43A052}Prefabs/Items/Equipment/Accessories/Pouch_ALICE_30rnd_STANAG/Pouch_ALICE_30rnd_STANAG_base.et;{0B0D67BC8F43A052}Prefabs/Items/Equipment/Accessories/Pouch_ALICE_30rnd_STANAG/Pouch_ALICE_30rnd_STANAG_base.et;{630FB4AD4A735264}Prefabs/Items/Equipment/Canteens/Canteen_US_01.et;{9A21918AC35AC182}Prefabs/Characters/Vests/Vest_ALICE/Vest_ALICE_buttpack.et;{9945D5435F12C370}Prefabs/Characters/Vests/Vest_M79GrenadeCarrier/Vest_M79GrenadeCarrier.et;{630FB4AD4A735264}Prefabs/Items/Equipment/Canteens/Canteen_US_01.et;{EE7FBAD35CA9D0F2}Prefabs/Items/Equipment/Accessories/Scabbard_Bayonet_M9/Scabbard_Bayonet_M9.et;{558117556F3880A8}Prefabs/Weapons/Attachments/Bayonets/Bayonet_M9.et
vest_alice_mg,{477A190AF2A17B8A}Prefabs/Characters/Vests/Vest_ALICE/Variants/Vest_ALICE_MG.et,cash,50,25,9,8,80,40,1,1,{B95BD66EA8F863C8}Prefabs/Characters/Vests/Vest_ALICE/Vest_ALICE_suspenders_2.et;{4F018E3CF74D8636}Prefabs/Items/Equipment/Accessories/Pouch_ALICE_200rnd_M249/Pouch_ALICE_200rnd_M249.et;{6B9646EC0757693C}Prefabs/Items/Equipment/Accessories/Holster_M12/Holster_M12.et;{630FB4AD4A735264}Prefabs/Items/Equipment/Canteens/Canteen_US_01.et;{9A21918AC35AC182}Prefabs/Characters/Vests/Vest_ALICE/Vest_ALICE_buttpack.et;{02DF51DB063ABD36}Prefabs/Characters/Vests/Vest_ALICE/Vest_ALICE_firstaid.et;{630FB4AD4A735264}Prefabs/Items/Equipment/Canteens/Canteen_US_01.et;{EE7FBAD35CA9D0F2}Prefabs/Items/Equipment/Accessories/Scabbard_Bayonet_M9/Scabbard_Bayonet_M9.et;{558117556F3880A8}Prefabs/Weapons/Attachments/Bayonets/Bayonet_M9.et
vest_alice_officer,{BD205C7B90BD399E}Prefabs/Characters/Vests/Vest_ALICE/Variants/Vest_ALICE_officer.et,cash,50,25,6,5,80,40,1,1,{51545851688567F1}Prefabs/Characters/Vests/Vest_ALICE/Vest_ALICE_suspenders_1.et;{7E9C22C159E879A2}Prefabs/Items/Equipment/Accessories/Holster_M12/Holster_M12_magpouch.et;{630FB4AD4A735264}Prefabs/Items/Equipment/Canteens/Canteen_US_01.et;{EE7FBAD35CA9D0F2}Prefabs/Items/Equipment/Accessories/Scabbard_Bayonet_M9/Scabbard_Bayonet_M9.et;{558117556F3880A8}Prefabs/Weapons/Attachments/Bayonets/Bayonet_M9.et;{6B9646EC0757693C}Prefabs/Items/Equipment/Accessories/Holster_M12/Holster_M12.et
vest_alice_rifleman,{2835A0EA3B79E63E}Prefabs/Characters/Vests/Vest_ALICE/Variants/Vest_ALICE_rifleman.et,cash,50,25,9,8,80,40,1,1,{B95BD66EA8F863C8}Prefabs/Characters/Vests/Vest_ALICE/Vest_ALICE_suspenders_2.et;{E3154E0EAC48D67B}Prefabs/Items/Equipment/Accessories/Pouch_ALICE_30rnd_STANAG/Pouch_ALICE_30rnd_STANAG.et;{E3154E0EAC48D67B}Prefabs/Items/Equipment/Accessories/Pouch_ALICE_30rnd_STANAG/Pouch_ALICE_30rnd_STANAG.et;{630FB4AD4A735264}Prefabs/Items/Equipment/Canteens/Canteen_US_01.et;{9A21918AC35AC182}Prefabs/Characters/Vests/Vest_ALICE/Vest_ALICE_buttpack.et;{02DF51DB063ABD36}Prefabs/Characters/Vests/Vest_ALICE/Vest_ALICE_firstaid.et;{630FB4AD4A735264}Prefabs/Items/Equipment/Canteens/Canteen_US_01.et;{EE7FBAD35CA9D0F2}Prefabs/Items/Equipment/Accessories/Scabbard_Bayonet_M9/Scabbard_Bayonet_M9.et;{558117556F3880A8}Prefabs/Weapons/Attachments/Bayonets/Bayonet_M9.et
vest_alice_sniper,{9CEA24A1A9CC2675}Prefabs/Characters/Vests/Vest_ALICE/Variants/Vest_ALICE_sniper.et,cash,50,25,9,8,80,40,1,1,{B95BD66EA8F863C8}Prefabs/Characters/Vests/Vest_ALICE/Vest_ALICE_suspenders_2.et;{9C00CF3A286C048F}Prefabs/Items/Equipment/Accessories/Pouch_ALICE_20rnd_M14/Pouch_ALICE_20rnd_M14.et;{6B9646EC0757693C}Prefabs/Items/Equipment/Accessories/Holster_M12/Holster_M12.et;{630FB4AD4A735264}Prefabs/Items/Equipment/Canteens/Canteen_US_01.et;{9A21918AC35AC182}Prefabs/Characters/Vests/Vest_ALICE/Vest_ALICE_buttpack.et;{02DF51DB063ABD36}Prefabs/Characters/Vests/Vest_ALICE/Vest_ALICE_firstaid.et;{630FB4AD4A735264}Prefabs/Items/Equipment/Canteens/Canteen_US_01.et;{EE7FBAD35CA9D0F2}Prefabs/Items/Equipment/Accessories/Scabbard_Bayonet_M9/Scabbard_Bayonet_M9.et;{558117556F3880A8}Prefabs/Weapons/Attachments/Bayonets/Bayonet_M9.et
vest_avs_6x6_mc,{6AACC58D09743363}Prefabs/Characters/Vests/Vest_AVS/Variants/Vest_AVS_6x6_MC.et,cash,220,110,14,14,0,0,0,1,{F2131FA4E55FD61C}Prefabs/Characters/Vests/Vest_JPC_Pouches/Pouch_avs_front_closed_MC.et;{325F38C98ED87C7A}Prefabs/Characters/Vests/Vest_PCGen_III_Pouches/Pouch_Highspeed_Bleeder_MC.et;{6C58A60D5F651F7E}Prefabs/Characters/Vests/Vest_PCGen_III_Pouches/Pouch_Shaw_Raid_MC.et;{03F98F190A971B35}Prefabs/Characters/Vests/Vest_PCGen_III_Pouches/Pouch_Filbe_M67_2.et;{3BACDF2B13C6ACFB}Prefabs/Characters/Vests/Vest_PCGen_III_Pouches/Pouch_PCGEN3_takoPouch_MC.et;{0B18049DFD080C8B}Prefabs/Characters/Vests/Vest_PCGen_III_Pouches/Pouch_Filbe_M67_Base.et;{8A36F9AB3D124774}Prefabs/Characters/Vests/Vest_PCGen_III_Pouches/Pouch_Shaw_Nerd_Mini_MC.et;{3BACDF2B13C6ACFB}Prefabs/Characters/Vests/Vest_PCGen_III_Pouches/Pouch_PCGEN3_takoPouch_MC.et;{1826E35CFC90A18B}Prefabs/Characters/Vests/Vest_PCGen_III_Pouches/Pouch_Highspeed_Pistol_MC.et;{1826E35CFC90A18B}Prefabs/Characters/Vests/Vest_PCGen_III_Pouches/Pouch_Highspeed_Pistol_MC.et;{5131F13163FFF2CA}Prefabs/Characters/Vests/Vest_PCGen_III_Pouches/Pouch_Shaw_Flex_MC.et;{DA93E659C775B0B9}Prefabs/Characters/Vests/Vest_PCGen_III_Pouches/Pouch_Filbe_M18_1.et;{B6C7D2B97BB13F97}Prefabs/Characters/Vests/Vest_PCGen_III_Pouches/Pouch_Filbe_M18_2.et;{FD35858922374ECC}Prefabs/Characters/Vests/Vest_JPC_Pouches/Minimap_JPC_ZipOnPanel2.0_MC.et
vest_avs_6x9_blk,{0AE05534501F694E}Prefabs/Characters/Vests/Vest_AVS/Vest_AVS_6x9_Blk.et,cash,1300,650,5,1,3200,1600,1,1,{88E31AB238FFCB0A}Prefabs/Characters/Vests/Vest_PCGen_III/Plates/DestructibleArmorPlate_PCGenIII_ESAPIrevJ_Front.et;{1B4129A0C0C752A3}Prefabs/Characters/Vests/Vest_PCGen_III/Plates/DestructibleArmorPlate_PCGenIII_ESAPIrevJ_Back.et;{9ADA1F5B703C1980}Prefabs/Characters/Vests/Vest_PCGen_III/Plates/DestructibleArmorPlate_PCGenIII_ESAPIrevJ_Left.et;{5A047A7C413EE006}Prefabs/Characters/Vests/Vest_PCGen_III/Plates/DestructibleArmorPlate_PCGenIII_ESAPIrevJ_Right.et;{7F4089451FFFD818}Prefabs/Characters/Vests/Vest_AVS/attachment_AVS_camerband_6x9_Blk.et
vest_avs_6x9_coy,{8EA3CB650C1DF461}Prefabs/Characters/Vests/Vest_AVS/Vest_AVS_6x9_Coy.et,cash,1600,800,5,1,3200,1600,1,1,{88E31AB238FFCB0A}Prefabs/Characters/Vests/Vest_PCGen_III/Plates/DestructibleArmorPlate_PCGenIII_ESAPIrevJ_Front.et;{1B4129A0C0C752A3}Prefabs/Characters/Vests/Vest_PCGen_III/Plates/DestructibleArmorPlate_PCGenIII_ESAPIrevJ_Back.et;{9ADA1F5B703C1980}Prefabs/Characters/Vests/Vest_PCGen_III/Plates/DestructibleArmorPlate_PCGenIII_ESAPIrevJ_Left.et;{5A047A7C413EE006}Prefabs/Characters/Vests/Vest_PCGen_III/Plates/DestructibleArmorPlate_PCGenIII_ESAPIrevJ_Right.et;{9CEEA9D530AEB74E}Prefabs/Characters/Vests/Vest_AVS/attachment_AVS_camerband_6x9_Coy.et
vest_avs_6x9_emr,{741EE163C68447FA}Prefabs/Characters/Vests/Vest_AVS/Vest_AVS_6x9_EMR.et,cash,1600,800,5,1,1100,550,0,1,{FF692FD5AFD43076}Prefabs/Characters/Vests/Vest_Ratnik_6B45/Plates/DestructibleArmorPlate_6B45_Granit_Front.et;{1486E991C03BE661}Prefabs/Characters/Vests/Vest_Ratnik_6B45/Plates/DestructibleArmorPlate_6B45_Granit_Back.et;{A5C382FA198BE68A}Prefabs/Characters/Vests/Vest_Taktika/Plates/DestructibleArmorPlate_Taktika_br4_side_LEFT.et;{F59ADAE6AF1A0AE3}Prefabs/Characters/Vests/Vest_Taktika/Plates/DestructibleArmorPlate_Taktika_br4_side_RIGHT.et;{01BE3D128964F6AC}Prefabs/Characters/Vests/Vest_AVS/attachment_AVS_camerband_6x9_EMR.et
vest_avs_6x9_groin_protection_emr,{CCCD78E5A7CD50BA}Prefabs/Characters/Vests/Vest_AVS/Vest_AVS_6x9_groin_protection_EMR.et,cash,1600,800,6,2,1100,550,0,1,{FF692FD5AFD43076}Prefabs/Characters/Vests/Vest_Ratnik_6B45/Plates/DestructibleArmorPlate_6B45_Granit_Front.et;{1486E991C03BE661}Prefabs/Characters/Vests/Vest_Ratnik_6B45/Plates/DestructibleArmorPlate_6B45_Granit_Back.et;{A5C382FA198BE68A}Prefabs/Characters/Vests/Vest_Taktika/Plates/DestructibleArmorPlate_Taktika_br4_side_LEFT.et;{F59ADAE6AF1A0AE3}Prefabs/Characters/Vests/Vest_Taktika/Plates/DestructibleArmorPlate_Taktika_br4_side_RIGHT.et;{01BE3D128964F6AC}Prefabs/Characters/Vests/Vest_AVS/attachment_AVS_camerband_6x9_EMR.et;{FBD8560E466391E9}Prefabs/Characters/Vests/Vest_AACPC/attachment_ARSARma_Groin_EMR.et
vest_avs_6x9_groin_protection_triple_emr,{B5709A64F1B288C3}Prefabs/Characters/Vests/Vest_AVS/Vest_AVS_6x9_groin_protection_triple_EMR.et,cash,1600,800,6,2,1100,550,0,1,{FF692FD5AFD43076}Prefabs/Characters/Vests/Vest_Ratnik_6B45/Plates/DestructibleArmorPlate_6B45_Granit_Front.et;{1486E991C03BE661}Prefabs/Characters/Vests/Vest_Ratnik_6B45/Plates/DestructibleArmorPlate_6B45_Granit_Back.et;{A5C382FA198BE68A}Prefabs/Characters/Vests/Vest_Taktika/Plates/DestructibleArmorPlate_Taktika_br4_side_LEFT.et;{F59ADAE6AF1A0AE3}Prefabs/Characters/Vests/Vest_Taktika/Plates/DestructibleArmorPlate_Taktika_br4_side_RIGHT.et;{01BE3D128964F6AC}Prefabs/Characters/Vests/Vest_AVS/attachment_AVS_camerband_6x9_EMR.et;{44B91DB27D2D0760}Prefabs/Characters/Vests/Vest_AACPC/attachment_ARSARma_GroinTriple_EMR.et
vest_avs_6x9_mc,{1D0E3F9F2E1F6D21}Prefabs/Characters/Vests/Vest_AVS/Vest_AVS_6x9_MC.et,cash,1600,800,5,1,3200,1600,1,1,{88E31AB238FFCB0A}Prefabs/Characters/Vests/Vest_PCGen_III/Plates/DestructibleArmorPlate_PCGenIII_ESAPIrevJ_Front.et;{1B4129A0C0C752A3}Prefabs/Characters/Vests/Vest_PCGen_III/Plates/DestructibleArmorPlate_PCGenIII_ESAPIrevJ_Back.et;{9ADA1F5B703C1980}Prefabs/Characters/Vests/Vest_PCGen_III/Plates/DestructibleArmorPlate_PCGenIII_ESAPIrevJ_Left.et;{5A047A7C413EE006}Prefabs/Characters/Vests/Vest_PCGen_III/Plates/DestructibleArmorPlate_PCGenIII_ESAPIrevJ_Right.et;{FA1538110C126C79}Prefabs/Characters/Vests/Vest_AVS/attachment_AVS_camerband_6x9_MC.et
vest_avs_6x9_mcblk,{EC914CF14AD01C67}Prefabs/Characters/Vests/Vest_AVS/Vest_AVS_6x9_MCBlk.et,cash,1300,650,5,1,3200,1600,1,1,{88E31AB238FFCB0A}Prefabs/Characters/Vests/Vest_PCGen_III/Plates/DestructibleArmorPlate_PCGenIII_ESAPIrevJ_Front.et;{1B4129A0C0C752A3}Prefabs/Characters/Vests/Vest_PCGen_III/Plates/DestructibleArmorPlate_PCGenIII_ESAPIrevJ_Back.et;{9ADA1F5B703C1980}Prefabs/Characters/Vests/Vest_PCGen_III/Plates/DestructibleArmorPlate_PCGenIII_ESAPIrevJ_Left.et;{5A047A7C413EE006}Prefabs/Characters/Vests/Vest_PCGen_III/Plates/DestructibleArmorPlate_PCGenIII_ESAPIrevJ_Right.et;{AE59C971FCF71C61}Prefabs/Characters/Vests/Vest_AVS/attachment_AVS_camerband_6x9_MCBlk.et
vest_avs_6x9_mcblk_ronin,{7C8DB0CFC233A993}Prefabs/Characters/Vests/Vest_AVS/Variants/Vest_AVS_6x9_MCBlk_ronin.et,cash,340,170,10,10,0,0,0,1,{EC0FD790E34AFF6A}Prefabs/Characters/Vests/Vest_JPC_Pouches/Pouch_avs_front_elastic_MCBlk.et;{347E53A3482B9600}Prefabs/Characters/Vests/Vest_PCGen_III_Pouches/Pouch_Shaw_Flex_Blk.et;{61FA86B2349771A6}Prefabs/Characters/Vests/Vest_PCGen_III_Pouches/Pouch_Shaw_Raid_MCBlk.et;{EC30B9F4596F1E57}Prefabs/Characters/Vests/Vest_PCGen_III_Pouches/Pouch_Highspeed_Pistol_MCBlk.et;{EC30B9F4596F1E57}Prefabs/Characters/Vests/Vest_PCGen_III_Pouches/Pouch_Highspeed_Pistol_MCBlk.et;{A666C7EA6A873558}Prefabs/Characters/Vests/Vest_PCGen_III_Pouches/Pouch_Highspeed_Bleeder_MCBlk.et;{658C2BC6EDE545DE}Prefabs/Characters/Vests/Vest_PCGen_III_Pouches/Pouch_PCGEN3_takoPouch_MCBlk.et;{658C2BC6EDE545DE}Prefabs/Characters/Vests/Vest_PCGen_III_Pouches/Pouch_PCGEN3_takoPouch_MCBlk.et;{42803A2880386367}Prefabs/Characters/Vests/Vest_JPC_Pouches/Pouch_AVS_MBITR_Radio_MCBlk.et;{347E53A3482B9600}Prefabs/Characters/Vests/Vest_PCGen_III_Pouches/Pouch_Shaw_Flex_Blk.et
vest_avs_6x9_neck_protection_emr,{0C1F1AD0FCDA94A1}Prefabs/Characters/Vests/Vest_AVS/Vest_AVS_6x9_neck_protection_EMR.et,cash,1600,800,5,1,1100,550,0,1,{FF692FD5AFD43076}Prefabs/Characters/Vests/Vest_Ratnik_6B45/Plates/DestructibleArmorPlate_6B45_Granit_Front.et;{1486E991C03BE661}Prefabs/Characters/Vests/Vest_Ratnik_6B45/Plates/DestructibleArmorPlate_6B45_Granit_Back.et;{A5C382FA198BE68A}Prefabs/Characters/Vests/Vest_Taktika/Plates/DestructibleArmorPlate_Taktika_br4_side_LEFT.et;{F59ADAE6AF1A0AE3}Prefabs/Characters/Vests/Vest_Taktika/Plates/DestructibleArmorPlate_Taktika_br4_side_RIGHT.et;{01BE3D128964F6AC}Prefabs/Characters/Vests/Vest_AVS/attachment_AVS_camerband_6x9_EMR.et
vest_avs_6x9_neck_protection_groinbase_emr,{FE070633C943F49A}Prefabs/Characters/Vests/Vest_AVS/Vest_AVS_6x9_neck_protection_groinbase_EMR.et,cash,1600,800,6,2,1100,550,0,1,{FF692FD5AFD43076}Prefabs/Characters/Vests/Vest_Ratnik_6B45/Plates/DestructibleArmorPlate_6B45_Granit_Front.et;{1486E991C03BE661}Prefabs/Characters/Vests/Vest_Ratnik_6B45/Plates/DestructibleArmorPlate_6B45_Granit_Back.et;{A5C382FA198BE68A}Prefabs/Characters/Vests/Vest_Taktika/Plates/DestructibleArmorPlate_Taktika_br4_side_LEFT.et;{F59ADAE6AF1A0AE3}Prefabs/Characters/Vests/Vest_Taktika/Plates/DestructibleArmorPlate_Taktika_br4_side_RIGHT.et;{01BE3D128964F6AC}Prefabs/Characters/Vests/Vest_AVS/attachment_AVS_camerband_6x9_EMR.et;{FBD8560E466391E9}Prefabs/Characters/Vests/Vest_AACPC/attachment_ARSARma_Groin_EMR.et
vest_avs_6x9_neck_protection_groinbase_shoulders_emr,{FA5A36A464BF3CBF}Prefabs/Characters/Vests/Vest_AVS/Vest_AVS_6x9_neck_protection_groinbase_shoulders_EMR.et,cash,700,350,7,3,1100,550,1,1,{FF692FD5AFD43076}Prefabs/Characters/Vests/Vest_Ratnik_6B45/Plates/DestructibleArmorPlate_6B45_Granit_Front.et;{1486E991C03BE661}Prefabs/Characters/Vests/Vest_Ratnik_6B45/Plates/DestructibleArmorPlate_6B45_Granit_Back.et;{A5C382FA198BE68A}Prefabs/Characters/Vests/Vest_Taktika/Plates/DestructibleArmorPlate_Taktika_br4_side_LEFT.et;{F59ADAE6AF1A0AE3}Prefabs/Characters/Vests/Vest_Taktika/Plates/DestructibleArmorPlate_Taktika_br4_side_RIGHT.et;{01BE3D128964F6AC}Prefabs/Characters/Vests/Vest_AVS/attachment_AVS_camerband_6x9_EMR.et;{FBD8560E466391E9}Prefabs/Characters/Vests/Vest_AACPC/attachment_ARSARma_Groin_EMR.et;{A9DF7220883D1E21}Prefabs/Characters/Vests/Vest_AACPC/attachment_AACPC_Shoulder_Prot_EMR.et
vest_avs_6x9_neck_protection_grointri_shoulders_emr,{707C8557292352A8}Prefabs/Characters/Vests/Vest_AVS/Vest_AVS_6x9_neck_protection_grointri_shoulders_EMR.et,cash,1600,800,7,3,1100,550,0,1,{FF692FD5AFD43076}Prefabs/Characters/Vests/Vest_Ratnik_6B45/Plates/DestructibleArmorPlate_6B45_Granit_Front.et;{1486E991C03BE661}Prefabs/Characters/Vests/Vest_Ratnik_6B45/Plates/DestructibleArmorPlate_6B45_Granit_Back.et;{A5C382FA198BE68A}Prefabs/Characters/Vests/Vest_Taktika/Plates/DestructibleArmorPlate_Taktika_br4_side_LEFT.et;{F59ADAE6AF1A0AE3}Prefabs/Characters/Vests/Vest_Taktika/Plates/DestructibleArmorPlate_Taktika_br4_side_RIGHT.et;{01BE3D128964F6AC}Prefabs/Characters/Vests/Vest_AVS/attachment_AVS_camerband_6x9_EMR.et;{44B91DB27D2D0760}Prefabs/Characters/Vests/Vest_AACPC/attachment_ARSARma_GroinTriple_EMR.et;{A9DF7220883D1E21}Prefabs/Characters/Vests/Vest_AACPC/attachment_AACPC_Shoulder_Prot_EMR.et
vest_avs_6x9_neck_protection_grointriple_emr,{775FBC719E8851F1}Prefabs/Characters/Vests/Vest_AVS/Vest_AVS_6x9_neck_protection_grointriple_EMR.et,cash,1600,800,6,2,1100,550,0,1,{FF692FD5AFD43076}Prefabs/Characters/Vests/Vest_Ratnik_6B45/Plates/DestructibleArmorPlate_6B45_Granit_Front.et;{1486E991C03BE661}Prefabs/Characters/Vests/Vest_Ratnik_6B45/Plates/DestructibleArmorPlate_6B45_Granit_Back.et;{A5C382FA198BE68A}Prefabs/Characters/Vests/Vest_Taktika/Plates/DestructibleArmorPlate_Taktika_br4_side_LEFT.et;{F59ADAE6AF1A0AE3}Prefabs/Characters/Vests/Vest_Taktika/Plates/DestructibleArmorPlate_Taktika_br4_side_RIGHT.et;{01BE3D128964F6AC}Prefabs/Characters/Vests/Vest_AVS/attachment_AVS_camerband_6x9_EMR.et;{44B91DB27D2D0760}Prefabs/Characters/Vests/Vest_AACPC/attachment_ARSARma_GroinTriple_EMR.et
vest_avs_arsarma_hsgi_emr,{65C71CEA94504FAE}Prefabs/Characters/Vests/Vest_AVS/Variants/Vest_AVS_arsarma_Hsgi_EMR.et,cash,220,110,13,13,0,0,0,1,{63454F498C9C59FE}Prefabs/Characters/Vests/Vest_JPC_Pouches/Pouch_jpc_placard_EMR.et;{A4A240907B301D41}Prefabs/Characters/Vests/Vest_TV110_Pouches/Pouch_UP103_Medkit_EMR.et;{7F6DF8FB96F0D48A}Prefabs/Characters/Vests/Vest_TV110_Pouches/Pouch_wartech_magpouch_mp103_EMR.et;{682AB793D03D1890}Prefabs/Characters/Vests/Vest_TV110_Pouches/Pouch_UP104_utilmini_EMR.et;{9B3FB19617D927E0}Prefabs/Characters/Vests/Vest_Taktika_Pouches/Pouch_ArsArma_magouch_morphed_OD.et;{7F6DF8FB96F0D48A}Prefabs/Characters/Vests/Vest_TV110_Pouches/Pouch_wartech_magpouch_mp103_EMR.et;{9B3FB19617D927E0}Prefabs/Characters/Vests/Vest_Taktika_Pouches/Pouch_ArsArma_magouch_morphed_OD.et;{F5982C8DF2491EE7}Prefabs/Characters/Vests/Vest_TV110_Pouches/Pouch_UP105_utilbig_EMR.et;{08B558536A140488}Prefabs/Characters/Vests/Vest_JPC_Pouches/Pouch_AVS_MBITR_Radio_EMR.et;{0F5FFB8EC8B7CD5A}Prefabs/Characters/Vests/Vest_TV110_Pouches/Pouch_HP103_Holster_EMR.et;{2063019F7E9547CA}Prefabs/Characters/Vests/Vest_TV110_Pouches/Pouch_GP106_RGD_Pouch_2_EMR.et;{699A470D29854BF0}Prefabs/Characters/Vests/Vest_TV110_Pouches/Pouch_GP106_RGD_Pouch_EMR.et;{0FC27F9BC4B7A50B}Prefabs/Characters/Vests/Vest_TV110_Pouches/Pouch_UP113_DropPouch_EMR.et
vest_avs_arsarma_hsgi_emr2_medic,{2D539A9D9E46C7F0}Prefabs/Characters/Vests/Vest_AVS/Variants/Vest_AVS_arsarma_Hsgi_EMR2_Medic.et,cash,220,110,12,12,0,0,0,1,{63454F498C9C59FE}Prefabs/Characters/Vests/Vest_JPC_Pouches/Pouch_jpc_placard_EMR.et;{A4A240907B301D41}Prefabs/Characters/Vests/Vest_TV110_Pouches/Pouch_UP103_Medkit_EMR.et;{682AB793D03D1890}Prefabs/Characters/Vests/Vest_TV110_Pouches/Pouch_UP104_utilmini_EMR.et;{9B3FB19617D927E0}Prefabs/Characters/Vests/Vest_Taktika_Pouches/Pouch_ArsArma_magouch_morphed_OD.et;{9B3FB19617D927E0}Prefabs/Characters/Vests/Vest_Taktika_Pouches/Pouch_ArsArma_magouch_morphed_OD.et;{F5982C8DF2491EE7}Prefabs/Characters/Vests/Vest_TV110_Pouches/Pouch_UP105_utilbig_EMR.et;{AE6E1751A47A50A0}Prefabs/Characters/Vests/Vest_TV110_Pouches/Pouch_UP111_radioClosed_EMR.et;{974A4F287532526E}Prefabs/Characters/Vests/Vest_TV110_Pouches/Pouch_UP101_Admin_big_EMR.et;{7F6DF8FB96F0D48A}Prefabs/Characters/Vests/Vest_TV110_Pouches/Pouch_wartech_magpouch_mp103_EMR.et;{6637A17112761D8F}Prefabs/Characters/Vests/Vest_TV110_Pouches/Pouch_UP118_fannypack_EMR.et;{A4A240907B301D41}Prefabs/Characters/Vests/Vest_TV110_Pouches/Pouch_UP103_Medkit_EMR.et;{0FC27F9BC4B7A50B}Prefabs/Characters/Vests/Vest_TV110_Pouches/Pouch_UP113_DropPouch_EMR.et
vest_avs_arsarma_hsgi_emr3,{8849C497B6AE4E4F}Prefabs/Characters/Vests/Vest_AVS/Variants/Vest_AVS_arsarma_Hsgi_EMR3.et,cash,220,110,14,14,0,0,0,1,{63454F498C9C59FE}Prefabs/Characters/Vests/Vest_JPC_Pouches/Pouch_jpc_placard_EMR.et;{A4A240907B301D41}Prefabs/Characters/Vests/Vest_TV110_Pouches/Pouch_UP103_Medkit_EMR.et;{2063019F7E9547CA}Prefabs/Characters/Vests/Vest_TV110_Pouches/Pouch_GP106_RGD_Pouch_2_EMR.et;{7F6DF8FB96F0D48A}Prefabs/Characters/Vests/Vest_TV110_Pouches/Pouch_wartech_magpouch_mp103_EMR.et;{9B3FB19617D927E0}Prefabs/Characters/Vests/Vest_Taktika_Pouches/Pouch_ArsArma_magouch_morphed_OD.et;{9B3FB19617D927E0}Prefabs/Characters/Vests/Vest_Taktika_Pouches/Pouch_ArsArma_magouch_morphed_OD.et;{ADCB2B945F7514DC}Prefabs/Characters/Vests/Vest_TV110_Pouches/Pouch_UP120_utilmolleminus_EMR.et;{08B558536A140488}Prefabs/Characters/Vests/Vest_JPC_Pouches/Pouch_AVS_MBITR_Radio_EMR.et;{6637A17112761D8F}Prefabs/Characters/Vests/Vest_TV110_Pouches/Pouch_UP118_fannypack_EMR.et;{2063019F7E9547CA}Prefabs/Characters/Vests/Vest_TV110_Pouches/Pouch_GP106_RGD_Pouch_2_EMR.et;{699A470D29854BF0}Prefabs/Characters/Vests/Vest_TV110_Pouches/Pouch_GP106_RGD_Pouch_EMR.et;{0FC27F9BC4B7A50B}Prefabs/Characters/Vests/Vest_TV110_Pouches/Pouch_UP113_DropPouch_EMR.et;{2B9C06B5EF408621}Prefabs/Characters/Vests/Vest_TV110_Pouches/Pouch_UP108_utillong_EMR.et;{2DFE63EA0FC1989F}Prefabs/Characters/Vests/Vest_TV110_Pouches/Minimap_ArsArma_GMR_EMR.et
vest_avs_arsarma_hsgi_emr4,{B57DE1AFC3C2C778}Prefabs/Characters/Vests/Vest_AVS/Variants/Vest_AVS_arsarma_Hsgi_EMR4.et,cash,220,110,12,12,0,0,0,1,{63454F498C9C59FE}Prefabs/Characters/Vests/Vest_JPC_Pouches/Pouch_jpc_placard_EMR.et;{AE6E1751A47A50A0}Prefabs/Characters/Vests/Vest_TV110_Pouches/Pouch_UP111_radioClosed_EMR.et;{2FFB0BAB85D5919E}Prefabs/Characters/Vests/Vest_TV110_Pouches/Pouch_UP102_Admin_small_EMR.et;{682AB793D03D1890}Prefabs/Characters/Vests/Vest_TV110_Pouches/Pouch_UP104_utilmini_EMR.et;{7F6DF8FB96F0D48A}Prefabs/Characters/Vests/Vest_TV110_Pouches/Pouch_wartech_magpouch_mp103_EMR.et;{9B3FB19617D927E0}Prefabs/Characters/Vests/Vest_Taktika_Pouches/Pouch_ArsArma_magouch_morphed_OD.et;{9B3FB19617D927E0}Prefabs/Characters/Vests/Vest_Taktika_Pouches/Pouch_ArsArma_magouch_morphed_OD.et;{F5982C8DF2491EE7}Prefabs/Characters/Vests/Vest_TV110_Pouches/Pouch_UP105_utilbig_EMR.et;{A4A240907B301D41}Prefabs/Characters/Vests/Vest_TV110_Pouches/Pouch_UP103_Medkit_EMR.et;{2063019F7E9547CA}Prefabs/Characters/Vests/Vest_TV110_Pouches/Pouch_GP106_RGD_Pouch_2_EMR.et;{699A470D29854BF0}Prefabs/Characters/Vests/Vest_TV110_Pouches/Pouch_GP106_RGD_Pouch_EMR.et;{0FC27F9BC4B7A50B}Prefabs/Characters/Vests/Vest_TV110_Pouches/Pouch_UP113_DropPouch_EMR.et
vest_avs_arsarma_hsgi_emr_mg,{08EA5117A64D0A16}Prefabs/Characters/Vests/Vest_AVS/Variants/Vest_AVS_arsarma_Hsgi_EMR_MG.et,cash,220,110,6,6,0,0,0,1,{A4A240907B301D41}Prefabs/Characters/Vests/Vest_TV110_Pouches/Pouch_UP103_Medkit_EMR.et;{682AB793D03D1890}Prefabs/Characters/Vests/Vest_TV110_Pouches/Pouch_UP104_utilmini_EMR.et;{F5982C8DF2491EE7}Prefabs/Characters/Vests/Vest_TV110_Pouches/Pouch_UP105_utilbig_EMR.et;{953FD4E496EB2F24}Prefabs/Characters/Vests/Vest_Taktika_Pouches/Pouch_Mordor_PKM_olive.et;{08B558536A140488}Prefabs/Characters/Vests/Vest_JPC_Pouches/Pouch_AVS_MBITR_Radio_EMR.et;{953FD4E496EB2F24}Prefabs/Characters/Vests/Vest_Taktika_Pouches/Pouch_Mordor_PKM_olive.et
vest_avs_blk,{5418C9D338618BA9}Prefabs/Characters/Vests/Vest_AVS/Vest_AVS_Blk.et,cash,1300,650,3,1,1600,800,1,1,{88E31AB238FFCB0A}Prefabs/Characters/Vests/Vest_PCGen_III/Plates/DestructibleArmorPlate_PCGenIII_ESAPIrevJ_Front.et;{1B4129A0C0C752A3}Prefabs/Characters/Vests/Vest_PCGen_III/Plates/DestructibleArmorPlate_PCGenIII_ESAPIrevJ_Back.et;{5E72543A2B51D707}Prefabs/Characters/Vests/Vest_AVS/attachment_AVS_camerband_empty_Blk.et
vest_avs_blk_coy,{EA6BBDCB72ED5510}Prefabs/Characters/Vests/Vest_AVS/Vest_AVS_Blk_Coy.et,cash,1300,650,3,1,1600,800,1,1,{88E31AB238FFCB0A}Prefabs/Characters/Vests/Vest_PCGen_III/Plates/DestructibleArmorPlate_PCGenIII_ESAPIrevJ_Front.et;{1B4129A0C0C752A3}Prefabs/Characters/Vests/Vest_PCGen_III/Plates/DestructibleArmorPlate_PCGenIII_ESAPIrevJ_Back.et;{BDDC74AA0400B851}Prefabs/Characters/Vests/Vest_AVS/attachment_AVS_camerband_empty_Coy.et
vest_avs_blk_nobelt_light,{13542D61356FFB4D}Prefabs/Characters/Vests/Vest_AVS/Variants/ION/Vest_AVS_Blk_NoBelt_Light.et,cash,340,170,7,7,0,0,0,1,{7390CBCE20BAE62B}Prefabs/Characters/Vests/Vest_JPC_Pouches/Pouch_avs_front_elastic_Blk.et;{A666C7EA6A873558}Prefabs/Characters/Vests/Vest_PCGen_III_Pouches/Pouch_Highspeed_Bleeder_MCBlk.et;{77D939687560A1F0}Prefabs/Characters/Vests/Vest_PCGen_III_Pouches/Pouch_Shaw_Flex.et;{77D939687560A1F0}Prefabs/Characters/Vests/Vest_PCGen_III_Pouches/Pouch_Shaw_Flex.et;{658C2BC6EDE545DE}Prefabs/Characters/Vests/Vest_PCGen_III_Pouches/Pouch_PCGEN3_takoPouch_MCBlk.et;{42803A2880386367}Prefabs/Characters/Vests/Vest_JPC_Pouches/Pouch_AVS_MBITR_Radio_MCBlk.et;{61FA86B2349771A6}Prefabs/Characters/Vests/Vest_PCGen_III_Pouches/Pouch_Shaw_Raid_MCBlk.et
vest_avs_coy,{B7B6E9431730E4FF}Prefabs/Characters/Vests/Vest_AVS/Vest_AVS_Coy.et,cash,1600,800,3,1,1600,800,0,1,{88E31AB238FFCB0A}Prefabs/Characters/Vests/Vest_PCGen_III/Plates/DestructibleArmorPlate_PCGenIII_ESAPIrevJ_Front.et;{1B4129A0C0C752A3}Prefabs/Characters/Vests/Vest_PCGen_III/Plates/DestructibleArmorPlate_PCGenIII_ESAPIrevJ_Back.et;{BDDC74AA0400B851}Prefabs/Characters/Vests/Vest_AVS/attachment_AVS_camerband_empty_Coy.et
vest_avs_emr,{2AE67D84AEFAA51D}Prefabs/Characters/Vests/Vest_AVS/Vest_AVS_Emr.et,cash,1600,800,3,1,600,300,0,1,{FF692FD5AFD43076}Prefabs/Characters/Vests/Vest_Ratnik_6B45/Plates/DestructibleArmorPlate_6B45_Granit_Front.et;{1486E991C03BE661}Prefabs/Characters/Vests/Vest_Ratnik_6B45/Plates/DestructibleArmorPlate_6B45_Granit_Back.et;{208CE06DBDCAF9B3}Prefabs/Characters/Vests/Vest_AVS/attachment_AVS_camerband_empty_EMR.et
vest_avs_mc,{6BEC572D4E71CBED}Prefabs/Characters/Vests/Vest_AVS/Vest_AVS_MC.et,cash,1600,800,3,1,1600,800,0,1,{88E31AB238FFCB0A}Prefabs/Characters/Vests/Vest_PCGen_III/Plates/DestructibleArmorPlate_PCGenIII_ESAPIrevJ_Front.et;{1B4129A0C0C752A3}Prefabs/Characters/Vests/Vest_PCGen_III/Plates/DestructibleArmorPlate_PCGenIII_ESAPIrevJ_Back.et;{AEC101D0DC520D3E}Prefabs/Characters/Vests/Vest_AVS/attachment_AVS_camerband_empty_MC.et
vest_avs_mcblk,{8DDFA116E97BAA10}Prefabs/Characters/Vests/Vest_AVS/Vest_AVS_MCBlk.et,cash,1300,650,3,1,1600,800,1,1,{88E31AB238FFCB0A}Prefabs/Characters/Vests/Vest_PCGen_III/Plates/DestructibleArmorPlate_PCGenIII_ESAPIrevJ_Front.et;{1B4129A0C0C752A3}Prefabs/Characters/Vests/Vest_PCGen_III/Plates/DestructibleArmorPlate_PCGenIII_ESAPIrevJ_Back.et;{7EDE2F5804029EFC}Prefabs/Characters/Vests/Vest_AVS/attachment_AVS_camerband_empty_MCBlk.et
vest_avs_mcblk_nobelt,{DC5ED2874B47C75A}Prefabs/Characters/Vests/Vest_AVS/Variants/Vest_AVS_MCBlk_Nobelt.et,cash,340,170,9,9,0,0,0,1,{2160B3182002C9FD}Prefabs/Characters/Vests/Vest_JPC_Pouches/Pouch_avs_front_closed_MCBlk.et;{347E53A3482B9600}Prefabs/Characters/Vests/Vest_PCGen_III_Pouches/Pouch_Shaw_Flex_Blk.et;{61FA86B2349771A6}Prefabs/Characters/Vests/Vest_PCGen_III_Pouches/Pouch_Shaw_Raid_MCBlk.et;{EC30B9F4596F1E57}Prefabs/Characters/Vests/Vest_PCGen_III_Pouches/Pouch_Highspeed_Pistol_MCBlk.et;{EC30B9F4596F1E57}Prefabs/Characters/Vests/Vest_PCGen_III_Pouches/Pouch_Highspeed_Pistol_MCBlk.et;{A666C7EA6A873558}Prefabs/Characters/Vests/Vest_PCGen_III_Pouches/Pouch_Highspeed_Bleeder_MCBlk.et;{658C2BC6EDE545DE}Prefabs/Characters/Vests/Vest_PCGen_III_Pouches/Pouch_PCGEN3_takoPouch_MCBlk.et;{658C2BC6EDE545DE}Prefabs/Characters/Vests/Vest_PCGen_III_Pouches/Pouch_PCGEN3_takoPouch_MCBlk.et;{95BCBF51DC7D11B9}Prefabs/Characters/Vests/Vest_JPC_Pouches/Minimap_JPC_ZipOnPanel2.0_MCBlk.et
vest_avs_mcblk_ronin,{9FB6D7969BB672AD}Prefabs/Characters/Vests/Vest_AVS/Variants/Vest_AVS_MCBlk_ronin.et,cash,340,170,9,9,0,0,0,1,{57EE4430618188CF}Prefabs/Characters/Vests/Vest_JPC_Pouches/Pouch_AVS_front_molle_MCBlk.et;{EC30B9F4596F1E57}Prefabs/Characters/Vests/Vest_PCGen_III_Pouches/Pouch_Highspeed_Pistol_MCBlk.et;{EC30B9F4596F1E57}Prefabs/Characters/Vests/Vest_PCGen_III_Pouches/Pouch_Highspeed_Pistol_MCBlk.et;{A666C7EA6A873558}Prefabs/Characters/Vests/Vest_PCGen_III_Pouches/Pouch_Highspeed_Bleeder_MCBlk.et;{658C2BC6EDE545DE}Prefabs/Characters/Vests/Vest_PCGen_III_Pouches/Pouch_PCGEN3_takoPouch_MCBlk.et;{658C2BC6EDE545DE}Prefabs/Characters/Vests/Vest_PCGen_III_Pouches/Pouch_PCGEN3_takoPouch_MCBlk.et;{42803A2880386367}Prefabs/Characters/Vests/Vest_JPC_Pouches/Pouch_AVS_MBITR_Radio_MCBlk.et;{347E53A3482B9600}Prefabs/Characters/Vests/Vest_PCGen_III_Pouches/Pouch_Shaw_Flex_Blk.et;{658C2BC6EDE545DE}Prefabs/Characters/Vests/Vest_PCGen_III_Pouches/Pouch_PCGEN3_takoPouch_MCBlk.et
vest_avs_nobelt_coy,{F0FA0DF11A3E941B}Prefabs/Characters/Vests/Vest_AVS/Variants/Vest_AVS_nobelt_Coy.et,cash,220,110,7,7,0,0,0,1,{903EEB5E0FEB897D}Prefabs/Characters/Vests/Vest_JPC_Pouches/Pouch_avs_front_elastic_Coy.et;{7B0E856BA78C0246}Prefabs/Characters/Vests/Vest_PCGen_III_Pouches/Pouch_Highspeed_Bleeder.et;{DB08308A11F0A1FA}Prefabs/Characters/Vests/Vest_PCGen_III_Pouches/Pouch_PCGEN3_ifak.et;{95E5CC94D3DE456A}Prefabs/Characters/Vests/Vest_JPC_Pouches/Pouch_AVS_MBITR_Radio_Coy.et;{D075481CB65F1AB5}Prefabs/Characters/Vests/Vest_PCGen_III_Pouches/Pouch_Shaw_Raid.et;{C21DCE954442DD12}Prefabs/Characters/Vests/Vest_PCGen_III_Pouches/Pouch_PCGEN3_takoPouch.et;{77D939687560A1F0}Prefabs/Characters/Vests/Vest_PCGen_III_Pouches/Pouch_Shaw_Flex.et
vest_avs_okinawa_coy,{C5300A62C49815FF}Prefabs/Characters/Vests/Vest_AVS/Variants/Vest_AVS_okinawa_Coy.et,cash,220,110,14,14,0,0,0,1,{FE15DB8E3556181C}Prefabs/Characters/Vests/Vest_JPC_Pouches/Pouch_jpc_placard_Coy.et;{C21DCE954442DD12}Prefabs/Characters/Vests/Vest_PCGen_III_Pouches/Pouch_PCGEN3_takoPouch.et;{80B50798C062384A}Prefabs/Characters/Vests/Vest_PCGen_III_Pouches/Pouch_Shaw_Nerd_Big.et;{E2570E47232ACCAA}Prefabs/Characters/Vests/Vest_PCGen_III_Pouches/Pouch_PCGEN3_util.et;{95E5CC94D3DE456A}Prefabs/Characters/Vests/Vest_JPC_Pouches/Pouch_AVS_MBITR_Radio_Coy.et;{D075481CB65F1AB5}Prefabs/Characters/Vests/Vest_PCGen_III_Pouches/Pouch_Shaw_Raid.et;{91AAAD6DD4C4E0CD}Prefabs/Characters/Vests/Vest_PCGen_III_Pouches/Pouch_Highspeed_Pistol.et;{DB08308A11F0A1FA}Prefabs/Characters/Vests/Vest_PCGen_III_Pouches/Pouch_PCGEN3_ifak.et;{91AAAD6DD4C4E0CD}Prefabs/Characters/Vests/Vest_PCGen_III_Pouches/Pouch_Highspeed_Pistol.et;{C21DCE954442DD12}Prefabs/Characters/Vests/Vest_PCGen_III_Pouches/Pouch_PCGEN3_takoPouch.et;{03F98F190A971B35}Prefabs/Characters/Vests/Vest_PCGen_III_Pouches/Pouch_Filbe_M67_2.et;{0B18049DFD080C8B}Prefabs/Characters/Vests/Vest_PCGen_III_Pouches/Pouch_Filbe_M67_Base.et;{B6C7D2B97BB13F97}Prefabs/Characters/Vests/Vest_PCGen_III_Pouches/Pouch_Filbe_M18_2.et;{DA93E659C775B0B9}Prefabs/Characters/Vests/Vest_PCGen_III_Pouches/Pouch_Filbe_M18_1.et
vest_avs_okinawa_coy2,{A04314012EE0F737}Prefabs/Characters/Vests/Vest_AVS/Variants/Vest_AVS_okinawa_Coy2.et,cash,220,110,12,12,0,0,0,1,{08AFD0B661910BF0}Prefabs/Characters/Vests/Vest_JPC_Pouches/Pouch_avs_front_closed_Coy.et;{DA93E659C775B0B9}Prefabs/Characters/Vests/Vest_PCGen_III_Pouches/Pouch_Filbe_M18_1.et;{E2570E47232ACCAA}Prefabs/Characters/Vests/Vest_PCGen_III_Pouches/Pouch_PCGEN3_util.et;{95E5CC94D3DE456A}Prefabs/Characters/Vests/Vest_JPC_Pouches/Pouch_AVS_MBITR_Radio_Coy.et;{91AAAD6DD4C4E0CD}Prefabs/Characters/Vests/Vest_PCGen_III_Pouches/Pouch_Highspeed_Pistol.et;{DB08308A11F0A1FA}Prefabs/Characters/Vests/Vest_PCGen_III_Pouches/Pouch_PCGEN3_ifak.et;{91AAAD6DD4C4E0CD}Prefabs/Characters/Vests/Vest_PCGen_III_Pouches/Pouch_Highspeed_Pistol.et;{C21DCE954442DD12}Prefabs/Characters/Vests/Vest_PCGen_III_Pouches/Pouch_PCGEN3_takoPouch.et;{03F98F190A971B35}Prefabs/Characters/Vests/Vest_PCGen_III_Pouches/Pouch_Filbe_M67_2.et;{0B18049DFD080C8B}Prefabs/Characters/Vests/Vest_PCGen_III_Pouches/Pouch_Filbe_M67_Base.et;{B6C7D2B97BB13F97}Prefabs/Characters/Vests/Vest_PCGen_III_Pouches/Pouch_Filbe_M18_2.et;{C21DCE954442DD12}Prefabs/Characters/Vests/Vest_PCGen_III_Pouches/Pouch_PCGEN3_takoPouch.et
vest_avs_okinawa_coy3,{45DF58F82205605C}Prefabs/Characters/Vests/Vest_AVS/Variants/Vest_AVS_okinawa_Coy3.et,cash,220,110,15,15,0,0,0,1,{5ACB5A1C9A5ED21A}Prefabs/Characters/Vests/Vest_JPC_Pouches/Pouch_AVS_front_molle_Coy.et;{63BAEA12FD64512B}Prefabs/Characters/Vests/Vest_PCGen_III_Pouches/Pouch_FILBE_doubleM4_3.et;{03F98F190A971B35}Prefabs/Characters/Vests/Vest_PCGen_III_Pouches/Pouch_Filbe_M67_2.et;{95E5CC94D3DE456A}Prefabs/Characters/Vests/Vest_JPC_Pouches/Pouch_AVS_MBITR_Radio_Coy.et;{D075481CB65F1AB5}Prefabs/Characters/Vests/Vest_PCGen_III_Pouches/Pouch_Shaw_Raid.et;{DA93E659C775B0B9}Prefabs/Characters/Vests/Vest_PCGen_III_Pouches/Pouch_Filbe_M18_1.et;{14BD08A15E2AB6FD}Prefabs/Characters/Vests/Vest_PCGen_III_Pouches/Pouch_OpenTop_M27_1_pouch.et;{5A8DE5AC4B34B377}Prefabs/Characters/Vests/Vest_PCGen_III_Pouches/Pouch_Filbe_40mm_1.et;{36D9D14CF7F03C59}Prefabs/Characters/Vests/Vest_PCGen_III_Pouches/Pouch_Filbe_40mm_2.et;{D3459DB5FB15AB32}Prefabs/Characters/Vests/Vest_PCGen_III_Pouches/Pouch_Filbe_40mm_3.et;{0B18049DFD080C8B}Prefabs/Characters/Vests/Vest_PCGen_III_Pouches/Pouch_Filbe_M67_Base.et;{B6C7D2B97BB13F97}Prefabs/Characters/Vests/Vest_PCGen_III_Pouches/Pouch_Filbe_M18_2.et;{DB08308A11F0A1FA}Prefabs/Characters/Vests/Vest_PCGen_III_Pouches/Pouch_PCGEN3_ifak.et;{0DA7F2FF8E0BFBDC}Prefabs/Characters/Vests/Vest_PCGen_III_Pouches/Pouch_Filbe_bandolier.et;{32717582E1F0B524}Prefabs/Characters/Vests/Vest_JPC_Pouches/Minimap_JPC_ZipOnPanel2.0_Coy.et
vest_avs_okinawa_coy_6x6,{A1F502A90AD57908}Prefabs/Characters/Vests/Vest_AVS/Variants/Vest_AVS_okinawa_Coy_6x6.et,cash,220,110,13,13,0,0,0,1,{08AFD0B661910BF0}Prefabs/Characters/Vests/Vest_JPC_Pouches/Pouch_avs_front_closed_Coy.et;{91AAAD6DD4C4E0CD}Prefabs/Characters/Vests/Vest_PCGen_III_Pouches/Pouch_Highspeed_Pistol.et;{80B50798C062384A}Prefabs/Characters/Vests/Vest_PCGen_III_Pouches/Pouch_Shaw_Nerd_Big.et;{DB08308A11F0A1FA}Prefabs/Characters/Vests/Vest_PCGen_III_Pouches/Pouch_PCGEN3_ifak.et;{63BAEA12FD64512B}Prefabs/Characters/Vests/Vest_PCGen_III_Pouches/Pouch_FILBE_doubleM4_3.et;{91AAAD6DD4C4E0CD}Prefabs/Characters/Vests/Vest_PCGen_III_Pouches/Pouch_Highspeed_Pistol.et;{77D939687560A1F0}Prefabs/Characters/Vests/Vest_PCGen_III_Pouches/Pouch_Shaw_Flex.et;{8626A6EBF181C640}Prefabs/Characters/Vests/Vest_PCGen_III_Pouches/Pouch_FILBE_doubleM4_2.et;{03F98F190A971B35}Prefabs/Characters/Vests/Vest_PCGen_III_Pouches/Pouch_Filbe_M67_2.et;{0B18049DFD080C8B}Prefabs/Characters/Vests/Vest_PCGen_III_Pouches/Pouch_Filbe_M67_Base.et;{DA93E659C775B0B9}Prefabs/Characters/Vests/Vest_PCGen_III_Pouches/Pouch_Filbe_M18_1.et;{B6C7D2B97BB13F97}Prefabs/Characters/Vests/Vest_PCGen_III_Pouches/Pouch_Filbe_M18_2.et;{32717582E1F0B524}Prefabs/Characters/Vests/Vest_JPC_Pouches/Minimap_JPC_ZipOnPanel2.0_Coy.et
vest_avs_okinawa_coy_6x6_2,{1995D49E1F650C7C}Prefabs/Characters/Vests/Vest_AVS/Variants/Vest_AVS_okinawa_Coy_6x6_2.et,cash,220,110,15,15,0,0,0,1,{FE15DB8E3556181C}Prefabs/Characters/Vests/Vest_JPC_Pouches/Pouch_jpc_placard_Coy.et;{91AAAD6DD4C4E0CD}Prefabs/Characters/Vests/Vest_PCGen_III_Pouches/Pouch_Highspeed_Pistol.et;{DB08308A11F0A1FA}Prefabs/Characters/Vests/Vest_PCGen_III_Pouches/Pouch_PCGEN3_ifak.et;{63BAEA12FD64512B}Prefabs/Characters/Vests/Vest_PCGen_III_Pouches/Pouch_FILBE_doubleM4_3.et;{91AAAD6DD4C4E0CD}Prefabs/Characters/Vests/Vest_PCGen_III_Pouches/Pouch_Highspeed_Pistol.et;{5131F13163FFF2CA}Prefabs/Characters/Vests/Vest_PCGen_III_Pouches/Pouch_Shaw_Flex_MC.et;{8626A6EBF181C640}Prefabs/Characters/Vests/Vest_PCGen_III_Pouches/Pouch_FILBE_doubleM4_2.et;{03F98F190A971B35}Prefabs/Characters/Vests/Vest_PCGen_III_Pouches/Pouch_Filbe_M67_2.et;{0B18049DFD080C8B}Prefabs/Characters/Vests/Vest_PCGen_III_Pouches/Pouch_Filbe_M67_Base.et;{DA93E659C775B0B9}Prefabs/Characters/Vests/Vest_PCGen_III_Pouches/Pouch_Filbe_M18_1.et;{B6C7D2B97BB13F97}Prefabs/Characters/Vests/Vest_PCGen_III_Pouches/Pouch_Filbe_M18_2.et;{32717582E1F0B524}Prefabs/Characters/Vests/Vest_JPC_Pouches/Minimap_JPC_ZipOnPanel2.0_Coy.et;{D075481CB65F1AB5}Prefabs/Characters/Vests/Vest_PCGen_III_Pouches/Pouch_Shaw_Raid.et;{063712DCDFB30053}Prefabs/Characters/Vests/Vest_PCGen_III_Pouches/Pouch_Shaw_Nerd_Mini.et;{77D939687560A1F0}Prefabs/Characters/Vests/Vest_PCGen_III_Pouches/Pouch_Shaw_Flex.et
vest_avs_okinawa_coy_6x6_3,{FC09986713809B17}Prefabs/Characters/Vests/Vest_AVS/Variants/Vest_AVS_okinawa_Coy_6x6_3.et,cash,220,110,13,13,0,0,0,1,{5ACB5A1C9A5ED21A}Prefabs/Characters/Vests/Vest_JPC_Pouches/Pouch_AVS_front_molle_Coy.et;{91AAAD6DD4C4E0CD}Prefabs/Characters/Vests/Vest_PCGen_III_Pouches/Pouch_Highspeed_Pistol.et;{DB08308A11F0A1FA}Prefabs/Characters/Vests/Vest_PCGen_III_Pouches/Pouch_PCGEN3_ifak.et;{63BAEA12FD64512B}Prefabs/Characters/Vests/Vest_PCGen_III_Pouches/Pouch_FILBE_doubleM4_3.et;{91AAAD6DD4C4E0CD}Prefabs/Characters/Vests/Vest_PCGen_III_Pouches/Pouch_Highspeed_Pistol.et;{5131F13163FFF2CA}Prefabs/Characters/Vests/Vest_PCGen_III_Pouches/Pouch_Shaw_Flex_MC.et;{8626A6EBF181C640}Prefabs/Characters/Vests/Vest_PCGen_III_Pouches/Pouch_FILBE_doubleM4_2.et;{03F98F190A971B35}Prefabs/Characters/Vests/Vest_PCGen_III_Pouches/Pouch_Filbe_M67_2.et;{0B18049DFD080C8B}Prefabs/Characters/Vests/Vest_PCGen_III_Pouches/Pouch_Filbe_M67_Base.et;{DA93E659C775B0B9}Prefabs/Characters/Vests/Vest_PCGen_III_Pouches/Pouch_Filbe_M18_1.et;{B6C7D2B97BB13F97}Prefabs/Characters/Vests/Vest_PCGen_III_Pouches/Pouch_Filbe_M18_2.et;{32717582E1F0B524}Prefabs/Characters/Vests/Vest_JPC_Pouches/Minimap_JPC_ZipOnPanel2.0_Coy.et;{14BD08A15E2AB6FD}Prefabs/Characters/Vests/Vest_PCGen_III_Pouches/Pouch_OpenTop_M27_1_pouch.et
vest_avs_okinawa_coy_6x9,{3E010420ECE9FC0D}Prefabs/Characters/Vests/Vest_AVS/Variants/Vest_AVS_okinawa_Coy_6x9.et,cash,220,110,14,14,0,0,0,1,{903EEB5E0FEB897D}Prefabs/Characters/Vests/Vest_JPC_Pouches/Pouch_avs_front_elastic_Coy.et;{95E5CC94D3DE456A}Prefabs/Characters/Vests/Vest_JPC_Pouches/Pouch_AVS_MBITR_Radio_Coy.et;{77D939687560A1F0}Prefabs/Characters/Vests/Vest_PCGen_III_Pouches/Pouch_Shaw_Flex.et;{DB08308A11F0A1FA}Prefabs/Characters/Vests/Vest_PCGen_III_Pouches/Pouch_PCGEN3_ifak.et;{E2570E47232ACCAA}Prefabs/Characters/Vests/Vest_PCGen_III_Pouches/Pouch_PCGEN3_util.et;{8626A6EBF181C640}Prefabs/Characters/Vests/Vest_PCGen_III_Pouches/Pouch_FILBE_doubleM4_2.et;{91AAAD6DD4C4E0CD}Prefabs/Characters/Vests/Vest_PCGen_III_Pouches/Pouch_Highspeed_Pistol.et;{63BAEA12FD64512B}Prefabs/Characters/Vests/Vest_PCGen_III_Pouches/Pouch_FILBE_doubleM4_3.et;{91AAAD6DD4C4E0CD}Prefabs/Characters/Vests/Vest_PCGen_III_Pouches/Pouch_Highspeed_Pistol.et;{63BAEA12FD64512B}Prefabs/Characters/Vests/Vest_PCGen_III_Pouches/Pouch_FILBE_doubleM4_3.et;{B6C7D2B97BB13F97}Prefabs/Characters/Vests/Vest_PCGen_III_Pouches/Pouch_Filbe_M18_2.et;{B6C7D2B97BB13F97}Prefabs/Characters/Vests/Vest_PCGen_III_Pouches/Pouch_Filbe_M18_2.et;{03F98F190A971B35}Prefabs/Characters/Vests/Vest_PCGen_III_Pouches/Pouch_Filbe_M67_2.et;{0B18049DFD080C8B}Prefabs/Characters/Vests/Vest_PCGen_III_Pouches/Pouch_Filbe_M67_Base.et
vest_avs_okinawa_coy_6x9_2,{7E2DB938F7348CDC}Prefabs/Characters/Vests/Vest_AVS/Variants/Vest_AVS_okinawa_Coy_6x9_2.et,cash,220,110,13,13,0,0,0,1,{08AFD0B661910BF0}Prefabs/Characters/Vests/Vest_JPC_Pouches/Pouch_avs_front_closed_Coy.et;{95E5CC94D3DE456A}Prefabs/Characters/Vests/Vest_JPC_Pouches/Pouch_AVS_MBITR_Radio_Coy.et;{63BAEA12FD64512B}Prefabs/Characters/Vests/Vest_PCGen_III_Pouches/Pouch_FILBE_doubleM4_3.et;{DB08308A11F0A1FA}Prefabs/Characters/Vests/Vest_PCGen_III_Pouches/Pouch_PCGEN3_ifak.et;{E2570E47232ACCAA}Prefabs/Characters/Vests/Vest_PCGen_III_Pouches/Pouch_PCGEN3_util.et;{8626A6EBF181C640}Prefabs/Characters/Vests/Vest_PCGen_III_Pouches/Pouch_FILBE_doubleM4_2.et;{91AAAD6DD4C4E0CD}Prefabs/Characters/Vests/Vest_PCGen_III_Pouches/Pouch_Highspeed_Pistol.et;{B6C7D2B97BB13F97}Prefabs/Characters/Vests/Vest_PCGen_III_Pouches/Pouch_Filbe_M18_2.et;{63BAEA12FD64512B}Prefabs/Characters/Vests/Vest_PCGen_III_Pouches/Pouch_FILBE_doubleM4_3.et;{03F98F190A971B35}Prefabs/Characters/Vests/Vest_PCGen_III_Pouches/Pouch_Filbe_M67_2.et;{DA93E659C775B0B9}Prefabs/Characters/Vests/Vest_PCGen_III_Pouches/Pouch_Filbe_M18_1.et;{91AAAD6DD4C4E0CD}Prefabs/Characters/Vests/Vest_PCGen_III_Pouches/Pouch_Highspeed_Pistol.et;{0B18049DFD080C8B}Prefabs/Characters/Vests/Vest_PCGen_III_Pouches/Pouch_Filbe_M67_Base.et
vest_avs_okinawa_coy_6x9_3,{9BB1F5C1FBD11BB7}Prefabs/Characters/Vests/Vest_AVS/Variants/Vest_AVS_okinawa_Coy_6x9_3.et,cash,220,110,15,15,0,0,0,1,{5ACB5A1C9A5ED21A}Prefabs/Characters/Vests/Vest_JPC_Pouches/Pouch_AVS_front_molle_Coy.et;{95E5CC94D3DE456A}Prefabs/Characters/Vests/Vest_JPC_Pouches/Pouch_AVS_MBITR_Radio_Coy.et;{E2570E47232ACCAA}Prefabs/Characters/Vests/Vest_PCGen_III_Pouches/Pouch_PCGEN3_util.et;{8626A6EBF181C640}Prefabs/Characters/Vests/Vest_PCGen_III_Pouches/Pouch_FILBE_doubleM4_2.et;{91AAAD6DD4C4E0CD}Prefabs/Characters/Vests/Vest_PCGen_III_Pouches/Pouch_Highspeed_Pistol.et;{91AAAD6DD4C4E0CD}Prefabs/Characters/Vests/Vest_PCGen_III_Pouches/Pouch_Highspeed_Pistol.et;{63BAEA12FD64512B}Prefabs/Characters/Vests/Vest_PCGen_III_Pouches/Pouch_FILBE_doubleM4_3.et;{B6C7D2B97BB13F97}Prefabs/Characters/Vests/Vest_PCGen_III_Pouches/Pouch_Filbe_M18_2.et;{B6C7D2B97BB13F97}Prefabs/Characters/Vests/Vest_PCGen_III_Pouches/Pouch_Filbe_M18_2.et;{03F98F190A971B35}Prefabs/Characters/Vests/Vest_PCGen_III_Pouches/Pouch_Filbe_M67_2.et;{0B18049DFD080C8B}Prefabs/Characters/Vests/Vest_PCGen_III_Pouches/Pouch_Filbe_M67_Base.et;{EA72920B4D45496E}Prefabs/Characters/Vests/Vest_PCGen_III_Pouches/Pouch_FILBE_doubleM4_1.et;{8626A6EBF181C640}Prefabs/Characters/Vests/Vest_PCGen_III_Pouches/Pouch_FILBE_doubleM4_2.et;{63BAEA12FD64512B}Prefabs/Characters/Vests/Vest_PCGen_III_Pouches/Pouch_FILBE_doubleM4_3.et;{DB08308A11F0A1FA}Prefabs/Characters/Vests/Vest_PCGen_III_Pouches/Pouch_PCGEN3_ifak.et
vest_avs_okinawa_mc,{B5FEEF292633187B}Prefabs/Characters/Vests/Vest_AVS/Variants/Vest_AVS_okinawa_MC.et,cash,220,110,14,14,0,0,0,1,{8F0C426FECEB72A3}Prefabs/Characters/Vests/Vest_JPC_Pouches/Pouch_jpc_placard_MC.et;{325F38C98ED87C7A}Prefabs/Characters/Vests/Vest_PCGen_III_Pouches/Pouch_Highspeed_Bleeder_MC.et;{5131F13163FFF2CA}Prefabs/Characters/Vests/Vest_PCGen_III_Pouches/Pouch_Shaw_Flex_MC.et;{B6C7D2B97BB13F97}Prefabs/Characters/Vests/Vest_PCGen_III_Pouches/Pouch_Filbe_M18_2.et;{B1934198EEFDCB28}Prefabs/Characters/Vests/Vest_JPC_Pouches/Pouch_AVS_MBITR_Radio_MC.et;{6C58A60D5F651F7E}Prefabs/Characters/Vests/Vest_PCGen_III_Pouches/Pouch_Shaw_Raid_MC.et;{91AAAD6DD4C4E0CD}Prefabs/Characters/Vests/Vest_PCGen_III_Pouches/Pouch_Highspeed_Pistol.et;{3BACDF2B13C6ACFB}Prefabs/Characters/Vests/Vest_PCGen_III_Pouches/Pouch_PCGEN3_takoPouch_MC.et;{91AAAD6DD4C4E0CD}Prefabs/Characters/Vests/Vest_PCGen_III_Pouches/Pouch_Highspeed_Pistol.et;{5131F13163FFF2CA}Prefabs/Characters/Vests/Vest_PCGen_III_Pouches/Pouch_Shaw_Flex_MC.et;{3BACDF2B13C6ACFB}Prefabs/Characters/Vests/Vest_PCGen_III_Pouches/Pouch_PCGEN3_takoPouch_MC.et;{0B18049DFD080C8B}Prefabs/Characters/Vests/Vest_PCGen_III_Pouches/Pouch_Filbe_M67_Base.et;{03F98F190A971B35}Prefabs/Characters/Vests/Vest_PCGen_III_Pouches/Pouch_Filbe_M67_2.et;{DA93E659C775B0B9}Prefabs/Characters/Vests/Vest_PCGen_III_Pouches/Pouch_Filbe_M18_1.et
vest_avs_okinawa_mc_6x9,{86503C80B70FE586}Prefabs/Characters/Vests/Vest_AVS/Variants/Vest_AVS_okinawa_MC_6x9.et,cash,1600,800,14,14,0,0,0,1,{83B93CF5F3C30807}Prefabs/Characters/Vests/Vest_JPC_Pouches/Pouch_avs_front_elastic_MC.et;{B1934198EEFDCB28}Prefabs/Characters/Vests/Vest_JPC_Pouches/Pouch_AVS_MBITR_Radio_MC.et;{5131F13163FFF2CA}Prefabs/Characters/Vests/Vest_PCGen_III_Pouches/Pouch_Shaw_Flex_MC.et;{325F38C98ED87C7A}Prefabs/Characters/Vests/Vest_PCGen_III_Pouches/Pouch_Highspeed_Bleeder_MC.et;{E2570E47232ACCAA}Prefabs/Characters/Vests/Vest_PCGen_III_Pouches/Pouch_PCGEN3_util.et;{3BACDF2B13C6ACFB}Prefabs/Characters/Vests/Vest_PCGen_III_Pouches/Pouch_PCGEN3_takoPouch_MC.et;{1826E35CFC90A18B}Prefabs/Characters/Vests/Vest_PCGen_III_Pouches/Pouch_Highspeed_Pistol_MC.et;{5131F13163FFF2CA}Prefabs/Characters/Vests/Vest_PCGen_III_Pouches/Pouch_Shaw_Flex_MC.et;{5131F13163FFF2CA}Prefabs/Characters/Vests/Vest_PCGen_III_Pouches/Pouch_Shaw_Flex_MC.et;{1826E35CFC90A18B}Prefabs/Characters/Vests/Vest_PCGen_III_Pouches/Pouch_Highspeed_Pistol_MC.et;{DA93E659C775B0B9}Prefabs/Characters/Vests/Vest_PCGen_III_Pouches/Pouch_Filbe_M18_1.et;{B6C7D2B97BB13F97}Prefabs/Characters/Vests/Vest_PCGen_III_Pouches/Pouch_Filbe_M18_2.et;{03F98F190A971B35}Prefabs/Characters/Vests/Vest_PCGen_III_Pouches/Pouch_Filbe_M67_2.et;{0B18049DFD080C8B}Prefabs/Characters/Vests/Vest_PCGen_III_Pouches/Pouch_Filbe_M67_Base.et
vest_avs_radio_coy,{4E09AE60C57189AF}Prefabs/Characters/Vests/Vest_AVS/Vest_AVS_radio_Coy.et,cash,1600,800,6,2,3200,1600,1,1,{88E31AB238FFCB0A}Prefabs/Characters/Vests/Vest_PCGen_III/Plates/DestructibleArmorPlate_PCGenIII_ESAPIrevJ_Front.et;{1B4129A0C0C752A3}Prefabs/Characters/Vests/Vest_PCGen_III/Plates/DestructibleArmorPlate_PCGenIII_ESAPIrevJ_Back.et;{9ADA1F5B703C1980}Prefabs/Characters/Vests/Vest_PCGen_III/Plates/DestructibleArmorPlate_PCGenIII_ESAPIrevJ_Left.et;{5A047A7C413EE006}Prefabs/Characters/Vests/Vest_PCGen_III/Plates/DestructibleArmorPlate_PCGenIII_ESAPIrevJ_Right.et;{0CC12BE0735689A9}Prefabs/Characters/Vests/Vest_AVS/attachment_AVS_camerband_radio_Coy.et;{95E5CC94D3DE456A}Prefabs/Characters/Vests/Vest_JPC_Pouches/Pouch_AVS_MBITR_Radio_Coy.et
vest_avs_radio_mc,{5764FA49A2006F3B}Prefabs/Characters/Vests/Vest_AVS/Vest_AVS_radio_MC.et,cash,1600,800,6,2,3200,1600,1,1,{88E31AB238FFCB0A}Prefabs/Characters/Vests/Vest_PCGen_III/Plates/DestructibleArmorPlate_PCGenIII_ESAPIrevJ_Front.et;{1B4129A0C0C752A3}Prefabs/Characters/Vests/Vest_PCGen_III/Plates/DestructibleArmorPlate_PCGenIII_ESAPIrevJ_Back.et;{9ADA1F5B703C1980}Prefabs/Characters/Vests/Vest_PCGen_III/Plates/DestructibleArmorPlate_PCGenIII_ESAPIrevJ_Left.et;{5A047A7C413EE006}Prefabs/Characters/Vests/Vest_PCGen_III/Plates/DestructibleArmorPlate_PCGenIII_ESAPIrevJ_Right.et;{8C3987BDBE574C69}Prefabs/Characters/Vests/Vest_AVS/attachment_AVS_camerband_radio_MC.et;{B1934198EEFDCB28}Prefabs/Characters/Vests/Vest_JPC_Pouches/Pouch_AVS_MBITR_Radio_MC.et
vest_avs_radio_mcblk,{D4ACFC8F94EDE501}Prefabs/Characters/Vests/Vest_AVS/Vest_AVS_radio_MCBlk.et,cash,1300,650,6,2,3200,1600,1,1,{88E31AB238FFCB0A}Prefabs/Characters/Vests/Vest_PCGen_III/Plates/DestructibleArmorPlate_PCGenIII_ESAPIrevJ_Front.et;{1B4129A0C0C752A3}Prefabs/Characters/Vests/Vest_PCGen_III/Plates/DestructibleArmorPlate_PCGenIII_ESAPIrevJ_Back.et;{9ADA1F5B703C1980}Prefabs/Characters/Vests/Vest_PCGen_III/Plates/DestructibleArmorPlate_PCGenIII_ESAPIrevJ_Left.et;{5A047A7C413EE006}Prefabs/Characters/Vests/Vest_PCGen_III/Plates/DestructibleArmorPlate_PCGenIII_ESAPIrevJ_Right.et;{AB0851573508AA49}Prefabs/Characters/Vests/Vest_AVS/attachment_AVS_camerband_radio_MCBlk.et;{42803A2880386367}Prefabs/Characters/Vests/Vest_JPC_Pouches/Pouch_AVS_MBITR_Radio_MCBlk.et
vest_avs_shaw_coy,{50F366D098451356}Prefabs/Characters/Vests/Vest_AVS/Variants/Vest_AVS_shaw_Coy.et,cash,220,110,14,14,0,0,0,1,{6F0BA7B4993F31E3}Prefabs/Characters/Vests/Vest_PCGen_III_Pouches/Pouch_Placard.et;{C21DCE954442DD12}Prefabs/Characters/Vests/Vest_PCGen_III_Pouches/Pouch_PCGEN3_takoPouch.et;{325F38C98ED87C7A}Prefabs/Characters/Vests/Vest_PCGen_III_Pouches/Pouch_Highspeed_Bleeder_MC.et;{95E5CC94D3DE456A}Prefabs/Characters/Vests/Vest_JPC_Pouches/Pouch_AVS_MBITR_Radio_Coy.et;{D075481CB65F1AB5}Prefabs/Characters/Vests/Vest_PCGen_III_Pouches/Pouch_Shaw_Raid.et;{91AAAD6DD4C4E0CD}Prefabs/Characters/Vests/Vest_PCGen_III_Pouches/Pouch_Highspeed_Pistol.et;{DB08308A11F0A1FA}Prefabs/Characters/Vests/Vest_PCGen_III_Pouches/Pouch_PCGEN3_ifak.et;{91AAAD6DD4C4E0CD}Prefabs/Characters/Vests/Vest_PCGen_III_Pouches/Pouch_Highspeed_Pistol.et;{C21DCE954442DD12}Prefabs/Characters/Vests/Vest_PCGen_III_Pouches/Pouch_PCGEN3_takoPouch.et;{03F98F190A971B35}Prefabs/Characters/Vests/Vest_PCGen_III_Pouches/Pouch_Filbe_M67_2.et;{0B18049DFD080C8B}Prefabs/Characters/Vests/Vest_PCGen_III_Pouches/Pouch_Filbe_M67_Base.et;{DA93E659C775B0B9}Prefabs/Characters/Vests/Vest_PCGen_III_Pouches/Pouch_Filbe_M18_1.et;{B6C7D2B97BB13F97}Prefabs/Characters/Vests/Vest_PCGen_III_Pouches/Pouch_Filbe_M18_2.et;{063712DCDFB30053}Prefabs/Characters/Vests/Vest_PCGen_III_Pouches/Pouch_Shaw_Nerd_Mini.et
vest_bagari_arsarmadouble_1,{4ACFEED9E8150846}Prefabs/Characters/Vests/Vest_Bagari/Variants/Vest_Bagari_arsarmadouble_1.et,cash,220,110,10,10,0,0,0,1,{AC6188D5622701C2}Prefabs/Characters/Vests/Vest_Taktika_Pouches/Pouch_ArsArma_magouch_morphed_Blk.et;{AC6188D5622701C2}Prefabs/Characters/Vests/Vest_Taktika_Pouches/Pouch_ArsArma_magouch_morphed_Blk.et;{70C774BCEB3FFAAE}Prefabs/Characters/Vests/Vest_Taktika_Pouches/Pouch_Taktika_medpouch_BLK.et;{84C4ED4CE6DD42F0}Prefabs/Characters/Vests/Vest_Taktika_Pouches/Pouch_Taktika_magpouch_pistol_BLK.et;{F999ABBF6AD34132}Prefabs/Characters/Vests/Vest_Taktika_Pouches/Pouch_Taktika_universalpouch_coy.et;{84C4ED4CE6DD42F0}Prefabs/Characters/Vests/Vest_Taktika_Pouches/Pouch_Taktika_magpouch_pistol_BLK.et;{F75348AF05B91DD7}Prefabs/Characters/Vests/Vest_Taktika_Pouches/Pouch_Taktika_holster_BLK.et;{BD1AE23200E4CA1E}Prefabs/Characters/Vests/Vest_Taktika_Pouches/Pouch_Taktika_radioPouch_BLK.et;{A0A2D40DDEB93D94}Prefabs/Characters/Vests/Vest_Taktika_Pouches/Pouch_Taktika_droppouch_BLK.et;{AC6188D5622701C2}Prefabs/Characters/Vests/Vest_Taktika_Pouches/Pouch_ArsArma_magouch_morphed_Blk.et
vest_bagari_base,{B776438826A2A82F}Prefabs/Characters/Vests/Vest_Bagari/Vest_Bagari_base.et,cash,1600,800,5,0,1115,557,0,1,{FF692FD5AFD43076}Prefabs/Characters/Vests/Vest_Ratnik_6B45/Plates/DestructibleArmorPlate_6B45_Granit_Front.et;{1486E991C03BE661}Prefabs/Characters/Vests/Vest_Ratnik_6B45/Plates/DestructibleArmorPlate_6B45_Granit_Back.et;{A5C382FA198BE68A}Prefabs/Characters/Vests/Vest_Taktika/Plates/DestructibleArmorPlate_Taktika_br4_side_LEFT.et;{F59ADAE6AF1A0AE3}Prefabs/Characters/Vests/Vest_Taktika/Plates/DestructibleArmorPlate_Taktika_br4_side_RIGHT.et;{85EB7A7558F7B394}Prefabs/Items/Equipment/Patches/Patch_Sobr_big.et
vest_bagari_mp117,{402406B5207B5B3C}Prefabs/Characters/Vests/Vest_Bagari/Variants/Vest_Bagari_mp117.et,cash,220,110,9,9,0,0,0,1,{FFA297E497548C3B}Prefabs/Characters/Vests/Vest_TV110_Pouches/Pouch_wartech_magpouch_mp117_blk.et;{57B5504A1F12ABCC}Prefabs/Characters/Vests/Vest_TV110_Pouches/Pouch_wartech_magpouch_mp117_blk_2.et;{B2291CB313F73CA7}Prefabs/Characters/Vests/Vest_TV110_Pouches/Pouch_wartech_magpouch_mp117_blk_3.et;{FFA297E497548C3B}Prefabs/Characters/Vests/Vest_TV110_Pouches/Pouch_wartech_magpouch_mp117_blk.et;{70C774BCEB3FFAAE}Prefabs/Characters/Vests/Vest_Taktika_Pouches/Pouch_Taktika_medpouch_BLK.et;{F75348AF05B91DD7}Prefabs/Characters/Vests/Vest_Taktika_Pouches/Pouch_Taktika_holster_BLK.et;{BD1AE23200E4CA1E}Prefabs/Characters/Vests/Vest_Taktika_Pouches/Pouch_Taktika_radioPouch_BLK.et;{A0A2D40DDEB93D94}Prefabs/Characters/Vests/Vest_Taktika_Pouches/Pouch_Taktika_droppouch_BLK.et;{AC6188D5622701C2}Prefabs/Characters/Vests/Vest_Taktika_Pouches/Pouch_ArsArma_magouch_morphed_Blk.et
vest_jpc_coy,{C4FEAEB4AAA7B6B2}Prefabs/Characters/Vests/Vest_JPC/Vest_JPC_Coy.et,cash,1600,800,2,0,1600,800,0,1,{88E31AB238FFCB0A}Prefabs/Characters/Vests/Vest_PCGen_III/Plates/DestructibleArmorPlate_PCGenIII_ESAPIrevJ_Front.et;{1B4129A0C0C752A3}Prefabs/Characters/Vests/Vest_PCGen_III/Plates/DestructibleArmorPlate_PCGenIII_ESAPIrevJ_Back.et
vest_jpc_mc,{4A11957AAD447582}Prefabs/Characters/Vests/Vest_JPC/Vest_JPC_MC.et,cash,1600,800,2,0,1600,800,0,1,{88E31AB238FFCB0A}Prefabs/Characters/Vests/Vest_PCGen_III/Plates/DestructibleArmorPlate_PCGenIII_ESAPIrevJ_Front.et;{1B4129A0C0C752A3}Prefabs/Characters/Vests/Vest_PCGen_III/Plates/DestructibleArmorPlate_PCGenIII_ESAPIrevJ_Back.et
vest_jpc_mc_ubgl,{8FF4A5E9BBEC83D1}Prefabs/Characters/Vests/Vest_JPC/variants/Vest_JPC_MC_UBGL.et,cash,280,140,15,15,0,0,0,1,{54B7299FE2A57E3B}Prefabs/Characters/Vests/Vest_JPC_Pouches/Pouch_AVS_front_molle_MC.et;{325F38C98ED87C7A}Prefabs/Characters/Vests/Vest_PCGen_III_Pouches/Pouch_Highspeed_Bleeder_MC.et;{B1934198EEFDCB28}Prefabs/Characters/Vests/Vest_JPC_Pouches/Pouch_AVS_MBITR_Radio_MC.et;{CBDA076D5A4FC8E0}Prefabs/Characters/Vests/Vest_PCGen_III_Pouches/Pouch_Blueforce_Tri.et;{5A8DE5AC4B34B377}Prefabs/Characters/Vests/Vest_PCGen_III_Pouches/Pouch_Filbe_40mm_1.et;{36D9D14CF7F03C59}Prefabs/Characters/Vests/Vest_PCGen_III_Pouches/Pouch_Filbe_40mm_2.et;{D3459DB5FB15AB32}Prefabs/Characters/Vests/Vest_PCGen_III_Pouches/Pouch_Filbe_40mm_3.et;{D075481CB65F1AB5}Prefabs/Characters/Vests/Vest_PCGen_III_Pouches/Pouch_Shaw_Raid.et;{3BACDF2B13C6ACFB}Prefabs/Characters/Vests/Vest_PCGen_III_Pouches/Pouch_PCGEN3_takoPouch_MC.et;{0DA7F2FF8E0BFBDC}Prefabs/Characters/Vests/Vest_PCGen_III_Pouches/Pouch_Filbe_bandolier.et;{B6C7D2B97BB13F97}Prefabs/Characters/Vests/Vest_PCGen_III_Pouches/Pouch_Filbe_M18_2.et;{DA93E659C775B0B9}Prefabs/Characters/Vests/Vest_PCGen_III_Pouches/Pouch_Filbe_M18_1.et;{0B18049DFD080C8B}Prefabs/Characters/Vests/Vest_PCGen_III_Pouches/Pouch_Filbe_M67_Base.et;{03F98F190A971B35}Prefabs/Characters/Vests/Vest_PCGen_III_Pouches/Pouch_Filbe_M67_2.et;{FD35858922374ECC}Prefabs/Characters/Vests/Vest_JPC_Pouches/Minimap_JPC_ZipOnPanel2.0_MC.et
vest_jpc_mcblk,{037DD3060547B417}Prefabs/Characters/Vests/Vest_JPC/Vest_JPC_MCBlk.et,cash,1300,650,2,0,1600,800,1,1,{88E31AB238FFCB0A}Prefabs/Characters/Vests/Vest_PCGen_III/Plates/DestructibleArmorPlate_PCGenIII_ESAPIrevJ_Front.et;{1B4129A0C0C752A3}Prefabs/Characters/Vests/Vest_PCGen_III/Plates/DestructibleArmorPlate_PCGenIII_ESAPIrevJ_Back.et
vest_jpc_mcblk_no_belt,{D49BAC15ECA6BD56}Prefabs/Characters/Vests/Vest_JPC/variants/ION/Vest_JPC_MCBlk_no_belt.et,cash,340,170,6,6,0,0,0,1,{1DBBFB1E1A07774A}Prefabs/Characters/Vests/Vest_JPC_Pouches/Pouch_jpc_placard_MCBLK.et;{42803A2880386367}Prefabs/Characters/Vests/Vest_JPC_Pouches/Pouch_AVS_MBITR_Radio_MCBlk.et;{A666C7EA6A873558}Prefabs/Characters/Vests/Vest_PCGen_III_Pouches/Pouch_Highspeed_Bleeder_MCBlk.et;{658C2BC6EDE545DE}Prefabs/Characters/Vests/Vest_PCGen_III_Pouches/Pouch_PCGEN3_takoPouch_MCBlk.et;{61FA86B2349771A6}Prefabs/Characters/Vests/Vest_PCGen_III_Pouches/Pouch_Shaw_Raid_MCBlk.et;{95BCBF51DC7D11B9}Prefabs/Characters/Vests/Vest_JPC_Pouches/Minimap_JPC_ZipOnPanel2.0_MCBlk.et
vest_jpc_mcblk_nobelt_1,{746FF91788454BDE}Prefabs/Characters/Vests/Vest_JPC/variants/ION/Vest_JPC_MCBlk_nobelt_1.et,cash,340,170,7,7,0,0,0,1,{57EE4430618188CF}Prefabs/Characters/Vests/Vest_JPC_Pouches/Pouch_AVS_front_molle_MCBlk.et;{42803A2880386367}Prefabs/Characters/Vests/Vest_JPC_Pouches/Pouch_AVS_MBITR_Radio_MCBlk.et;{658C2BC6EDE545DE}Prefabs/Characters/Vests/Vest_PCGen_III_Pouches/Pouch_PCGEN3_takoPouch_MCBlk.et;{347E53A3482B9600}Prefabs/Characters/Vests/Vest_PCGen_III_Pouches/Pouch_Shaw_Flex_Blk.et;{61FA86B2349771A6}Prefabs/Characters/Vests/Vest_PCGen_III_Pouches/Pouch_Shaw_Raid_MCBlk.et;{A666C7EA6A873558}Prefabs/Characters/Vests/Vest_PCGen_III_Pouches/Pouch_Highspeed_Bleeder_MCBlk.et;{CBDA076D5A4FC8E0}Prefabs/Characters/Vests/Vest_PCGen_III_Pouches/Pouch_Blueforce_Tri.et
vest_jpc_mcblk_nobelt_2,{CF35ADF94798B23E}Prefabs/Characters/Vests/Vest_JPC/variants/ION/Vest_JPC_MCBlk_nobelt_2.et,cash,340,170,7,7,0,0,0,1,{1DBBFB1E1A07774A}Prefabs/Characters/Vests/Vest_JPC_Pouches/Pouch_jpc_placard_MCBLK.et;{42803A2880386367}Prefabs/Characters/Vests/Vest_JPC_Pouches/Pouch_AVS_MBITR_Radio_MCBlk.et;{347E53A3482B9600}Prefabs/Characters/Vests/Vest_PCGen_III_Pouches/Pouch_Shaw_Flex_Blk.et;{347E53A3482B9600}Prefabs/Characters/Vests/Vest_PCGen_III_Pouches/Pouch_Shaw_Flex_Blk.et;{347E53A3482B9600}Prefabs/Characters/Vests/Vest_PCGen_III_Pouches/Pouch_Shaw_Flex_Blk.et;{61FA86B2349771A6}Prefabs/Characters/Vests/Vest_PCGen_III_Pouches/Pouch_Shaw_Raid_MCBlk.et;{A666C7EA6A873558}Prefabs/Characters/Vests/Vest_PCGen_III_Pouches/Pouch_Highspeed_Bleeder_MCBlk.et
vest_jpc_mcblk_nobelt_3,{2AA9E1004B7D2555}Prefabs/Characters/Vests/Vest_JPC/variants/ION/Vest_JPC_MCBlk_nobelt_3.et,cash,340,170,8,8,0,0,0,1,{2160B3182002C9FD}Prefabs/Characters/Vests/Vest_JPC_Pouches/Pouch_avs_front_closed_MCBlk.et;{42803A2880386367}Prefabs/Characters/Vests/Vest_JPC_Pouches/Pouch_AVS_MBITR_Radio_MCBlk.et;{347E53A3482B9600}Prefabs/Characters/Vests/Vest_PCGen_III_Pouches/Pouch_Shaw_Flex_Blk.et;{347E53A3482B9600}Prefabs/Characters/Vests/Vest_PCGen_III_Pouches/Pouch_Shaw_Flex_Blk.et;{347E53A3482B9600}Prefabs/Characters/Vests/Vest_PCGen_III_Pouches/Pouch_Shaw_Flex_Blk.et;{61FA86B2349771A6}Prefabs/Characters/Vests/Vest_PCGen_III_Pouches/Pouch_Shaw_Raid_MCBlk.et;{A666C7EA6A873558}Prefabs/Characters/Vests/Vest_PCGen_III_Pouches/Pouch_Highspeed_Bleeder_MCBlk.et;{95BCBF51DC7D11B9}Prefabs/Characters/Vests/Vest_JPC_Pouches/Minimap_JPC_ZipOnPanel2.0_MCBlk.et
vest_jpc_mcblk_nobelt_4,{179DC4383E11AC62}Prefabs/Characters/Vests/Vest_JPC/variants/ION/Vest_JPC_MCBlk_nobelt_4.et,cash,340,170,7,7,0,0,0,1,{EC0FD790E34AFF6A}Prefabs/Characters/Vests/Vest_JPC_Pouches/Pouch_avs_front_elastic_MCBlk.et;{42803A2880386367}Prefabs/Characters/Vests/Vest_JPC_Pouches/Pouch_AVS_MBITR_Radio_MCBlk.et;{347E53A3482B9600}Prefabs/Characters/Vests/Vest_PCGen_III_Pouches/Pouch_Shaw_Flex_Blk.et;{347E53A3482B9600}Prefabs/Characters/Vests/Vest_PCGen_III_Pouches/Pouch_Shaw_Flex_Blk.et;{347E53A3482B9600}Prefabs/Characters/Vests/Vest_PCGen_III_Pouches/Pouch_Shaw_Flex_Blk.et;{61FA86B2349771A6}Prefabs/Characters/Vests/Vest_PCGen_III_Pouches/Pouch_Shaw_Raid_MCBlk.et;{A666C7EA6A873558}Prefabs/Characters/Vests/Vest_PCGen_III_Pouches/Pouch_Highspeed_Bleeder_MCBlk.et
vest_jpc_mcblk_ronin,{6B7199E09939ADE0}Prefabs/Characters/Vests/Vest_JPC/variants/Vest_JPC_MCBlk_ronin.et,cash,340,170,7,7,0,0,0,1,{2160B3182002C9FD}Prefabs/Characters/Vests/Vest_JPC_Pouches/Pouch_avs_front_closed_MCBlk.et;{A666C7EA6A873558}Prefabs/Characters/Vests/Vest_PCGen_III_Pouches/Pouch_Highspeed_Bleeder_MCBlk.et;{EC30B9F4596F1E57}Prefabs/Characters/Vests/Vest_PCGen_III_Pouches/Pouch_Highspeed_Pistol_MCBlk.et;{EC30B9F4596F1E57}Prefabs/Characters/Vests/Vest_PCGen_III_Pouches/Pouch_Highspeed_Pistol_MCBlk.et;{42803A2880386367}Prefabs/Characters/Vests/Vest_JPC_Pouches/Pouch_AVS_MBITR_Radio_MCBlk.et;{658C2BC6EDE545DE}Prefabs/Characters/Vests/Vest_PCGen_III_Pouches/Pouch_PCGEN3_takoPouch_MCBlk.et;{658C2BC6EDE545DE}Prefabs/Characters/Vests/Vest_PCGen_III_Pouches/Pouch_PCGEN3_takoPouch_MCBlk.et
vest_jpc_nobelt_coy,{D18040AF78B432F9}Prefabs/Characters/Vests/Vest_JPC/variants/Vest_JPC_nobelt_Coy.et,cash,220,110,10,10,0,0,0,1,{FE15DB8E3556181C}Prefabs/Characters/Vests/Vest_JPC_Pouches/Pouch_jpc_placard_Coy.et;{7B0E856BA78C0246}Prefabs/Characters/Vests/Vest_PCGen_III_Pouches/Pouch_Highspeed_Bleeder.et;{063712DCDFB30053}Prefabs/Characters/Vests/Vest_PCGen_III_Pouches/Pouch_Shaw_Nerd_Mini.et;{77D939687560A1F0}Prefabs/Characters/Vests/Vest_PCGen_III_Pouches/Pouch_Shaw_Flex.et;{77D939687560A1F0}Prefabs/Characters/Vests/Vest_PCGen_III_Pouches/Pouch_Shaw_Flex.et;{91AAAD6DD4C4E0CD}Prefabs/Characters/Vests/Vest_PCGen_III_Pouches/Pouch_Highspeed_Pistol.et;{77D939687560A1F0}Prefabs/Characters/Vests/Vest_PCGen_III_Pouches/Pouch_Shaw_Flex.et;{95E5CC94D3DE456A}Prefabs/Characters/Vests/Vest_JPC_Pouches/Pouch_AVS_MBITR_Radio_Coy.et;{D075481CB65F1AB5}Prefabs/Characters/Vests/Vest_PCGen_III_Pouches/Pouch_Shaw_Raid.et;{77D939687560A1F0}Prefabs/Characters/Vests/Vest_PCGen_III_Pouches/Pouch_Shaw_Flex.et
vest_jpc_okinawa_coy,{31F74414C617CAB2}Prefabs/Characters/Vests/Vest_JPC/variants/Vest_JPC_okinawa_Coy.et,cash,220,110,16,16,0,0,0,1,{FE15DB8E3556181C}Prefabs/Characters/Vests/Vest_JPC_Pouches/Pouch_jpc_placard_Coy.et;{7B0E856BA78C0246}Prefabs/Characters/Vests/Vest_PCGen_III_Pouches/Pouch_Highspeed_Bleeder.et;{063712DCDFB30053}Prefabs/Characters/Vests/Vest_PCGen_III_Pouches/Pouch_Shaw_Nerd_Mini.et;{77D939687560A1F0}Prefabs/Characters/Vests/Vest_PCGen_III_Pouches/Pouch_Shaw_Flex.et;{77D939687560A1F0}Prefabs/Characters/Vests/Vest_PCGen_III_Pouches/Pouch_Shaw_Flex.et;{91AAAD6DD4C4E0CD}Prefabs/Characters/Vests/Vest_PCGen_III_Pouches/Pouch_Highspeed_Pistol.et;{E2570E47232ACCAA}Prefabs/Characters/Vests/Vest_PCGen_III_Pouches/Pouch_PCGEN3_util.et;{95E5CC94D3DE456A}Prefabs/Characters/Vests/Vest_JPC_Pouches/Pouch_AVS_MBITR_Radio_Coy.et;{D075481CB65F1AB5}Prefabs/Characters/Vests/Vest_PCGen_III_Pouches/Pouch_Shaw_Raid.et;{0B18049DFD080C8B}Prefabs/Characters/Vests/Vest_PCGen_III_Pouches/Pouch_Filbe_M67_Base.et;{EA72920B4D45496E}Prefabs/Characters/Vests/Vest_PCGen_III_Pouches/Pouch_FILBE_doubleM4_1.et;{8626A6EBF181C640}Prefabs/Characters/Vests/Vest_PCGen_III_Pouches/Pouch_FILBE_doubleM4_2.et;{03F98F190A971B35}Prefabs/Characters/Vests/Vest_PCGen_III_Pouches/Pouch_Filbe_M67_2.et;{B6C7D2B97BB13F97}Prefabs/Characters/Vests/Vest_PCGen_III_Pouches/Pouch_Filbe_M18_2.et;{DA93E659C775B0B9}Prefabs/Characters/Vests/Vest_PCGen_III_Pouches/Pouch_Filbe_M18_1.et;{91AAAD6DD4C4E0CD}Prefabs/Characters/Vests/Vest_PCGen_III_Pouches/Pouch_Highspeed_Pistol.et
vest_jpc_okinawa_coy2,{A8866A9389018D3B}Prefabs/Characters/Vests/Vest_JPC/variants/Vest_JPC_okinawa_Coy2.et,cash,220,110,12,12,0,0,0,1,{08AFD0B661910BF0}Prefabs/Characters/Vests/Vest_JPC_Pouches/Pouch_avs_front_closed_Coy.et;{7B0E856BA78C0246}Prefabs/Characters/Vests/Vest_PCGen_III_Pouches/Pouch_Highspeed_Bleeder.et;{77D939687560A1F0}Prefabs/Characters/Vests/Vest_PCGen_III_Pouches/Pouch_Shaw_Flex.et;{0B18049DFD080C8B}Prefabs/Characters/Vests/Vest_PCGen_III_Pouches/Pouch_Filbe_M67_Base.et;{95E5CC94D3DE456A}Prefabs/Characters/Vests/Vest_JPC_Pouches/Pouch_AVS_MBITR_Radio_Coy.et;{91AAAD6DD4C4E0CD}Prefabs/Characters/Vests/Vest_PCGen_III_Pouches/Pouch_Highspeed_Pistol.et;{EA72920B4D45496E}Prefabs/Characters/Vests/Vest_PCGen_III_Pouches/Pouch_FILBE_doubleM4_1.et;{DA93E659C775B0B9}Prefabs/Characters/Vests/Vest_PCGen_III_Pouches/Pouch_Filbe_M18_1.et;{63BAEA12FD64512B}Prefabs/Characters/Vests/Vest_PCGen_III_Pouches/Pouch_FILBE_doubleM4_3.et;{91AAAD6DD4C4E0CD}Prefabs/Characters/Vests/Vest_PCGen_III_Pouches/Pouch_Highspeed_Pistol.et;{B6C7D2B97BB13F97}Prefabs/Characters/Vests/Vest_PCGen_III_Pouches/Pouch_Filbe_M18_2.et;{03F98F190A971B35}Prefabs/Characters/Vests/Vest_PCGen_III_Pouches/Pouch_Filbe_M67_2.et
vest_jpc_okinawa_coy3,{4D1A266A85E41A50}Prefabs/Characters/Vests/Vest_JPC/variants/Vest_JPC_okinawa_Coy3.et,cash,220,110,13,13,0,0,0,1,{FE15DB8E3556181C}Prefabs/Characters/Vests/Vest_JPC_Pouches/Pouch_jpc_placard_Coy.et;{DB08308A11F0A1FA}Prefabs/Characters/Vests/Vest_PCGen_III_Pouches/Pouch_PCGEN3_ifak.et;{C21DCE954442DD12}Prefabs/Characters/Vests/Vest_PCGen_III_Pouches/Pouch_PCGEN3_takoPouch.et;{91AAAD6DD4C4E0CD}Prefabs/Characters/Vests/Vest_PCGen_III_Pouches/Pouch_Highspeed_Pistol.et;{B6C7D2B97BB13F97}Prefabs/Characters/Vests/Vest_PCGen_III_Pouches/Pouch_Filbe_M18_2.et;{95E5CC94D3DE456A}Prefabs/Characters/Vests/Vest_JPC_Pouches/Pouch_AVS_MBITR_Radio_Coy.et;{91AAAD6DD4C4E0CD}Prefabs/Characters/Vests/Vest_PCGen_III_Pouches/Pouch_Highspeed_Pistol.et;{8626A6EBF181C640}Prefabs/Characters/Vests/Vest_PCGen_III_Pouches/Pouch_FILBE_doubleM4_2.et;{63BAEA12FD64512B}Prefabs/Characters/Vests/Vest_PCGen_III_Pouches/Pouch_FILBE_doubleM4_3.et;{DA93E659C775B0B9}Prefabs/Characters/Vests/Vest_PCGen_III_Pouches/Pouch_Filbe_M18_1.et;{03F98F190A971B35}Prefabs/Characters/Vests/Vest_PCGen_III_Pouches/Pouch_Filbe_M67_2.et;{03F98F190A971B35}Prefabs/Characters/Vests/Vest_PCGen_III_Pouches/Pouch_Filbe_M67_2.et;{32717582E1F0B524}Prefabs/Characters/Vests/Vest_JPC_Pouches/Minimap_JPC_ZipOnPanel2.0_Coy.et
vest_jpc_okinawa_coy4,{702E0352F0889367}Prefabs/Characters/Vests/Vest_JPC/variants/Vest_JPC_okinawa_Coy4.et,cash,220,110,14,14,0,0,0,1,{FE15DB8E3556181C}Prefabs/Characters/Vests/Vest_JPC_Pouches/Pouch_jpc_placard_Coy.et;{DB08308A11F0A1FA}Prefabs/Characters/Vests/Vest_PCGen_III_Pouches/Pouch_PCGEN3_ifak.et;{C21DCE954442DD12}Prefabs/Characters/Vests/Vest_PCGen_III_Pouches/Pouch_PCGEN3_takoPouch.et;{91AAAD6DD4C4E0CD}Prefabs/Characters/Vests/Vest_PCGen_III_Pouches/Pouch_Highspeed_Pistol.et;{95E5CC94D3DE456A}Prefabs/Characters/Vests/Vest_JPC_Pouches/Pouch_AVS_MBITR_Radio_Coy.et;{91AAAD6DD4C4E0CD}Prefabs/Characters/Vests/Vest_PCGen_III_Pouches/Pouch_Highspeed_Pistol.et;{C21DCE954442DD12}Prefabs/Characters/Vests/Vest_PCGen_III_Pouches/Pouch_PCGEN3_takoPouch.et;{80B50798C062384A}Prefabs/Characters/Vests/Vest_PCGen_III_Pouches/Pouch_Shaw_Nerd_Big.et;{D075481CB65F1AB5}Prefabs/Characters/Vests/Vest_PCGen_III_Pouches/Pouch_Shaw_Raid.et;{03F98F190A971B35}Prefabs/Characters/Vests/Vest_PCGen_III_Pouches/Pouch_Filbe_M67_2.et;{0B18049DFD080C8B}Prefabs/Characters/Vests/Vest_PCGen_III_Pouches/Pouch_Filbe_M67_Base.et;{DA93E659C775B0B9}Prefabs/Characters/Vests/Vest_PCGen_III_Pouches/Pouch_Filbe_M18_1.et;{B6C7D2B97BB13F97}Prefabs/Characters/Vests/Vest_PCGen_III_Pouches/Pouch_Filbe_M18_2.et;{32717582E1F0B524}Prefabs/Characters/Vests/Vest_JPC_Pouches/Minimap_JPC_ZipOnPanel2.0_Coy.et
vest_jpc_okinawa_coy5,{95B24FABFC6D040C}Prefabs/Characters/Vests/Vest_JPC/variants/Vest_JPC_okinawa_Coy5.et,cash,220,110,12,12,0,0,0,1,{903EEB5E0FEB897D}Prefabs/Characters/Vests/Vest_JPC_Pouches/Pouch_avs_front_elastic_Coy.et;{7B0E856BA78C0246}Prefabs/Characters/Vests/Vest_PCGen_III_Pouches/Pouch_Highspeed_Bleeder.et;{8626A6EBF181C640}Prefabs/Characters/Vests/Vest_PCGen_III_Pouches/Pouch_FILBE_doubleM4_2.et;{91AAAD6DD4C4E0CD}Prefabs/Characters/Vests/Vest_PCGen_III_Pouches/Pouch_Highspeed_Pistol.et;{95E5CC94D3DE456A}Prefabs/Characters/Vests/Vest_JPC_Pouches/Pouch_AVS_MBITR_Radio_Coy.et;{91AAAD6DD4C4E0CD}Prefabs/Characters/Vests/Vest_PCGen_III_Pouches/Pouch_Highspeed_Pistol.et;{63BAEA12FD64512B}Prefabs/Characters/Vests/Vest_PCGen_III_Pouches/Pouch_FILBE_doubleM4_3.et;{DA93E659C775B0B9}Prefabs/Characters/Vests/Vest_PCGen_III_Pouches/Pouch_Filbe_M18_1.et;{B6C7D2B97BB13F97}Prefabs/Characters/Vests/Vest_PCGen_III_Pouches/Pouch_Filbe_M18_2.et;{03F98F190A971B35}Prefabs/Characters/Vests/Vest_PCGen_III_Pouches/Pouch_Filbe_M67_2.et;{0B18049DFD080C8B}Prefabs/Characters/Vests/Vest_PCGen_III_Pouches/Pouch_Filbe_M67_Base.et;{77D939687560A1F0}Prefabs/Characters/Vests/Vest_PCGen_III_Pouches/Pouch_Shaw_Flex.et
vest_jpc_okinawa_coy6,{F9E67B4B40A98B22}Prefabs/Characters/Vests/Vest_JPC/variants/Vest_JPC_okinawa_Coy6.et,cash,220,110,16,16,0,0,0,1,{5ACB5A1C9A5ED21A}Prefabs/Characters/Vests/Vest_JPC_Pouches/Pouch_AVS_front_molle_Coy.et;{7B0E856BA78C0246}Prefabs/Characters/Vests/Vest_PCGen_III_Pouches/Pouch_Highspeed_Bleeder.et;{36D9D14CF7F03C59}Prefabs/Characters/Vests/Vest_PCGen_III_Pouches/Pouch_Filbe_40mm_2.et;{95E5CC94D3DE456A}Prefabs/Characters/Vests/Vest_JPC_Pouches/Pouch_AVS_MBITR_Radio_Coy.et;{63BAEA12FD64512B}Prefabs/Characters/Vests/Vest_PCGen_III_Pouches/Pouch_FILBE_doubleM4_3.et;{8626A6EBF181C640}Prefabs/Characters/Vests/Vest_PCGen_III_Pouches/Pouch_FILBE_doubleM4_2.et;{77D939687560A1F0}Prefabs/Characters/Vests/Vest_PCGen_III_Pouches/Pouch_Shaw_Flex.et;{5A8DE5AC4B34B377}Prefabs/Characters/Vests/Vest_PCGen_III_Pouches/Pouch_Filbe_40mm_1.et;{D075481CB65F1AB5}Prefabs/Characters/Vests/Vest_PCGen_III_Pouches/Pouch_Shaw_Raid.et;{77D939687560A1F0}Prefabs/Characters/Vests/Vest_PCGen_III_Pouches/Pouch_Shaw_Flex.et;{0DA7F2FF8E0BFBDC}Prefabs/Characters/Vests/Vest_PCGen_III_Pouches/Pouch_Filbe_bandolier.et;{B6C7D2B97BB13F97}Prefabs/Characters/Vests/Vest_PCGen_III_Pouches/Pouch_Filbe_M18_2.et;{DA93E659C775B0B9}Prefabs/Characters/Vests/Vest_PCGen_III_Pouches/Pouch_Filbe_M18_1.et;{0B18049DFD080C8B}Prefabs/Characters/Vests/Vest_PCGen_III_Pouches/Pouch_Filbe_M67_Base.et;{03F98F190A971B35}Prefabs/Characters/Vests/Vest_PCGen_III_Pouches/Pouch_Filbe_M67_2.et;{32717582E1F0B524}Prefabs/Characters/Vests/Vest_JPC_Pouches/Minimap_JPC_ZipOnPanel2.0_Coy.et
vest_jpc_okinawa_coy7,{1C7A37B24C4C1C49}Prefabs/Characters/Vests/Vest_JPC/variants/Vest_JPC_okinawa_Coy7.et,cash,220,110,16,16,0,0,0,1,{5ACB5A1C9A5ED21A}Prefabs/Characters/Vests/Vest_JPC_Pouches/Pouch_AVS_front_molle_Coy.et;{B6C7D2B97BB13F97}Prefabs/Characters/Vests/Vest_PCGen_III_Pouches/Pouch_Filbe_M18_2.et;{063712DCDFB30053}Prefabs/Characters/Vests/Vest_PCGen_III_Pouches/Pouch_Shaw_Nerd_Mini.et;{E2570E47232ACCAA}Prefabs/Characters/Vests/Vest_PCGen_III_Pouches/Pouch_PCGEN3_util.et;{95E5CC94D3DE456A}Prefabs/Characters/Vests/Vest_JPC_Pouches/Pouch_AVS_MBITR_Radio_Coy.et;{8626A6EBF181C640}Prefabs/Characters/Vests/Vest_PCGen_III_Pouches/Pouch_FILBE_doubleM4_2.et;{77D939687560A1F0}Prefabs/Characters/Vests/Vest_PCGen_III_Pouches/Pouch_Shaw_Flex.et;{77D939687560A1F0}Prefabs/Characters/Vests/Vest_PCGen_III_Pouches/Pouch_Shaw_Flex.et;{77D939687560A1F0}Prefabs/Characters/Vests/Vest_PCGen_III_Pouches/Pouch_Shaw_Flex.et;{91AAAD6DD4C4E0CD}Prefabs/Characters/Vests/Vest_PCGen_III_Pouches/Pouch_Highspeed_Pistol.et;{91AAAD6DD4C4E0CD}Prefabs/Characters/Vests/Vest_PCGen_III_Pouches/Pouch_Highspeed_Pistol.et;{63BAEA12FD64512B}Prefabs/Characters/Vests/Vest_PCGen_III_Pouches/Pouch_FILBE_doubleM4_3.et;{03F98F190A971B35}Prefabs/Characters/Vests/Vest_PCGen_III_Pouches/Pouch_Filbe_M67_2.et;{0B18049DFD080C8B}Prefabs/Characters/Vests/Vest_PCGen_III_Pouches/Pouch_Filbe_M67_Base.et;{DA93E659C775B0B9}Prefabs/Characters/Vests/Vest_PCGen_III_Pouches/Pouch_Filbe_M18_1.et;{DB08308A11F0A1FA}Prefabs/Characters/Vests/Vest_PCGen_III_Pouches/Pouch_PCGEN3_ifak.et
vest_jpc_okinawa_coy8,{838E313BAA70994C}Prefabs/Characters/Vests/Vest_JPC/variants/Vest_JPC_okinawa_Coy8.et,cash,220,110,12,12,0,0,0,1,{5ACB5A1C9A5ED21A}Prefabs/Characters/Vests/Vest_JPC_Pouches/Pouch_AVS_front_molle_Coy.et;{7B0E856BA78C0246}Prefabs/Characters/Vests/Vest_PCGen_III_Pouches/Pouch_Highspeed_Bleeder.et;{DA93E659C775B0B9}Prefabs/Characters/Vests/Vest_PCGen_III_Pouches/Pouch_Filbe_M18_1.et;{E2570E47232ACCAA}Prefabs/Characters/Vests/Vest_PCGen_III_Pouches/Pouch_PCGEN3_util.et;{95E5CC94D3DE456A}Prefabs/Characters/Vests/Vest_JPC_Pouches/Pouch_AVS_MBITR_Radio_Coy.et;{C21DCE954442DD12}Prefabs/Characters/Vests/Vest_PCGen_III_Pouches/Pouch_PCGEN3_takoPouch.et;{14BD08A15E2AB6FD}Prefabs/Characters/Vests/Vest_PCGen_III_Pouches/Pouch_OpenTop_M27_1_pouch.et;{C21DCE954442DD12}Prefabs/Characters/Vests/Vest_PCGen_III_Pouches/Pouch_PCGEN3_takoPouch.et;{DB08308A11F0A1FA}Prefabs/Characters/Vests/Vest_PCGen_III_Pouches/Pouch_PCGEN3_ifak.et;{B6C7D2B97BB13F97}Prefabs/Characters/Vests/Vest_PCGen_III_Pouches/Pouch_Filbe_M18_2.et;{03F98F190A971B35}Prefabs/Characters/Vests/Vest_PCGen_III_Pouches/Pouch_Filbe_M67_2.et;{0B18049DFD080C8B}Prefabs/Characters/Vests/Vest_PCGen_III_Pouches/Pouch_Filbe_M67_Base.et
vest_jpc_okinawa_coy_mg,{EF06F43D51D1E7D7}Prefabs/Characters/Vests/Vest_JPC/variants/Vest_JPC_okinawa_Coy_MG.et,cash,220,110,9,9,0,0,0,1,{5ACB5A1C9A5ED21A}Prefabs/Characters/Vests/Vest_JPC_Pouches/Pouch_AVS_front_molle_Coy.et;{B6C7D2B97BB13F97}Prefabs/Characters/Vests/Vest_PCGen_III_Pouches/Pouch_Filbe_M18_2.et;{91AAAD6DD4C4E0CD}Prefabs/Characters/Vests/Vest_PCGen_III_Pouches/Pouch_Highspeed_Pistol.et;{95E5CC94D3DE456A}Prefabs/Characters/Vests/Vest_JPC_Pouches/Pouch_AVS_MBITR_Radio_Coy.et;{7B0E856BA78C0246}Prefabs/Characters/Vests/Vest_PCGen_III_Pouches/Pouch_Highspeed_Bleeder.et;{DA93E659C775B0B9}Prefabs/Characters/Vests/Vest_PCGen_III_Pouches/Pouch_Filbe_M18_1.et;{91AAAD6DD4C4E0CD}Prefabs/Characters/Vests/Vest_PCGen_III_Pouches/Pouch_Highspeed_Pistol.et;{744BD5FF8D33CCB4}Prefabs/Characters/Vests/Vest_PCGen_III_Pouches/Pouch_PCGEN3_MG.et;{744BD5FF8D33CCB4}Prefabs/Characters/Vests/Vest_PCGen_III_Pouches/Pouch_PCGEN3_MG.et
vest_jpc_okinawa_coy_sniper,{38D600B4D232D9D9}Prefabs/Characters/Vests/Vest_JPC/variants/Vest_JPC_okinawa_Coy_sniper.et,cash,220,110,12,12,0,0,0,1,{5ACB5A1C9A5ED21A}Prefabs/Characters/Vests/Vest_JPC_Pouches/Pouch_AVS_front_molle_Coy.et;{7B0E856BA78C0246}Prefabs/Characters/Vests/Vest_PCGen_III_Pouches/Pouch_Highspeed_Bleeder.et;{80B50798C062384A}Prefabs/Characters/Vests/Vest_PCGen_III_Pouches/Pouch_Shaw_Nerd_Big.et;{91AAAD6DD4C4E0CD}Prefabs/Characters/Vests/Vest_PCGen_III_Pouches/Pouch_Highspeed_Pistol.et;{95E5CC94D3DE456A}Prefabs/Characters/Vests/Vest_JPC_Pouches/Pouch_AVS_MBITR_Radio_Coy.et;{D075481CB65F1AB5}Prefabs/Characters/Vests/Vest_PCGen_III_Pouches/Pouch_Shaw_Raid.et;{0B18049DFD080C8B}Prefabs/Characters/Vests/Vest_PCGen_III_Pouches/Pouch_Filbe_M67_Base.et;{E2570E47232ACCAA}Prefabs/Characters/Vests/Vest_PCGen_III_Pouches/Pouch_PCGEN3_util.et;{03F98F190A971B35}Prefabs/Characters/Vests/Vest_PCGen_III_Pouches/Pouch_Filbe_M67_2.et;{B6C7D2B97BB13F97}Prefabs/Characters/Vests/Vest_PCGen_III_Pouches/Pouch_Filbe_M18_2.et;{DA93E659C775B0B9}Prefabs/Characters/Vests/Vest_PCGen_III_Pouches/Pouch_Filbe_M18_1.et;{91AAAD6DD4C4E0CD}Prefabs/Characters/Vests/Vest_PCGen_III_Pouches/Pouch_Highspeed_Pistol.et
vest_jpc_okinawa_coy_sniper2,{5954E7E6197D0916}Prefabs/Characters/Vests/Vest_JPC/variants/Vest_JPC_okinawa_Coy_sniper2.et,cash,220,110,11,11,0,0,0,1,{5ACB5A1C9A5ED21A}Prefabs/Characters/Vests/Vest_JPC_Pouches/Pouch_AVS_front_molle_Coy.et;{95E5CC94D3DE456A}Prefabs/Characters/Vests/Vest_JPC_Pouches/Pouch_AVS_MBITR_Radio_Coy.et;{0B18049DFD080C8B}Prefabs/Characters/Vests/Vest_PCGen_III_Pouches/Pouch_Filbe_M67_Base.et;{B6C7D2B97BB13F97}Prefabs/Characters/Vests/Vest_PCGen_III_Pouches/Pouch_Filbe_M18_2.et;{DA93E659C775B0B9}Prefabs/Characters/Vests/Vest_PCGen_III_Pouches/Pouch_Filbe_M18_1.et;{03F98F190A971B35}Prefabs/Characters/Vests/Vest_PCGen_III_Pouches/Pouch_Filbe_M67_2.et;{DB08308A11F0A1FA}Prefabs/Characters/Vests/Vest_PCGen_III_Pouches/Pouch_PCGEN3_ifak.et;{E2570E47232ACCAA}Prefabs/Characters/Vests/Vest_PCGen_III_Pouches/Pouch_PCGEN3_util.et;{91AAAD6DD4C4E0CD}Prefabs/Characters/Vests/Vest_PCGen_III_Pouches/Pouch_Highspeed_Pistol.et;{91AAAD6DD4C4E0CD}Prefabs/Characters/Vests/Vest_PCGen_III_Pouches/Pouch_Highspeed_Pistol.et;{32717582E1F0B524}Prefabs/Characters/Vests/Vest_JPC_Pouches/Minimap_JPC_ZipOnPanel2.0_Coy.et
vest_jpc_okinawa_mc,{C41C60EA0CD22C53}Prefabs/Characters/Vests/Vest_JPC/variants/Vest_JPC_okinawa_MC.et,cash,220,110,16,16,0,0,0,1,{8F0C426FECEB72A3}Prefabs/Characters/Vests/Vest_JPC_Pouches/Pouch_jpc_placard_MC.et;{325F38C98ED87C7A}Prefabs/Characters/Vests/Vest_PCGen_III_Pouches/Pouch_Highspeed_Bleeder_MC.et;{8A36F9AB3D124774}Prefabs/Characters/Vests/Vest_PCGen_III_Pouches/Pouch_Shaw_Nerd_Mini_MC.et;{5131F13163FFF2CA}Prefabs/Characters/Vests/Vest_PCGen_III_Pouches/Pouch_Shaw_Flex_MC.et;{5131F13163FFF2CA}Prefabs/Characters/Vests/Vest_PCGen_III_Pouches/Pouch_Shaw_Flex_MC.et;{1826E35CFC90A18B}Prefabs/Characters/Vests/Vest_PCGen_III_Pouches/Pouch_Highspeed_Pistol_MC.et;{E2570E47232ACCAA}Prefabs/Characters/Vests/Vest_PCGen_III_Pouches/Pouch_PCGEN3_util.et;{B1934198EEFDCB28}Prefabs/Characters/Vests/Vest_JPC_Pouches/Pouch_AVS_MBITR_Radio_MC.et;{6C58A60D5F651F7E}Prefabs/Characters/Vests/Vest_PCGen_III_Pouches/Pouch_Shaw_Raid_MC.et;{1826E35CFC90A18B}Prefabs/Characters/Vests/Vest_PCGen_III_Pouches/Pouch_Highspeed_Pistol_MC.et;{3BACDF2B13C6ACFB}Prefabs/Characters/Vests/Vest_PCGen_III_Pouches/Pouch_PCGEN3_takoPouch_MC.et;{3BACDF2B13C6ACFB}Prefabs/Characters/Vests/Vest_PCGen_III_Pouches/Pouch_PCGEN3_takoPouch_MC.et;{B6C7D2B97BB13F97}Prefabs/Characters/Vests/Vest_PCGen_III_Pouches/Pouch_Filbe_M18_2.et;{DA93E659C775B0B9}Prefabs/Characters/Vests/Vest_PCGen_III_Pouches/Pouch_Filbe_M18_1.et;{0B18049DFD080C8B}Prefabs/Characters/Vests/Vest_PCGen_III_Pouches/Pouch_Filbe_M67_Base.et;{03F98F190A971B35}Prefabs/Characters/Vests/Vest_PCGen_III_Pouches/Pouch_Filbe_M67_2.et
vest_jpc_okinawa_mc2,{9E6B8BFB0BFBEC2E}Prefabs/Characters/Vests/Vest_JPC/variants/Vest_JPC_okinawa_MC2.et,cash,220,110,15,15,0,0,0,1,{F2131FA4E55FD61C}Prefabs/Characters/Vests/Vest_JPC_Pouches/Pouch_avs_front_closed_MC.et;{325F38C98ED87C7A}Prefabs/Characters/Vests/Vest_PCGen_III_Pouches/Pouch_Highspeed_Bleeder_MC.et;{B1934198EEFDCB28}Prefabs/Characters/Vests/Vest_JPC_Pouches/Pouch_AVS_MBITR_Radio_MC.et;{E2570E47232ACCAA}Prefabs/Characters/Vests/Vest_PCGen_III_Pouches/Pouch_PCGEN3_util.et;{0B18049DFD080C8B}Prefabs/Characters/Vests/Vest_PCGen_III_Pouches/Pouch_Filbe_M67_Base.et;{EA72920B4D45496E}Prefabs/Characters/Vests/Vest_PCGen_III_Pouches/Pouch_FILBE_doubleM4_1.et;{8626A6EBF181C640}Prefabs/Characters/Vests/Vest_PCGen_III_Pouches/Pouch_FILBE_doubleM4_2.et;{03F98F190A971B35}Prefabs/Characters/Vests/Vest_PCGen_III_Pouches/Pouch_Filbe_M67_2.et;{DB08308A11F0A1FA}Prefabs/Characters/Vests/Vest_PCGen_III_Pouches/Pouch_PCGEN3_ifak.et;{5131F13163FFF2CA}Prefabs/Characters/Vests/Vest_PCGen_III_Pouches/Pouch_Shaw_Flex_MC.et;{B6C7D2B97BB13F97}Prefabs/Characters/Vests/Vest_PCGen_III_Pouches/Pouch_Filbe_M18_2.et;{DA93E659C775B0B9}Prefabs/Characters/Vests/Vest_PCGen_III_Pouches/Pouch_Filbe_M18_1.et;{5131F13163FFF2CA}Prefabs/Characters/Vests/Vest_PCGen_III_Pouches/Pouch_Shaw_Flex_MC.et;{1826E35CFC90A18B}Prefabs/Characters/Vests/Vest_PCGen_III_Pouches/Pouch_Highspeed_Pistol_MC.et;{1826E35CFC90A18B}Prefabs/Characters/Vests/Vest_PCGen_III_Pouches/Pouch_Highspeed_Pistol_MC.et
vest_jpc_okinawa_mc3,{7BF7C702071E7B45}Prefabs/Characters/Vests/Vest_JPC/variants/Vest_JPC_okinawa_MC3.et,cash,220,110,14,14,0,0,0,1,{83B93CF5F3C30807}Prefabs/Characters/Vests/Vest_JPC_Pouches/Pouch_avs_front_elastic_MC.et;{325F38C98ED87C7A}Prefabs/Characters/Vests/Vest_PCGen_III_Pouches/Pouch_Highspeed_Bleeder_MC.et;{5131F13163FFF2CA}Prefabs/Characters/Vests/Vest_PCGen_III_Pouches/Pouch_Shaw_Flex_MC.et;{B1934198EEFDCB28}Prefabs/Characters/Vests/Vest_JPC_Pouches/Pouch_AVS_MBITR_Radio_MC.et;{1826E35CFC90A18B}Prefabs/Characters/Vests/Vest_PCGen_III_Pouches/Pouch_Highspeed_Pistol_MC.et;{77D939687560A1F0}Prefabs/Characters/Vests/Vest_PCGen_III_Pouches/Pouch_Shaw_Flex.et;{77D939687560A1F0}Prefabs/Characters/Vests/Vest_PCGen_III_Pouches/Pouch_Shaw_Flex.et;{3BACDF2B13C6ACFB}Prefabs/Characters/Vests/Vest_PCGen_III_Pouches/Pouch_PCGEN3_takoPouch_MC.et;{1826E35CFC90A18B}Prefabs/Characters/Vests/Vest_PCGen_III_Pouches/Pouch_Highspeed_Pistol_MC.et;{B6C7D2B97BB13F97}Prefabs/Characters/Vests/Vest_PCGen_III_Pouches/Pouch_Filbe_M18_2.et;{DA93E659C775B0B9}Prefabs/Characters/Vests/Vest_PCGen_III_Pouches/Pouch_Filbe_M18_1.et;{03F98F190A971B35}Prefabs/Characters/Vests/Vest_PCGen_III_Pouches/Pouch_Filbe_M67_2.et;{0B18049DFD080C8B}Prefabs/Characters/Vests/Vest_PCGen_III_Pouches/Pouch_Filbe_M67_Base.et;{FD35858922374ECC}Prefabs/Characters/Vests/Vest_JPC_Pouches/Minimap_JPC_ZipOnPanel2.0_MC.et
vest_jpc_okinawa_mc4,{46C3E23A7272F272}Prefabs/Characters/Vests/Vest_JPC/variants/Vest_JPC_okinawa_MC4.et,cash,220,110,15,15,0,0,0,1,{6F0BA7B4993F31E3}Prefabs/Characters/Vests/Vest_PCGen_III_Pouches/Pouch_Placard.et;{14720E0E98478512}Prefabs/Characters/Vests/Vest_PCGen_III_Pouches/Pouch_Shaw_Nerd_Big_MC.et;{5131F13163FFF2CA}Prefabs/Characters/Vests/Vest_PCGen_III_Pouches/Pouch_Shaw_Flex_MC.et;{1826E35CFC90A18B}Prefabs/Characters/Vests/Vest_PCGen_III_Pouches/Pouch_Highspeed_Pistol_MC.et;{1826E35CFC90A18B}Prefabs/Characters/Vests/Vest_PCGen_III_Pouches/Pouch_Highspeed_Pistol_MC.et;{DB08308A11F0A1FA}Prefabs/Characters/Vests/Vest_PCGen_III_Pouches/Pouch_PCGEN3_ifak.et;{B1934198EEFDCB28}Prefabs/Characters/Vests/Vest_JPC_Pouches/Pouch_AVS_MBITR_Radio_MC.et;{6C58A60D5F651F7E}Prefabs/Characters/Vests/Vest_PCGen_III_Pouches/Pouch_Shaw_Raid_MC.et;{3BACDF2B13C6ACFB}Prefabs/Characters/Vests/Vest_PCGen_III_Pouches/Pouch_PCGEN3_takoPouch_MC.et;{3BACDF2B13C6ACFB}Prefabs/Characters/Vests/Vest_PCGen_III_Pouches/Pouch_PCGEN3_takoPouch_MC.et;{B6C7D2B97BB13F97}Prefabs/Characters/Vests/Vest_PCGen_III_Pouches/Pouch_Filbe_M18_2.et;{DA93E659C775B0B9}Prefabs/Characters/Vests/Vest_PCGen_III_Pouches/Pouch_Filbe_M18_1.et;{0B18049DFD080C8B}Prefabs/Characters/Vests/Vest_PCGen_III_Pouches/Pouch_Filbe_M67_Base.et;{03F98F190A971B35}Prefabs/Characters/Vests/Vest_PCGen_III_Pouches/Pouch_Filbe_M67_2.et;{FD35858922374ECC}Prefabs/Characters/Vests/Vest_JPC_Pouches/Minimap_JPC_ZipOnPanel2.0_MC.et
vest_jpc_okinawa_rgr_mg,{F8C4AA411FA9F3EA}Prefabs/Characters/Vests/Vest_JPC/variants/Vest_JPC_okinawa_RGR_MG.et,cash,220,110,10,10,0,0,0,1,{43D59DDDD211F0D3}Prefabs/Characters/Vests/Vest_JPC_Pouches/Pouch_AVS_front_molle_RGR.et;{325F38C98ED87C7A}Prefabs/Characters/Vests/Vest_PCGen_III_Pouches/Pouch_Highspeed_Bleeder_MC.et;{1826E35CFC90A18B}Prefabs/Characters/Vests/Vest_PCGen_III_Pouches/Pouch_Highspeed_Pistol_MC.et;{95E5CC94D3DE456A}Prefabs/Characters/Vests/Vest_JPC_Pouches/Pouch_AVS_MBITR_Radio_Coy.et;{0B18049DFD080C8B}Prefabs/Characters/Vests/Vest_PCGen_III_Pouches/Pouch_Filbe_M67_Base.et;{B6C7D2B97BB13F97}Prefabs/Characters/Vests/Vest_PCGen_III_Pouches/Pouch_Filbe_M18_2.et;{DA93E659C775B0B9}Prefabs/Characters/Vests/Vest_PCGen_III_Pouches/Pouch_Filbe_M18_1.et;{0B18049DFD080C8B}Prefabs/Characters/Vests/Vest_PCGen_III_Pouches/Pouch_Filbe_M67_Base.et;{744BD5FF8D33CCB4}Prefabs/Characters/Vests/Vest_PCGen_III_Pouches/Pouch_PCGEN3_MG.et;{744BD5FF8D33CCB4}Prefabs/Characters/Vests/Vest_PCGen_III_Pouches/Pouch_PCGEN3_MG.et
vest_jpc_rgr,{DDE06975E2E8947B}Prefabs/Characters/Vests/Vest_JPC/Vest_JPC_RGR.et,cash,1600,800,2,0,1600,800,0,1,{88E31AB238FFCB0A}Prefabs/Characters/Vests/Vest_PCGen_III/Plates/DestructibleArmorPlate_PCGenIII_ESAPIrevJ_Front.et;{1B4129A0C0C752A3}Prefabs/Characters/Vests/Vest_PCGen_III/Plates/DestructibleArmorPlate_PCGenIII_ESAPIrevJ_Back.et
vest_jpc_rgr_nobelt_ak101,{3C92E4B4AC95AEF4}Prefabs/Characters/Vests/Vest_JPC/variants/Vest_JPC_RGR_nobelt_AK101.et,cash,340,170,3,3,0,0,0,1,{E70B1C4F7D193AD5}Prefabs/Characters/Vests/Vest_JPC_Pouches/Pouch_jpc_placard_RGR_AK.et;{8CFB0B559B9167A3}Prefabs/Characters/Vests/Vest_JPC_Pouches/Pouch_AVS_MBITR_Radio_RGR.et;{A666C7EA6A873558}Prefabs/Characters/Vests/Vest_PCGen_III_Pouches/Pouch_Highspeed_Bleeder_MCBlk.et
vest_jpc_rgr_nobelt_m4,{BFD5247BD9F76F42}Prefabs/Characters/Vests/Vest_JPC/variants/Vest_JPC_RGR_nobelt_M4.et,cash,340,170,3,3,0,0,0,1,{11B1177729DE2939}Prefabs/Characters/Vests/Vest_JPC_Pouches/Pouch_avs_front_closed_RGR.et;{8CFB0B559B9167A3}Prefabs/Characters/Vests/Vest_JPC_Pouches/Pouch_AVS_MBITR_Radio_RGR.et;{A666C7EA6A873558}Prefabs/Characters/Vests/Vest_PCGen_III_Pouches/Pouch_Highspeed_Bleeder_MCBlk.et
vest_jpc_rgr_nobelt_vz58,{3EE5EFE5C0A33A55}Prefabs/Characters/Vests/Vest_JPC/variants/Vest_JPC_RGR_nobelt_VZ58.et,cash,340,170,3,3,0,0,0,1,{B46EBD11E9172FCD}Prefabs/Characters/Vests/Vest_JPC_Pouches/Pouch_jpc_placard_RGR_VZ58.et;{8CFB0B559B9167A3}Prefabs/Characters/Vests/Vest_JPC_Pouches/Pouch_AVS_MBITR_Radio_RGR.et;{A666C7EA6A873558}Prefabs/Characters/Vests/Vest_PCGen_III_Pouches/Pouch_Highspeed_Bleeder_MCBlk.et
vest_jpc_rgr_ubgl,{438012CD2BA56DA3}Prefabs/Characters/Vests/Vest_JPC/variants/Vest_JPC_RGR_UBGL.et,cash,280,140,15,15,0,0,0,1,{6F0BA7B4993F31E3}Prefabs/Characters/Vests/Vest_PCGen_III_Pouches/Pouch_Placard.et;{325F38C98ED87C7A}Prefabs/Characters/Vests/Vest_PCGen_III_Pouches/Pouch_Highspeed_Bleeder_MC.et;{B1934198EEFDCB28}Prefabs/Characters/Vests/Vest_JPC_Pouches/Pouch_AVS_MBITR_Radio_MC.et;{5A8DE5AC4B34B377}Prefabs/Characters/Vests/Vest_PCGen_III_Pouches/Pouch_Filbe_40mm_1.et;{36D9D14CF7F03C59}Prefabs/Characters/Vests/Vest_PCGen_III_Pouches/Pouch_Filbe_40mm_2.et;{3BACDF2B13C6ACFB}Prefabs/Characters/Vests/Vest_PCGen_III_Pouches/Pouch_PCGEN3_takoPouch_MC.et;{0DA7F2FF8E0BFBDC}Prefabs/Characters/Vests/Vest_PCGen_III_Pouches/Pouch_Filbe_bandolier.et;{B6C7D2B97BB13F97}Prefabs/Characters/Vests/Vest_PCGen_III_Pouches/Pouch_Filbe_M18_2.et;{DA93E659C775B0B9}Prefabs/Characters/Vests/Vest_PCGen_III_Pouches/Pouch_Filbe_M18_1.et;{0B18049DFD080C8B}Prefabs/Characters/Vests/Vest_PCGen_III_Pouches/Pouch_Filbe_M67_Base.et;{03F98F190A971B35}Prefabs/Characters/Vests/Vest_PCGen_III_Pouches/Pouch_Filbe_M67_2.et;{8A36F9AB3D124774}Prefabs/Characters/Vests/Vest_PCGen_III_Pouches/Pouch_Shaw_Nerd_Mini_MC.et;{6C58A60D5F651F7E}Prefabs/Characters/Vests/Vest_PCGen_III_Pouches/Pouch_Shaw_Raid_MC.et;{D3459DB5FB15AB32}Prefabs/Characters/Vests/Vest_PCGen_III_Pouches/Pouch_Filbe_40mm_3.et;{2B6FB243A9BF97ED}Prefabs/Characters/Vests/Vest_JPC_Pouches/Minimap_JPC_ZipOnPanel2.0_RGR.et
vest_jpc_ronin_rgr,{F53F30123F54F3A2}Prefabs/Characters/Vests/Vest_JPC/variants/Vest_JPC_ronin_RGR.et,cash,220,110,14,14,0,0,0,1,{11B1177729DE2939}Prefabs/Characters/Vests/Vest_JPC_Pouches/Pouch_avs_front_closed_RGR.et;{325F38C98ED87C7A}Prefabs/Characters/Vests/Vest_PCGen_III_Pouches/Pouch_Highspeed_Bleeder_MC.et;{8CFB0B559B9167A3}Prefabs/Characters/Vests/Vest_JPC_Pouches/Pouch_AVS_MBITR_Radio_RGR.et;{E2570E47232ACCAA}Prefabs/Characters/Vests/Vest_PCGen_III_Pouches/Pouch_PCGEN3_util.et;{1826E35CFC90A18B}Prefabs/Characters/Vests/Vest_PCGen_III_Pouches/Pouch_Highspeed_Pistol_MC.et;{3BACDF2B13C6ACFB}Prefabs/Characters/Vests/Vest_PCGen_III_Pouches/Pouch_PCGEN3_takoPouch_MC.et;{3BACDF2B13C6ACFB}Prefabs/Characters/Vests/Vest_PCGen_III_Pouches/Pouch_PCGEN3_takoPouch_MC.et;{1826E35CFC90A18B}Prefabs/Characters/Vests/Vest_PCGen_III_Pouches/Pouch_Highspeed_Pistol_MC.et;{DB08308A11F0A1FA}Prefabs/Characters/Vests/Vest_PCGen_III_Pouches/Pouch_PCGEN3_ifak.et;{DA93E659C775B0B9}Prefabs/Characters/Vests/Vest_PCGen_III_Pouches/Pouch_Filbe_M18_1.et;{0B18049DFD080C8B}Prefabs/Characters/Vests/Vest_PCGen_III_Pouches/Pouch_Filbe_M67_Base.et;{03F98F190A971B35}Prefabs/Characters/Vests/Vest_PCGen_III_Pouches/Pouch_Filbe_M67_2.et;{B6C7D2B97BB13F97}Prefabs/Characters/Vests/Vest_PCGen_III_Pouches/Pouch_Filbe_M18_2.et;{2B6FB243A9BF97ED}Prefabs/Characters/Vests/Vest_JPC_Pouches/Minimap_JPC_ZipOnPanel2.0_RGR.et
vest_jpc_ronin_rgr2,{053EEDFA53242406}Prefabs/Characters/Vests/Vest_JPC/variants/Vest_JPC_ronin_RGR2.et,cash,220,110,15,15,0,0,0,1,{114253B153BEAA27}Prefabs/Characters/Vests/Vest_PCGen_III_Pouches/Pouch_Placard_m81.et;{325F38C98ED87C7A}Prefabs/Characters/Vests/Vest_PCGen_III_Pouches/Pouch_Highspeed_Bleeder_MC.et;{B1934198EEFDCB28}Prefabs/Characters/Vests/Vest_JPC_Pouches/Pouch_AVS_MBITR_Radio_MC.et;{E2570E47232ACCAA}Prefabs/Characters/Vests/Vest_PCGen_III_Pouches/Pouch_PCGEN3_util.et;{1826E35CFC90A18B}Prefabs/Characters/Vests/Vest_PCGen_III_Pouches/Pouch_Highspeed_Pistol_MC.et;{3BACDF2B13C6ACFB}Prefabs/Characters/Vests/Vest_PCGen_III_Pouches/Pouch_PCGEN3_takoPouch_MC.et;{3BACDF2B13C6ACFB}Prefabs/Characters/Vests/Vest_PCGen_III_Pouches/Pouch_PCGEN3_takoPouch_MC.et;{1826E35CFC90A18B}Prefabs/Characters/Vests/Vest_PCGen_III_Pouches/Pouch_Highspeed_Pistol_MC.et;{DB08308A11F0A1FA}Prefabs/Characters/Vests/Vest_PCGen_III_Pouches/Pouch_PCGEN3_ifak.et;{6C58A60D5F651F7E}Prefabs/Characters/Vests/Vest_PCGen_III_Pouches/Pouch_Shaw_Raid_MC.et;{03F98F190A971B35}Prefabs/Characters/Vests/Vest_PCGen_III_Pouches/Pouch_Filbe_M67_2.et;{0B18049DFD080C8B}Prefabs/Characters/Vests/Vest_PCGen_III_Pouches/Pouch_Filbe_M67_Base.et;{B6C7D2B97BB13F97}Prefabs/Characters/Vests/Vest_PCGen_III_Pouches/Pouch_Filbe_M18_2.et;{DA93E659C775B0B9}Prefabs/Characters/Vests/Vest_PCGen_III_Pouches/Pouch_Filbe_M18_1.et;{32717582E1F0B524}Prefabs/Characters/Vests/Vest_JPC_Pouches/Minimap_JPC_ZipOnPanel2.0_Coy.et
vest_jpc_ronin_rgr3,{E0A2A1035FC1B36D}Prefabs/Characters/Vests/Vest_JPC/variants/Vest_JPC_ronin_RGR3.et,cash,220,110,13,13,0,0,0,1,{89202C9F47A4ABB4}Prefabs/Characters/Vests/Vest_JPC_Pouches/Pouch_avs_front_elastic_RGR.et;{7B0E856BA78C0246}Prefabs/Characters/Vests/Vest_PCGen_III_Pouches/Pouch_Highspeed_Bleeder.et;{8CFB0B559B9167A3}Prefabs/Characters/Vests/Vest_JPC_Pouches/Pouch_AVS_MBITR_Radio_RGR.et;{E2570E47232ACCAA}Prefabs/Characters/Vests/Vest_PCGen_III_Pouches/Pouch_PCGEN3_util.et;{1826E35CFC90A18B}Prefabs/Characters/Vests/Vest_PCGen_III_Pouches/Pouch_Highspeed_Pistol_MC.et;{C21DCE954442DD12}Prefabs/Characters/Vests/Vest_PCGen_III_Pouches/Pouch_PCGEN3_takoPouch.et;{C21DCE954442DD12}Prefabs/Characters/Vests/Vest_PCGen_III_Pouches/Pouch_PCGEN3_takoPouch.et;{1826E35CFC90A18B}Prefabs/Characters/Vests/Vest_PCGen_III_Pouches/Pouch_Highspeed_Pistol_MC.et;{DB08308A11F0A1FA}Prefabs/Characters/Vests/Vest_PCGen_III_Pouches/Pouch_PCGEN3_ifak.et;{03F98F190A971B35}Prefabs/Characters/Vests/Vest_PCGen_III_Pouches/Pouch_Filbe_M67_2.et;{0B18049DFD080C8B}Prefabs/Characters/Vests/Vest_PCGen_III_Pouches/Pouch_Filbe_M67_Base.et;{B6C7D2B97BB13F97}Prefabs/Characters/Vests/Vest_PCGen_III_Pouches/Pouch_Filbe_M18_2.et;{DA93E659C775B0B9}Prefabs/Characters/Vests/Vest_PCGen_III_Pouches/Pouch_Filbe_M18_1.et
vest_jpc_ronin_rgr4,{DD96843B2AAD3A5A}Prefabs/Characters/Vests/Vest_JPC/variants/Vest_JPC_ronin_RGR4.et,cash,220,110,13,13,0,0,0,1,{E3B8D4A7A1364336}Prefabs/Characters/Vests/Vest_JPC_Pouches/Pouch_jpc_placard_RGR_M4.et;{325F38C98ED87C7A}Prefabs/Characters/Vests/Vest_PCGen_III_Pouches/Pouch_Highspeed_Bleeder_MC.et;{8CFB0B559B9167A3}Prefabs/Characters/Vests/Vest_JPC_Pouches/Pouch_AVS_MBITR_Radio_RGR.et;{E2570E47232ACCAA}Prefabs/Characters/Vests/Vest_PCGen_III_Pouches/Pouch_PCGEN3_util.et;{1826E35CFC90A18B}Prefabs/Characters/Vests/Vest_PCGen_III_Pouches/Pouch_Highspeed_Pistol_MC.et;{3BACDF2B13C6ACFB}Prefabs/Characters/Vests/Vest_PCGen_III_Pouches/Pouch_PCGEN3_takoPouch_MC.et;{3BACDF2B13C6ACFB}Prefabs/Characters/Vests/Vest_PCGen_III_Pouches/Pouch_PCGEN3_takoPouch_MC.et;{1826E35CFC90A18B}Prefabs/Characters/Vests/Vest_PCGen_III_Pouches/Pouch_Highspeed_Pistol_MC.et;{DB08308A11F0A1FA}Prefabs/Characters/Vests/Vest_PCGen_III_Pouches/Pouch_PCGEN3_ifak.et;{DA93E659C775B0B9}Prefabs/Characters/Vests/Vest_PCGen_III_Pouches/Pouch_Filbe_M18_1.et;{0B18049DFD080C8B}Prefabs/Characters/Vests/Vest_PCGen_III_Pouches/Pouch_Filbe_M67_Base.et;{03F98F190A971B35}Prefabs/Characters/Vests/Vest_PCGen_III_Pouches/Pouch_Filbe_M67_2.et;{B6C7D2B97BB13F97}Prefabs/Characters/Vests/Vest_PCGen_III_Pouches/Pouch_Filbe_M18_2.et
vest_kbs_strelok_base,{FEAB5C571CBEAFCA}Prefabs/Characters/Vests/Vest_KBS_Strelok/Vest_KBS_Strelok_base.et,cash,1600,800,5,1,1100,550,0,1,{FF692FD5AFD43076}Prefabs/Characters/Vests/Vest_Ratnik_6B45/Plates/DestructibleArmorPlate_6B45_Granit_Front.et;{1486E991C03BE661}Prefabs/Characters/Vests/Vest_Ratnik_6B45/Plates/DestructibleArmorPlate_6B45_Granit_Back.et;{A5C382FA198BE68A}Prefabs/Characters/Vests/Vest_Taktika/Plates/DestructibleArmorPlate_Taktika_br4_side_LEFT.et;{F59ADAE6AF1A0AE3}Prefabs/Characters/Vests/Vest_Taktika/Plates/DestructibleArmorPlate_Taktika_br4_side_RIGHT.et;{5DA3649A059E63C1}Prefabs/Characters/Vests/Vest_KBS_Strelok/attachment_KBS_Corset_empty_Base.et
vest_kbs_strelok_groin,{36DB8957246C6996}Prefabs/Characters/Vests/Vest_KBS_Strelok/Vest_KBS_Strelok_Groin.et,cash,1600,800,6,2,1100,550,0,1,{FF692FD5AFD43076}Prefabs/Characters/Vests/Vest_Ratnik_6B45/Plates/DestructibleArmorPlate_6B45_Granit_Front.et;{1486E991C03BE661}Prefabs/Characters/Vests/Vest_Ratnik_6B45/Plates/DestructibleArmorPlate_6B45_Granit_Back.et;{A5C382FA198BE68A}Prefabs/Characters/Vests/Vest_Taktika/Plates/DestructibleArmorPlate_Taktika_br4_side_LEFT.et;{F59ADAE6AF1A0AE3}Prefabs/Characters/Vests/Vest_Taktika/Plates/DestructibleArmorPlate_Taktika_br4_side_RIGHT.et;{C31CA5B94582A6CE}Prefabs/Characters/Vests/Vest_KBS_Strelok/attachment_KBS_groin_base.et;{5DA3649A059E63C1}Prefabs/Characters/Vests/Vest_KBS_Strelok/attachment_KBS_Corset_empty_Base.et
vest_kbs_strelok_neck,{E5F470A5F1414918}Prefabs/Characters/Vests/Vest_KBS_Strelok/Vest_KBS_Strelok_Neck.et,cash,1600,800,5,1,1100,550,0,1,{FF692FD5AFD43076}Prefabs/Characters/Vests/Vest_Ratnik_6B45/Plates/DestructibleArmorPlate_6B45_Granit_Front.et;{1486E991C03BE661}Prefabs/Characters/Vests/Vest_Ratnik_6B45/Plates/DestructibleArmorPlate_6B45_Granit_Back.et;{A5C382FA198BE68A}Prefabs/Characters/Vests/Vest_Taktika/Plates/DestructibleArmorPlate_Taktika_br4_side_LEFT.et;{F59ADAE6AF1A0AE3}Prefabs/Characters/Vests/Vest_Taktika/Plates/DestructibleArmorPlate_Taktika_br4_side_RIGHT.et;{3E686621CCD02874}Prefabs/Characters/Vests/Vest_KBS_Strelok/attachment_KBS_Corset_neck_Base.et
vest_kbs_strelok_neck_groin,{C34C358DCA9627E6}Prefabs/Characters/Vests/Vest_KBS_Strelok/Vest_KBS_Strelok_Neck_Groin.et,cash,1600,800,6,2,1100,550,0,1,{FF692FD5AFD43076}Prefabs/Characters/Vests/Vest_Ratnik_6B45/Plates/DestructibleArmorPlate_6B45_Granit_Front.et;{1486E991C03BE661}Prefabs/Characters/Vests/Vest_Ratnik_6B45/Plates/DestructibleArmorPlate_6B45_Granit_Back.et;{A5C382FA198BE68A}Prefabs/Characters/Vests/Vest_Taktika/Plates/DestructibleArmorPlate_Taktika_br4_side_LEFT.et;{F59ADAE6AF1A0AE3}Prefabs/Characters/Vests/Vest_Taktika/Plates/DestructibleArmorPlate_Taktika_br4_side_RIGHT.et;{C31CA5B94582A6CE}Prefabs/Characters/Vests/Vest_KBS_Strelok/attachment_KBS_groin_base.et;{3E686621CCD02874}Prefabs/Characters/Vests/Vest_KBS_Strelok/attachment_KBS_Corset_neck_Base.et
vest_kbs_strelok_neck_groin_shoulders,{7FAA1F2F6D609911}Prefabs/Characters/Vests/Vest_KBS_Strelok/Vest_KBS_Strelok_Neck_Groin_Shoulders.et,cash,1600,800,7,3,1100,550,0,1,{FF692FD5AFD43076}Prefabs/Characters/Vests/Vest_Ratnik_6B45/Plates/DestructibleArmorPlate_6B45_Granit_Front.et;{1486E991C03BE661}Prefabs/Characters/Vests/Vest_Ratnik_6B45/Plates/DestructibleArmorPlate_6B45_Granit_Back.et;{A5C382FA198BE68A}Prefabs/Characters/Vests/Vest_Taktika/Plates/DestructibleArmorPlate_Taktika_br4_side_LEFT.et;{F59ADAE6AF1A0AE3}Prefabs/Characters/Vests/Vest_Taktika/Plates/DestructibleArmorPlate_Taktika_br4_side_RIGHT.et;{C31CA5B94582A6CE}Prefabs/Characters/Vests/Vest_KBS_Strelok/attachment_KBS_groin_base.et;{3E686621CCD02874}Prefabs/Characters/Vests/Vest_KBS_Strelok/attachment_KBS_Corset_neck_Base.et;{3D5607950AD67131}Prefabs/Characters/Vests/Vest_KBS_Strelok/attachment_KBS_Shoulders_Base.et
vest_kbs_strelok_preset_rifleman1,{656C8EFD381E6D80}Prefabs/Characters/Vests/Vest_KBS_Strelok_Pouches/Variants/Vest_KBS_Strelok_preset_rifleman1.et,cash,220,110,14,14,0,0,0,1,{DAF3F06DC921F5C3}Prefabs/Characters/Vests/Vest_KBS_Strelok_Pouches/Pouch_KBS_Mag_1.et;{B6A7C48D75E57AED}Prefabs/Characters/Vests/Vest_KBS_Strelok_Pouches/Pouch_KBS_Mag_2.et;{533B88747900ED86}Prefabs/Characters/Vests/Vest_KBS_Strelok_Pouches/Pouch_KBS_Mag_3.et;{6E0FAD4C0C6C64B1}Prefabs/Characters/Vests/Vest_KBS_Strelok_Pouches/Pouch_KBS_Mag_4.et;{F915920C03C63C0B}Prefabs/Characters/Vests/Vest_KBS_Strelok_Pouches/Pouch_KBS_Medic_base.et;{C6F5F666868BAC24}Prefabs/Characters/Vests/Vest_KBS_Strelok_Pouches/Pouch_KBS_Admin_base.et;{0A2C0C037934FCA8}Prefabs/Characters/Vests/Vest_KBS_Strelok_Pouches/Pouch_KBS_CAT_base.et;{29E6A9DA864D2201}Prefabs/Characters/Vests/Vest_KBS_Strelok_Pouches/Pouch_KBS_Fanny_base.et;{453BB32563FB6565}Prefabs/Characters/Vests/Vest_KBS_Strelok_Pouches/Pouch_KBS_RGD_1.et;{296F87C5DF3FEA4B}Prefabs/Characters/Vests/Vest_KBS_Strelok_Pouches/Pouch_KBS_RGD_2.et;{8D2E7762F9433859}Prefabs/Characters/Vests/Vest_KBS_Strelok_Pouches/Pouch_KBS_Util_base.et;{BB0DE39E35EA47BE}Prefabs/Characters/Vests/Vest_KBS_Strelok_Pouches/Pouch_KBS_Pistol_Base.et;{2924B3672544A564}Prefabs/Characters/Vests/Vest_KBS_Strelok_Pouches/Pouch_KBS_radio_Base.et;{62F5D6C1E04C40BB}Prefabs/Characters/Vests/Vest_KBS_Strelok_Pouches/Pouch_KBS_GasMask_base.et
vest_kbs_strelok_preset_rifleman1_heavy,{97C3558B606AC9C6}Prefabs/Characters/Vests/Vest_KBS_Strelok_Pouches/Variants/Vest_KBS_Strelok_preset_rifleman1_heavy.et,cash,220,110,16,16,0,0,0,1,{DAF3F06DC921F5C3}Prefabs/Characters/Vests/Vest_KBS_Strelok_Pouches/Pouch_KBS_Mag_1.et;{B6A7C48D75E57AED}Prefabs/Characters/Vests/Vest_KBS_Strelok_Pouches/Pouch_KBS_Mag_2.et;{533B88747900ED86}Prefabs/Characters/Vests/Vest_KBS_Strelok_Pouches/Pouch_KBS_Mag_3.et;{6E0FAD4C0C6C64B1}Prefabs/Characters/Vests/Vest_KBS_Strelok_Pouches/Pouch_KBS_Mag_4.et;{F915920C03C63C0B}Prefabs/Characters/Vests/Vest_KBS_Strelok_Pouches/Pouch_KBS_Medic_base.et;{C6F5F666868BAC24}Prefabs/Characters/Vests/Vest_KBS_Strelok_Pouches/Pouch_KBS_Admin_base.et;{0A2C0C037934FCA8}Prefabs/Characters/Vests/Vest_KBS_Strelok_Pouches/Pouch_KBS_CAT_base.et;{29E6A9DA864D2201}Prefabs/Characters/Vests/Vest_KBS_Strelok_Pouches/Pouch_KBS_Fanny_base.et;{453BB32563FB6565}Prefabs/Characters/Vests/Vest_KBS_Strelok_Pouches/Pouch_KBS_RGD_1.et;{296F87C5DF3FEA4B}Prefabs/Characters/Vests/Vest_KBS_Strelok_Pouches/Pouch_KBS_RGD_2.et;{8D2E7762F9433859}Prefabs/Characters/Vests/Vest_KBS_Strelok_Pouches/Pouch_KBS_Util_base.et;{BB0DE39E35EA47BE}Prefabs/Characters/Vests/Vest_KBS_Strelok_Pouches/Pouch_KBS_Pistol_Base.et;{2924B3672544A564}Prefabs/Characters/Vests/Vest_KBS_Strelok_Pouches/Pouch_KBS_radio_Base.et;{62F5D6C1E04C40BB}Prefabs/Characters/Vests/Vest_KBS_Strelok_Pouches/Pouch_KBS_GasMask_base.et;{571B5CB75D83A993}Prefabs/Characters/Vests/Vest_KBS_Strelok/attachment_KBS_Hips_Base.et;{410FCECF830FC8A8}Prefabs/Characters/Vests/Vest_KBS_Strelok/attachment_KBS_Butt_Base.et
vest_lbt1961,{23715D37E03B24B5}Prefabs/Characters/Vests/Vest_LBT1961/Vest_LBT1961.et,cash,1600,800,17,12,30057,15027,1,1,{266C9240B1F0165F}Prefabs/Items/Equipment/Patches/Patch_RHS_20.et;{D27F4EA6AB260E7A}Prefabs/Characters/Vests/Vest_LBT1961/Pouch_1961_magpouch_insert.et;{DD5358193169908B}Prefabs/Weapons/Magazines/Magazine_556x45_STANAG_30rnd_M855A1.et;{D27F4EA6AB260E7A}Prefabs/Characters/Vests/Vest_LBT1961/Pouch_1961_magpouch_insert.et;{DD5358193169908B}Prefabs/Weapons/Magazines/Magazine_556x45_STANAG_30rnd_M855A1.et;{D27F4EA6AB260E7A}Prefabs/Characters/Vests/Vest_LBT1961/Pouch_1961_magpouch_insert.et;{DD5358193169908B}Prefabs/Weapons/Magazines/Magazine_556x45_STANAG_30rnd_M855A1.et;{D27F4EA6AB260E7A}Prefabs/Characters/Vests/Vest_LBT1961/Pouch_1961_magpouch_insert.et;{DD5358193169908B}Prefabs/Weapons/Magazines/Magazine_556x45_STANAG_30rnd_M855A1.et;{D1E18BA18A7168D6}Prefabs/Characters/Vests/Vest_LBT1961/Pouch_1961_radio_Insert.et;{D69684663E89D6EA}Prefabs/Items/Equipment/Radios/Radio_ANPRC152A_OLD.et;{D1E18BA18A7168D6}Prefabs/Characters/Vests/Vest_LBT1961/Pouch_1961_radio_Insert.et;{D69684663E89D6EA}Prefabs/Items/Equipment/Radios/Radio_ANPRC152A_OLD.et;{7367B2A6E4A12C73}Prefabs/Characters/Vests/Vest_LBT1961/Pouch_1961_pistol_insert.et;{F20D1122BC5CD9F2}Prefabs/Weapons/Magazines/glock_magazine/Magazine_9x19_Glock_17rnd.et;{7367B2A6E4A12C73}Prefabs/Characters/Vests/Vest_LBT1961/Pouch_1961_pistol_insert.et;{F20D1122BC5CD9F2}Prefabs/Weapons/Magazines/glock_magazine/Magazine_9x19_Glock_17rnd.et
vest_lbt1961_m81,{736DD9440B6BF122}Prefabs/Characters/Vests/Vest_LBT1961/Vest_LBT1961_m81.et,cash,1300,650,17,12,30057,15027,1,1,{266C9240B1F0165F}Prefabs/Items/Equipment/Patches/Patch_RHS_20.et;{D27F4EA6AB260E7A}Prefabs/Characters/Vests/Vest_LBT1961/Pouch_1961_magpouch_insert.et;{DD5358193169908B}Prefabs/Weapons/Magazines/Magazine_556x45_STANAG_30rnd_M855A1.et;{D27F4EA6AB260E7A}Prefabs/Characters/Vests/Vest_LBT1961/Pouch_1961_magpouch_insert.et;{DD5358193169908B}Prefabs/Weapons/Magazines/Magazine_556x45_STANAG_30rnd_M855A1.et;{D27F4EA6AB260E7A}Prefabs/Characters/Vests/Vest_LBT1961/Pouch_1961_magpouch_insert.et;{DD5358193169908B}Prefabs/Weapons/Magazines/Magazine_556x45_STANAG_30rnd_M855A1.et;{D27F4EA6AB260E7A}Prefabs/Characters/Vests/Vest_LBT1961/Pouch_1961_magpouch_insert.et;{DD5358193169908B}Prefabs/Weapons/Magazines/Magazine_556x45_STANAG_30rnd_M855A1.et;{D1E18BA18A7168D6}Prefabs/Characters/Vests/Vest_LBT1961/Pouch_1961_radio_Insert.et;{D69684663E89D6EA}Prefabs/Items/Equipment/Radios/Radio_ANPRC152A_OLD.et;{D1E18BA18A7168D6}Prefabs/Characters/Vests/Vest_LBT1961/Pouch_1961_radio_Insert.et;{D69684663E89D6EA}Prefabs/Items/Equipment/Radios/Radio_ANPRC152A_OLD.et;{7367B2A6E4A12C73}Prefabs/Characters/Vests/Vest_LBT1961/Pouch_1961_pistol_insert.et;{F20D1122BC5CD9F2}Prefabs/Weapons/Magazines/glock_magazine/Magazine_9x19_Glock_17rnd.et;{7367B2A6E4A12C73}Prefabs/Characters/Vests/Vest_LBT1961/Pouch_1961_pistol_insert.et;{F20D1122BC5CD9F2}Prefabs/Weapons/Magazines/glock_magazine/Magazine_9x19_Glock_17rnd.et
vest_lifchik,{9713FE6DDCC9510D}Prefabs/Characters/Vests/Vest_Lifchik/Vest_Lifchik.et,cash,40,20,0,0,0,0,0,1,
vest_lifchik_gl,{C8516078375CBE45}Prefabs/Characters/Vests/Vest_Lifchik/Vest_Lifchik_GL.et,cash,40,20,0,0,0,0,0,1,
vest_m69_m81woodland,{725C5E1C75CADAF4}Prefabs/Characters/Vests/Vest_M69/Vest_M69_M81woodland.et,cash,150,75,0,0,0,0,0,1,
vest_m69_olive,{F9ACDDE62D906D61}Prefabs/Characters/Vests/Vest_M69/Vest_M69_olive.et,cash,150,75,0,0,0,0,0,1,
vest_msv_ii_base,{9B26DF342C22CB68}Prefabs/Characters/Vests/Vest_MSV_Gen_II/Vest_MSV_II_base.et,cash,1600,800,2,0,1600,800,0,1,{88E31AB238FFCB0A}Prefabs/Characters/Vests/Vest_PCGen_III/Plates/DestructibleArmorPlate_PCGenIII_ESAPIrevJ_Front.et;{1B4129A0C0C752A3}Prefabs/Characters/Vests/Vest_PCGen_III/Plates/DestructibleArmorPlate_PCGenIII_ESAPIrevJ_Back.et
vest_naz,{506EF3B2F0A69D34}Prefabs/Characters/Vests/Vest_NAZ/Vest_NAZ.et,cash,40,20,0,0,0,0,0,1,
vest_ncpc_aor1,{094B3C53D6EAA522}Prefabs/Characters/Vests/Vest_CPC_NCPC/Vest_NCPC_AOR1.et,cash,1600,800,5,3,1600,800,0,1,{88E31AB238FFCB0A}Prefabs/Characters/Vests/Vest_PCGen_III/Plates/DestructibleArmorPlate_PCGenIII_ESAPIrevJ_Front.et;{1B4129A0C0C752A3}Prefabs/Characters/Vests/Vest_PCGen_III/Plates/DestructibleArmorPlate_PCGenIII_ESAPIrevJ_Back.et;{DB24510CB8AB1FD2}Prefabs/Characters/Vests/Vest_CPC_NCPC_pouches/pouch_NCPN_kangroo_aor1.et;{81130346E819E571}Prefabs/Characters/Vests/Vest_CPC_NCPC_pouches/Pouch_NCPC_Radio_AOR1.et;{3D26B944C5C30C50}Prefabs/Characters/Vests/Vest_CPC_NCPC_pouches/Pouch_NCPC_Mag_side_AOR1.et
vest_ncpc_aor2,{651F08B36A2E2A0C}Prefabs/Characters/Vests/Vest_CPC_NCPC/Vest_NCPC_AOR2.et,cash,1600,800,5,3,1600,800,0,1,{88E31AB238FFCB0A}Prefabs/Characters/Vests/Vest_PCGen_III/Plates/DestructibleArmorPlate_PCGenIII_ESAPIrevJ_Front.et;{1B4129A0C0C752A3}Prefabs/Characters/Vests/Vest_PCGen_III/Plates/DestructibleArmorPlate_PCGenIII_ESAPIrevJ_Back.et;{700823947ACB252D}Prefabs/Characters/Vests/Vest_CPC_NCPC_pouches/pouch_NCPN_kangroo_base.et;{2A3F71DE2A79DF8E}Prefabs/Characters/Vests/Vest_CPC_NCPC_pouches/Pouch_NCPC_Radio_Base.et;{01D057A45DB0D684}Prefabs/Characters/Vests/Vest_CPC_NCPC_pouches/Pouch_NCPC_Mag_side.et
vest_ncpc_mc,{731141267C0DFFF3}Prefabs/Characters/Vests/Vest_CPC_NCPC/Vest_NCPC_MC.et,cash,1600,800,5,3,1600,800,0,1,{88E31AB238FFCB0A}Prefabs/Characters/Vests/Vest_PCGen_III/Plates/DestructibleArmorPlate_PCGenIII_ESAPIrevJ_Front.et;{1B4129A0C0C752A3}Prefabs/Characters/Vests/Vest_PCGen_III/Plates/DestructibleArmorPlate_PCGenIII_ESAPIrevJ_Back.et;{6924BA08D7DDC5AD}Prefabs/Characters/Vests/Vest_CPC_NCPC_pouches/pouch_NCPN_kangroo_MC.et;{A743C64FB710EF5B}Prefabs/Characters/Vests/Vest_CPC_NCPC_pouches/Pouch_NCPC_Radio_MC.et;{971422EE28527D5E}Prefabs/Characters/Vests/Vest_CPC_NCPC_pouches/Pouch_NCPC_Mag_side_MC.et
vest_pasgt,{4B57C11AA5161760}Prefabs/Characters/Vests/Vest_PASGT/Vest_PASGT.et,cash,300,150,0,0,0,0,0,1,
vest_pcgen_ii_base,{822B66CBF331F844}Prefabs/Characters/Vests/Vest_PCGen_II/Vest_PCGen_II_base.et,cash,1600,800,4,0,3200,1600,1,1,{88E31AB238FFCB0A}Prefabs/Characters/Vests/Vest_PCGen_III/Plates/DestructibleArmorPlate_PCGenIII_ESAPIrevJ_Front.et;{1B4129A0C0C752A3}Prefabs/Characters/Vests/Vest_PCGen_III/Plates/DestructibleArmorPlate_PCGenIII_ESAPIrevJ_Back.et;{9ADA1F5B703C1980}Prefabs/Characters/Vests/Vest_PCGen_III/Plates/DestructibleArmorPlate_PCGenIII_ESAPIrevJ_Left.et;{5A047A7C413EE006}Prefabs/Characters/Vests/Vest_PCGen_III/Plates/DestructibleArmorPlate_PCGenIII_ESAPIrevJ_Right.et
vest_pcgen_ii_filbe,{70B5348CD5387289}Prefabs/Characters/Vests/Vest_PCGen_II/Variants/Vest_PCGen_II_filbe.et,cash,220,110,12,12,0,0,0,1,{EA72920B4D45496E}Prefabs/Characters/Vests/Vest_PCGen_III_Pouches/Pouch_FILBE_doubleM4_1.et;{63BAEA12FD64512B}Prefabs/Characters/Vests/Vest_PCGen_III_Pouches/Pouch_FILBE_doubleM4_3.et;{E2570E47232ACCAA}Prefabs/Characters/Vests/Vest_PCGen_III_Pouches/Pouch_PCGEN3_util.et;{DB08308A11F0A1FA}Prefabs/Characters/Vests/Vest_PCGen_III_Pouches/Pouch_PCGEN3_ifak.et;{DA627786471E28B5}Prefabs/Characters/Vests/Vest_PCGen_III_Pouches/Pouch_152_Radio.et;{8626A6EBF181C640}Prefabs/Characters/Vests/Vest_PCGen_III_Pouches/Pouch_FILBE_doubleM4_2.et;{8626A6EBF181C640}Prefabs/Characters/Vests/Vest_PCGen_III_Pouches/Pouch_FILBE_doubleM4_2.et;{63BAEA12FD64512B}Prefabs/Characters/Vests/Vest_PCGen_III_Pouches/Pouch_FILBE_doubleM4_3.et;{03F98F190A971B35}Prefabs/Characters/Vests/Vest_PCGen_III_Pouches/Pouch_Filbe_M67_2.et;{03F98F190A971B35}Prefabs/Characters/Vests/Vest_PCGen_III_Pouches/Pouch_Filbe_M67_2.et;{DA93E659C775B0B9}Prefabs/Characters/Vests/Vest_PCGen_III_Pouches/Pouch_Filbe_M18_1.et;{B6C7D2B97BB13F97}Prefabs/Characters/Vests/Vest_PCGen_III_Pouches/Pouch_Filbe_M18_2.et
vest_pcgen_ii_gl,{6FABD062FFB146FA}Prefabs/Characters/Vests/Vest_PCGen_II/Variants/Vest_PCGen_II_gl.et,cash,280,140,12,12,0,0,0,1,{EA72920B4D45496E}Prefabs/Characters/Vests/Vest_PCGen_III_Pouches/Pouch_FILBE_doubleM4_1.et;{DA627786471E28B5}Prefabs/Characters/Vests/Vest_PCGen_III_Pouches/Pouch_152_Radio.et;{8626A6EBF181C640}Prefabs/Characters/Vests/Vest_PCGen_III_Pouches/Pouch_FILBE_doubleM4_2.et;{63BAEA12FD64512B}Prefabs/Characters/Vests/Vest_PCGen_III_Pouches/Pouch_FILBE_doubleM4_3.et;{5A8DE5AC4B34B377}Prefabs/Characters/Vests/Vest_PCGen_III_Pouches/Pouch_Filbe_40mm_1.et;{36D9D14CF7F03C59}Prefabs/Characters/Vests/Vest_PCGen_III_Pouches/Pouch_Filbe_40mm_2.et;{D3459DB5FB15AB32}Prefabs/Characters/Vests/Vest_PCGen_III_Pouches/Pouch_Filbe_40mm_3.et;{DB08308A11F0A1FA}Prefabs/Characters/Vests/Vest_PCGen_III_Pouches/Pouch_PCGEN3_ifak.et;{DA93E659C775B0B9}Prefabs/Characters/Vests/Vest_PCGen_III_Pouches/Pouch_Filbe_M18_1.et;{B6C7D2B97BB13F97}Prefabs/Characters/Vests/Vest_PCGen_III_Pouches/Pouch_Filbe_M18_2.et;{744BD5FF8D33CCB4}Prefabs/Characters/Vests/Vest_PCGen_III_Pouches/Pouch_PCGEN3_MG.et;{0DA7F2FF8E0BFBDC}Prefabs/Characters/Vests/Vest_PCGen_III_Pouches/Pouch_Filbe_bandolier.et
vest_pcgen_ii_rifleman,{541A06BBBA3C8569}Prefabs/Characters/Vests/Vest_PCGen_II/Variants/Vest_PCGen_II_rifleman.et,cash,220,110,10,10,0,0,0,1,{14BD08A15E2AB6FD}Prefabs/Characters/Vests/Vest_PCGen_III_Pouches/Pouch_OpenTop_M27_1_pouch.et;{63BAEA12FD64512B}Prefabs/Characters/Vests/Vest_PCGen_III_Pouches/Pouch_FILBE_doubleM4_3.et;{E2570E47232ACCAA}Prefabs/Characters/Vests/Vest_PCGen_III_Pouches/Pouch_PCGEN3_util.et;{DB08308A11F0A1FA}Prefabs/Characters/Vests/Vest_PCGen_III_Pouches/Pouch_PCGEN3_ifak.et;{DA627786471E28B5}Prefabs/Characters/Vests/Vest_PCGen_III_Pouches/Pouch_152_Radio.et;{8626A6EBF181C640}Prefabs/Characters/Vests/Vest_PCGen_III_Pouches/Pouch_FILBE_doubleM4_2.et;{03F98F190A971B35}Prefabs/Characters/Vests/Vest_PCGen_III_Pouches/Pouch_Filbe_M67_2.et;{03F98F190A971B35}Prefabs/Characters/Vests/Vest_PCGen_III_Pouches/Pouch_Filbe_M67_2.et;{DA93E659C775B0B9}Prefabs/Characters/Vests/Vest_PCGen_III_Pouches/Pouch_Filbe_M18_1.et;{B6C7D2B97BB13F97}Prefabs/Characters/Vests/Vest_PCGen_III_Pouches/Pouch_Filbe_M18_2.et
vest_pcgen_ii_tako3,{652A691C3404B99C}Prefabs/Characters/Vests/Vest_PCGen_II/Variants/Vest_PCGen_II_tako3.et,cash,220,110,12,12,0,0,0,1,{C21DCE954442DD12}Prefabs/Characters/Vests/Vest_PCGen_III_Pouches/Pouch_PCGEN3_takoPouch.et;{63BAEA12FD64512B}Prefabs/Characters/Vests/Vest_PCGen_III_Pouches/Pouch_FILBE_doubleM4_3.et;{E2570E47232ACCAA}Prefabs/Characters/Vests/Vest_PCGen_III_Pouches/Pouch_PCGEN3_util.et;{DB08308A11F0A1FA}Prefabs/Characters/Vests/Vest_PCGen_III_Pouches/Pouch_PCGEN3_ifak.et;{DA627786471E28B5}Prefabs/Characters/Vests/Vest_PCGen_III_Pouches/Pouch_152_Radio.et;{8626A6EBF181C640}Prefabs/Characters/Vests/Vest_PCGen_III_Pouches/Pouch_FILBE_doubleM4_2.et;{C21DCE954442DD12}Prefabs/Characters/Vests/Vest_PCGen_III_Pouches/Pouch_PCGEN3_takoPouch.et;{C21DCE954442DD12}Prefabs/Characters/Vests/Vest_PCGen_III_Pouches/Pouch_PCGEN3_takoPouch.et;{03F98F190A971B35}Prefabs/Characters/Vests/Vest_PCGen_III_Pouches/Pouch_Filbe_M67_2.et;{03F98F190A971B35}Prefabs/Characters/Vests/Vest_PCGen_III_Pouches/Pouch_Filbe_M67_2.et;{DA93E659C775B0B9}Prefabs/Characters/Vests/Vest_PCGen_III_Pouches/Pouch_Filbe_M18_1.et;{B6C7D2B97BB13F97}Prefabs/Characters/Vests/Vest_PCGen_III_Pouches/Pouch_Filbe_M18_2.et
vest_pcgen_iii,{1300A5F6CA51B206}Prefabs/Characters/Vests/Vest_PCGen_III/Vest_PCGen_III.et,cash,1600,800,4,0,3200,1600,1,1,{88E31AB238FFCB0A}Prefabs/Characters/Vests/Vest_PCGen_III/Plates/DestructibleArmorPlate_PCGenIII_ESAPIrevJ_Front.et;{1B4129A0C0C752A3}Prefabs/Characters/Vests/Vest_PCGen_III/Plates/DestructibleArmorPlate_PCGenIII_ESAPIrevJ_Back.et;{9ADA1F5B703C1980}Prefabs/Characters/Vests/Vest_PCGen_III/Plates/DestructibleArmorPlate_PCGenIII_ESAPIrevJ_Left.et;{5A047A7C413EE006}Prefabs/Characters/Vests/Vest_PCGen_III/Plates/DestructibleArmorPlate_PCGenIII_ESAPIrevJ_Right.et
vest_pcgen_iii_light,{68CF844B606428D8}Prefabs/Characters/Vests/Vest_PCGen_III/Vest_PCGen_III_light.et,cash,1600,800,2,0,1600,800,0,1,{88E31AB238FFCB0A}Prefabs/Characters/Vests/Vest_PCGen_III/Plates/DestructibleArmorPlate_PCGenIII_ESAPIrevJ_Front.et;{1B4129A0C0C752A3}Prefabs/Characters/Vests/Vest_PCGen_III/Plates/DestructibleArmorPlate_PCGenIII_ESAPIrevJ_Back.et
vest_pcgen_iii_nobelt,{D0BF60748746D36E}Prefabs/Characters/Vests/Vest_PCGen_III/Variants/Vest_PCGen_III_nobelt.et,cash,220,110,7,7,0,0,0,1,{EA72920B4D45496E}Prefabs/Characters/Vests/Vest_PCGen_III_Pouches/Pouch_FILBE_doubleM4_1.et;{8626A6EBF181C640}Prefabs/Characters/Vests/Vest_PCGen_III_Pouches/Pouch_FILBE_doubleM4_2.et;{63BAEA12FD64512B}Prefabs/Characters/Vests/Vest_PCGen_III_Pouches/Pouch_FILBE_doubleM4_3.et;{DB08308A11F0A1FA}Prefabs/Characters/Vests/Vest_PCGen_III_Pouches/Pouch_PCGEN3_ifak.et;{DA93E659C775B0B9}Prefabs/Characters/Vests/Vest_PCGen_III_Pouches/Pouch_Filbe_M18_1.et;{B6C7D2B97BB13F97}Prefabs/Characters/Vests/Vest_PCGen_III_Pouches/Pouch_Filbe_M18_2.et;{DA627786471E28B5}Prefabs/Characters/Vests/Vest_PCGen_III_Pouches/Pouch_152_Radio.et
vest_pcgen_iii_nobelt_mg,{8CCD7C0728F3BD3D}Prefabs/Characters/Vests/Vest_PCGen_III/Variants/Vest_PCGen_III_nobelt_MG.et,cash,220,110,4,4,0,0,0,1,{DB08308A11F0A1FA}Prefabs/Characters/Vests/Vest_PCGen_III_Pouches/Pouch_PCGEN3_ifak.et;{744BD5FF8D33CCB4}Prefabs/Characters/Vests/Vest_PCGen_III_Pouches/Pouch_PCGEN3_MG.et;{744BD5FF8D33CCB4}Prefabs/Characters/Vests/Vest_PCGen_III_Pouches/Pouch_PCGEN3_MG.et;{DA627786471E28B5}Prefabs/Characters/Vests/Vest_PCGen_III_Pouches/Pouch_152_Radio.et
vest_pcgen_iii_rifleman,{1300A5F6CA51B204}Prefabs/Characters/Vests/Vest_PCGen_III/Variants/Vest_PCGen_III_rifleman.et,cash,220,110,12,12,0,0,0,1,{14BD08A15E2AB6FD}Prefabs/Characters/Vests/Vest_PCGen_III_Pouches/Pouch_OpenTop_M27_1_pouch.et;{2105D1F5FBA9D92F}Prefabs/Characters/Vests/Vest_PCGen_III_Pouches/Pouch_Admin.et;{EA72920B4D45496E}Prefabs/Characters/Vests/Vest_PCGen_III_Pouches/Pouch_FILBE_doubleM4_1.et;{8626A6EBF181C640}Prefabs/Characters/Vests/Vest_PCGen_III_Pouches/Pouch_FILBE_doubleM4_2.et;{DA93E659C775B0B9}Prefabs/Characters/Vests/Vest_PCGen_III_Pouches/Pouch_Filbe_M18_1.et;{DB08308A11F0A1FA}Prefabs/Characters/Vests/Vest_PCGen_III_Pouches/Pouch_PCGEN3_ifak.et;{D075481CB65F1AB5}Prefabs/Characters/Vests/Vest_PCGen_III_Pouches/Pouch_Shaw_Raid.et;{DA627786471E28B5}Prefabs/Characters/Vests/Vest_PCGen_III_Pouches/Pouch_152_Radio.et;{B6C7D2B97BB13F97}Prefabs/Characters/Vests/Vest_PCGen_III_Pouches/Pouch_Filbe_M18_2.et;{0B18049DFD080C8B}Prefabs/Characters/Vests/Vest_PCGen_III_Pouches/Pouch_Filbe_M67_Base.et;{03F98F190A971B35}Prefabs/Characters/Vests/Vest_PCGen_III_Pouches/Pouch_Filbe_M67_2.et;{63BAEA12FD64512B}Prefabs/Characters/Vests/Vest_PCGen_III_Pouches/Pouch_FILBE_doubleM4_3.et
vest_pcgen_iii_rifleman_blueforcetriple,{11810158D0BCABEF}Prefabs/Characters/Vests/Vest_PCGen_III/Variants/Vest_PCGen_III_rifleman_blueforcetriple.et,cash,220,110,13,13,0,0,0,1,{CBDA076D5A4FC8E0}Prefabs/Characters/Vests/Vest_PCGen_III_Pouches/Pouch_Blueforce_Tri.et;{77D939687560A1F0}Prefabs/Characters/Vests/Vest_PCGen_III_Pouches/Pouch_Shaw_Flex.et;{5131F13163FFF2CA}Prefabs/Characters/Vests/Vest_PCGen_III_Pouches/Pouch_Shaw_Flex_MC.et;{DB08308A11F0A1FA}Prefabs/Characters/Vests/Vest_PCGen_III_Pouches/Pouch_PCGEN3_ifak.et;{63BAEA12FD64512B}Prefabs/Characters/Vests/Vest_PCGen_III_Pouches/Pouch_FILBE_doubleM4_3.et;{EA72920B4D45496E}Prefabs/Characters/Vests/Vest_PCGen_III_Pouches/Pouch_FILBE_doubleM4_1.et;{03F98F190A971B35}Prefabs/Characters/Vests/Vest_PCGen_III_Pouches/Pouch_Filbe_M67_2.et;{77D939687560A1F0}Prefabs/Characters/Vests/Vest_PCGen_III_Pouches/Pouch_Shaw_Flex.et;{DA627786471E28B5}Prefabs/Characters/Vests/Vest_PCGen_III_Pouches/Pouch_152_Radio.et;{D075481CB65F1AB5}Prefabs/Characters/Vests/Vest_PCGen_III_Pouches/Pouch_Shaw_Raid.et;{0B18049DFD080C8B}Prefabs/Characters/Vests/Vest_PCGen_III_Pouches/Pouch_Filbe_M67_Base.et;{DA93E659C775B0B9}Prefabs/Characters/Vests/Vest_PCGen_III_Pouches/Pouch_Filbe_M18_1.et;{B6C7D2B97BB13F97}Prefabs/Characters/Vests/Vest_PCGen_III_Pouches/Pouch_Filbe_M18_2.et
vest_pcgen_iii_rifleman_filbe,{3F09E61DCB860B81}Prefabs/Characters/Vests/Vest_PCGen_III/Variants/Vest_PCGen_III_rifleman_filbe.et,cash,220,110,12,12,0,0,0,1,{DB08308A11F0A1FA}Prefabs/Characters/Vests/Vest_PCGen_III_Pouches/Pouch_PCGEN3_ifak.et;{EA72920B4D45496E}Prefabs/Characters/Vests/Vest_PCGen_III_Pouches/Pouch_FILBE_doubleM4_1.et;{8626A6EBF181C640}Prefabs/Characters/Vests/Vest_PCGen_III_Pouches/Pouch_FILBE_doubleM4_2.et;{E2570E47232ACCAA}Prefabs/Characters/Vests/Vest_PCGen_III_Pouches/Pouch_PCGEN3_util.et;{DA627786471E28B5}Prefabs/Characters/Vests/Vest_PCGen_III_Pouches/Pouch_152_Radio.et;{EA72920B4D45496E}Prefabs/Characters/Vests/Vest_PCGen_III_Pouches/Pouch_FILBE_doubleM4_1.et;{8626A6EBF181C640}Prefabs/Characters/Vests/Vest_PCGen_III_Pouches/Pouch_FILBE_doubleM4_2.et;{63BAEA12FD64512B}Prefabs/Characters/Vests/Vest_PCGen_III_Pouches/Pouch_FILBE_doubleM4_3.et;{0B18049DFD080C8B}Prefabs/Characters/Vests/Vest_PCGen_III_Pouches/Pouch_Filbe_M67_Base.et;{03F98F190A971B35}Prefabs/Characters/Vests/Vest_PCGen_III_Pouches/Pouch_Filbe_M67_2.et;{DA93E659C775B0B9}Prefabs/Characters/Vests/Vest_PCGen_III_Pouches/Pouch_Filbe_M18_1.et;{B6C7D2B97BB13F97}Prefabs/Characters/Vests/Vest_PCGen_III_Pouches/Pouch_Filbe_M18_2.et
vest_pcgen_iii_rifleman_shawplacard1,{D151BC8AB3AB9674}Prefabs/Characters/Vests/Vest_PCGen_III/Variants/Vest_PCGen_III_rifleman_shawplacard1.et,cash,220,110,11,11,0,0,0,1,{6F0BA7B4993F31E3}Prefabs/Characters/Vests/Vest_PCGen_III_Pouches/Pouch_Placard.et;{CBDA076D5A4FC8E0}Prefabs/Characters/Vests/Vest_PCGen_III_Pouches/Pouch_Blueforce_Tri.et;{77D939687560A1F0}Prefabs/Characters/Vests/Vest_PCGen_III_Pouches/Pouch_Shaw_Flex.et;{DA627786471E28B5}Prefabs/Characters/Vests/Vest_PCGen_III_Pouches/Pouch_152_Radio.et;{B6C7D2B97BB13F97}Prefabs/Characters/Vests/Vest_PCGen_III_Pouches/Pouch_Filbe_M18_2.et;{063712DCDFB30053}Prefabs/Characters/Vests/Vest_PCGen_III_Pouches/Pouch_Shaw_Nerd_Mini.et;{E2570E47232ACCAA}Prefabs/Characters/Vests/Vest_PCGen_III_Pouches/Pouch_PCGEN3_util.et;{DA93E659C775B0B9}Prefabs/Characters/Vests/Vest_PCGen_III_Pouches/Pouch_Filbe_M18_1.et;{0B18049DFD080C8B}Prefabs/Characters/Vests/Vest_PCGen_III_Pouches/Pouch_Filbe_M67_Base.et;{03F98F190A971B35}Prefabs/Characters/Vests/Vest_PCGen_III_Pouches/Pouch_Filbe_M67_2.et;{DB08308A11F0A1FA}Prefabs/Characters/Vests/Vest_PCGen_III_Pouches/Pouch_PCGEN3_ifak.et
vest_pcgen_iii_rifleman_shawplacard2,{BD05886A0F6F195A}Prefabs/Characters/Vests/Vest_PCGen_III/Variants/Vest_PCGen_III_rifleman_shawplacard2.et,cash,220,110,14,14,0,0,0,1,{6F0BA7B4993F31E3}Prefabs/Characters/Vests/Vest_PCGen_III_Pouches/Pouch_Placard.et;{80B50798C062384A}Prefabs/Characters/Vests/Vest_PCGen_III_Pouches/Pouch_Shaw_Nerd_Big.et;{77D939687560A1F0}Prefabs/Characters/Vests/Vest_PCGen_III_Pouches/Pouch_Shaw_Flex.et;{DA627786471E28B5}Prefabs/Characters/Vests/Vest_PCGen_III_Pouches/Pouch_152_Radio.et;{DB08308A11F0A1FA}Prefabs/Characters/Vests/Vest_PCGen_III_Pouches/Pouch_PCGEN3_ifak.et;{8626A6EBF181C640}Prefabs/Characters/Vests/Vest_PCGen_III_Pouches/Pouch_FILBE_doubleM4_2.et;{7B0E856BA78C0246}Prefabs/Characters/Vests/Vest_PCGen_III_Pouches/Pouch_Highspeed_Bleeder.et;{8626A6EBF181C640}Prefabs/Characters/Vests/Vest_PCGen_III_Pouches/Pouch_FILBE_doubleM4_2.et;{0B18049DFD080C8B}Prefabs/Characters/Vests/Vest_PCGen_III_Pouches/Pouch_Filbe_M67_Base.et;{E2570E47232ACCAA}Prefabs/Characters/Vests/Vest_PCGen_III_Pouches/Pouch_PCGEN3_util.et;{D075481CB65F1AB5}Prefabs/Characters/Vests/Vest_PCGen_III_Pouches/Pouch_Shaw_Raid.et;{B6C7D2B97BB13F97}Prefabs/Characters/Vests/Vest_PCGen_III_Pouches/Pouch_Filbe_M18_2.et;{DA93E659C775B0B9}Prefabs/Characters/Vests/Vest_PCGen_III_Pouches/Pouch_Filbe_M18_1.et;{03F98F190A971B35}Prefabs/Characters/Vests/Vest_PCGen_III_Pouches/Pouch_Filbe_M67_2.et
vest_pcgen_iii_rifleman_shawplacard3,{5899C493038A8E31}Prefabs/Characters/Vests/Vest_PCGen_III/Variants/Vest_PCGen_III_rifleman_shawplacard3.et,cash,220,110,12,12,0,0,0,1,{6F0BA7B4993F31E3}Prefabs/Characters/Vests/Vest_PCGen_III_Pouches/Pouch_Placard.et;{63BAEA12FD64512B}Prefabs/Characters/Vests/Vest_PCGen_III_Pouches/Pouch_FILBE_doubleM4_3.et;{DA627786471E28B5}Prefabs/Characters/Vests/Vest_PCGen_III_Pouches/Pouch_152_Radio.et;{DB08308A11F0A1FA}Prefabs/Characters/Vests/Vest_PCGen_III_Pouches/Pouch_PCGEN3_ifak.et;{8626A6EBF181C640}Prefabs/Characters/Vests/Vest_PCGen_III_Pouches/Pouch_FILBE_doubleM4_2.et;{77D939687560A1F0}Prefabs/Characters/Vests/Vest_PCGen_III_Pouches/Pouch_Shaw_Flex.et;{0B18049DFD080C8B}Prefabs/Characters/Vests/Vest_PCGen_III_Pouches/Pouch_Filbe_M67_Base.et;{77D939687560A1F0}Prefabs/Characters/Vests/Vest_PCGen_III_Pouches/Pouch_Shaw_Flex.et;{B6C7D2B97BB13F97}Prefabs/Characters/Vests/Vest_PCGen_III_Pouches/Pouch_Filbe_M18_2.et;{E2570E47232ACCAA}Prefabs/Characters/Vests/Vest_PCGen_III_Pouches/Pouch_PCGEN3_util.et;{DA93E659C775B0B9}Prefabs/Characters/Vests/Vest_PCGen_III_Pouches/Pouch_Filbe_M18_1.et;{03F98F190A971B35}Prefabs/Characters/Vests/Vest_PCGen_III_Pouches/Pouch_Filbe_M67_2.et
vest_pcgen_iii_rifleman_taco3,{04F6C334B02D345E}Prefabs/Characters/Vests/Vest_PCGen_III/Variants/Vest_PCGen_III_rifleman_taco3.et,cash,220,110,11,11,0,0,0,1,{C21DCE954442DD12}Prefabs/Characters/Vests/Vest_PCGen_III_Pouches/Pouch_PCGEN3_takoPouch.et;{C21DCE954442DD12}Prefabs/Characters/Vests/Vest_PCGen_III_Pouches/Pouch_PCGEN3_takoPouch.et;{C21DCE954442DD12}Prefabs/Characters/Vests/Vest_PCGen_III_Pouches/Pouch_PCGEN3_takoPouch.et;{E2570E47232ACCAA}Prefabs/Characters/Vests/Vest_PCGen_III_Pouches/Pouch_PCGEN3_util.et;{DB08308A11F0A1FA}Prefabs/Characters/Vests/Vest_PCGen_III_Pouches/Pouch_PCGEN3_ifak.et;{63BAEA12FD64512B}Prefabs/Characters/Vests/Vest_PCGen_III_Pouches/Pouch_FILBE_doubleM4_3.et;{DA627786471E28B5}Prefabs/Characters/Vests/Vest_PCGen_III_Pouches/Pouch_152_Radio.et;{03F98F190A971B35}Prefabs/Characters/Vests/Vest_PCGen_III_Pouches/Pouch_Filbe_M67_2.et;{0B18049DFD080C8B}Prefabs/Characters/Vests/Vest_PCGen_III_Pouches/Pouch_Filbe_M67_Base.et;{DA93E659C775B0B9}Prefabs/Characters/Vests/Vest_PCGen_III_Pouches/Pouch_Filbe_M18_1.et;{DA93E659C775B0B9}Prefabs/Characters/Vests/Vest_PCGen_III_Pouches/Pouch_Filbe_M18_1.et
vest_pcgen_iii_rifleman_taco3_2,{B43DB54AE960B06B}Prefabs/Characters/Vests/Vest_PCGen_III/Variants/Vest_PCGen_III_rifleman_taco3_2.et,cash,220,110,13,13,0,0,0,1,{C21DCE954442DD12}Prefabs/Characters/Vests/Vest_PCGen_III_Pouches/Pouch_PCGEN3_takoPouch.et;{C21DCE954442DD12}Prefabs/Characters/Vests/Vest_PCGen_III_Pouches/Pouch_PCGEN3_takoPouch.et;{C21DCE954442DD12}Prefabs/Characters/Vests/Vest_PCGen_III_Pouches/Pouch_PCGEN3_takoPouch.et;{03F98F190A971B35}Prefabs/Characters/Vests/Vest_PCGen_III_Pouches/Pouch_Filbe_M67_2.et;{E2570E47232ACCAA}Prefabs/Characters/Vests/Vest_PCGen_III_Pouches/Pouch_PCGEN3_util.et;{8626A6EBF181C640}Prefabs/Characters/Vests/Vest_PCGen_III_Pouches/Pouch_FILBE_doubleM4_2.et;{DA627786471E28B5}Prefabs/Characters/Vests/Vest_PCGen_III_Pouches/Pouch_152_Radio.et;{7B0E856BA78C0246}Prefabs/Characters/Vests/Vest_PCGen_III_Pouches/Pouch_Highspeed_Bleeder.et;{0B18049DFD080C8B}Prefabs/Characters/Vests/Vest_PCGen_III_Pouches/Pouch_Filbe_M67_Base.et;{5131F13163FFF2CA}Prefabs/Characters/Vests/Vest_PCGen_III_Pouches/Pouch_Shaw_Flex_MC.et;{DA93E659C775B0B9}Prefabs/Characters/Vests/Vest_PCGen_III_Pouches/Pouch_Filbe_M18_1.et;{B6C7D2B97BB13F97}Prefabs/Characters/Vests/Vest_PCGen_III_Pouches/Pouch_Filbe_M18_2.et;{63BAEA12FD64512B}Prefabs/Characters/Vests/Vest_PCGen_III_Pouches/Pouch_FILBE_doubleM4_3.et
vest_pcgen_iii_ublg,{9491D7A1C4D8412E}Prefabs/Characters/Vests/Vest_PCGen_III/Variants/Vest_PCGen_III_ublg.et,cash,280,140,11,11,0,0,0,1,{6F0BA7B4993F31E3}Prefabs/Characters/Vests/Vest_PCGen_III_Pouches/Pouch_Placard.et;{2105D1F5FBA9D92F}Prefabs/Characters/Vests/Vest_PCGen_III_Pouches/Pouch_Admin.et;{7B0E856BA78C0246}Prefabs/Characters/Vests/Vest_PCGen_III_Pouches/Pouch_Highspeed_Bleeder.et;{D075481CB65F1AB5}Prefabs/Characters/Vests/Vest_PCGen_III_Pouches/Pouch_Shaw_Raid.et;{DA627786471E28B5}Prefabs/Characters/Vests/Vest_PCGen_III_Pouches/Pouch_152_Radio.et;{5A8DE5AC4B34B377}Prefabs/Characters/Vests/Vest_PCGen_III_Pouches/Pouch_Filbe_40mm_1.et;{36D9D14CF7F03C59}Prefabs/Characters/Vests/Vest_PCGen_III_Pouches/Pouch_Filbe_40mm_2.et;{D3459DB5FB15AB32}Prefabs/Characters/Vests/Vest_PCGen_III_Pouches/Pouch_Filbe_40mm_3.et;{0DA7F2FF8E0BFBDC}Prefabs/Characters/Vests/Vest_PCGen_III_Pouches/Pouch_Filbe_bandolier.et;{EA72920B4D45496E}Prefabs/Characters/Vests/Vest_PCGen_III_Pouches/Pouch_FILBE_doubleM4_1.et;{B6C7D2B97BB13F97}Prefabs/Characters/Vests/Vest_PCGen_III_Pouches/Pouch_Filbe_M18_2.et
vest_ratin6b45_bebrapkm_1,{CCB46533102B7298}Prefabs/Characters/Vests/Vest_Ratnik_6B45/Variants/Vest_Ratin6B45_BebraPKM_1.et,cash,220,110,4,4,0,0,0,1,{24CBFFC667BFABC8}Prefabs/Characters/Vests/Vest_Taktika_Pouches/Pouch_Mordor_PKM_EMR.et;{24CBFFC667BFABC8}Prefabs/Characters/Vests/Vest_Taktika_Pouches/Pouch_Mordor_PKM_EMR.et;{0AA53CB4EA5DBC32}Prefabs/Characters/Vests/Vest_Ratnik_Pouches/Pouch_6x9Scabbard.et;{ADF17AE969E9C691}Prefabs/Characters/Vests/Vest_Ratnik_Pouches/Pouch_Ratnik_appi_pouch.et
vest_ratnik-zk_6b48_crewman,{F2850639D26CB41D}Prefabs/Characters/Vests/Vest_Ratnik3K_6B48/Variants/Vest_Ratnik-ZK_6B48_crewman.et,cash,160,80,4,4,0,0,0,1,{109D73EA48F99D55}Prefabs/Characters/Vests/Vest_Ratnik_Pouches/Pouch_Ratnik_ak_3_pouch.et;{EE9D33AFBDABF119}Prefabs/Characters/Vests/Vest_Ratnik_Pouches/Pouch_Ratnik_ak_2_pouch.et;{0AA53CB4EA5DBC32}Prefabs/Characters/Vests/Vest_Ratnik_Pouches/Pouch_6x9Scabbard.et;{ADF17AE969E9C691}Prefabs/Characters/Vests/Vest_Ratnik_Pouches/Pouch_Ratnik_appi_pouch.et
vest_ratnik_6b45,{B9821AF2F5D104E4}Prefabs/Characters/Vests/Vest_Ratnik_6B45/Vest_Ratnik_6B45.et,cash,1600,800,3,1,600,300,0,1,{FF692FD5AFD43076}Prefabs/Characters/Vests/Vest_Ratnik_6B45/Plates/DestructibleArmorPlate_6B45_Granit_Front.et;{1486E991C03BE661}Prefabs/Characters/Vests/Vest_Ratnik_6B45/Plates/DestructibleArmorPlate_6B45_Granit_Back.et;{4DF2E874DE5E1A4E}Prefabs/Characters/Vests/Vest_Ratnik_6B45/Vest_Ratnik_6B45_neck_armor.et
vest_ratnik_6b45_folded_collar,{FB4339B483CACFC0}Prefabs/Characters/Vests/Vest_Ratnik_6B45/Vest_Ratnik_6B45_folded_collar.et,cash,1600,800,3,1,600,300,0,1,{FF692FD5AFD43076}Prefabs/Characters/Vests/Vest_Ratnik_6B45/Plates/DestructibleArmorPlate_6B45_Granit_Front.et;{1486E991C03BE661}Prefabs/Characters/Vests/Vest_Ratnik_6B45/Plates/DestructibleArmorPlate_6B45_Granit_Back.et;{0BEFE710EAF29C12}Prefabs/Characters/Vests/Vest_Ratnik_6B45/Vest_Ratnik_6B45_neck_armor_folded.et
vest_ratnik_6b45_gl,{290EB58C0B52EB1C}Prefabs/Characters/Vests/Vest_Ratnik_6B45/Variants/Vest_Ratnik_6B45_GL.et,cash,280,140,6,6,0,0,0,1,{722C8E77D7AE3941}Prefabs/Characters/Vests/Vest_Ratnik_Pouches/Pouch_Ratnik_ak_1_pouch.et;{EE9D33AFBDABF119}Prefabs/Characters/Vests/Vest_Ratnik_Pouches/Pouch_Ratnik_ak_2_pouch.et;{109D73EA48F99D55}Prefabs/Characters/Vests/Vest_Ratnik_Pouches/Pouch_Ratnik_ak_3_pouch.et;{0AA53CB4EA5DBC32}Prefabs/Characters/Vests/Vest_Ratnik_Pouches/Pouch_6x9Scabbard.et;{ADF17AE969E9C691}Prefabs/Characters/Vests/Vest_Ratnik_Pouches/Pouch_Ratnik_appi_pouch.et;{633CEDB33257ACA6}Prefabs/Characters/Vests/Vest_Ratnik_Pouches/Pouch_Ratnik_vog_pouches.et
vest_ratnik_6b45_officer,{915E9D97CFAB02D6}Prefabs/Characters/Vests/Vest_Ratnik_6B45/Variants/Vest_Ratnik_6B45_officer.et,cash,220,110,6,6,0,0,0,1,{6B750632582934E5}Prefabs/Characters/Vests/Vest_Ratnik_Pouches/Pouch_Ratnik_azart_pouch.et;{722C8E77D7AE3941}Prefabs/Characters/Vests/Vest_Ratnik_Pouches/Pouch_Ratnik_ak_1_pouch.et;{EE9D33AFBDABF119}Prefabs/Characters/Vests/Vest_Ratnik_Pouches/Pouch_Ratnik_ak_2_pouch.et;{0AA53CB4EA5DBC32}Prefabs/Characters/Vests/Vest_Ratnik_Pouches/Pouch_6x9Scabbard.et;{ADF17AE969E9C691}Prefabs/Characters/Vests/Vest_Ratnik_Pouches/Pouch_Ratnik_appi_pouch.et;{FC07732ADAE70D5C}Prefabs/Items/Equipment/Accessories/ETool_MPL50/RHS_MPL50_Carrier.et
vest_ratnik_6b45_officer_gl,{E711752AC6D2123D}Prefabs/Characters/Vests/Vest_Ratnik_6B45/Variants/Vest_Ratnik_6B45_officer_GL.et,cash,280,140,7,7,0,0,0,1,{6B750632582934E5}Prefabs/Characters/Vests/Vest_Ratnik_Pouches/Pouch_Ratnik_azart_pouch.et;{722C8E77D7AE3941}Prefabs/Characters/Vests/Vest_Ratnik_Pouches/Pouch_Ratnik_ak_1_pouch.et;{EE9D33AFBDABF119}Prefabs/Characters/Vests/Vest_Ratnik_Pouches/Pouch_Ratnik_ak_2_pouch.et;{0AA53CB4EA5DBC32}Prefabs/Characters/Vests/Vest_Ratnik_Pouches/Pouch_6x9Scabbard.et;{ADF17AE969E9C691}Prefabs/Characters/Vests/Vest_Ratnik_Pouches/Pouch_Ratnik_appi_pouch.et;{FC07732ADAE70D5C}Prefabs/Items/Equipment/Accessories/ETool_MPL50/RHS_MPL50_Carrier.et;{633CEDB33257ACA6}Prefabs/Characters/Vests/Vest_Ratnik_Pouches/Pouch_Ratnik_vog_pouches.et
vest_ratnik_6b45_rifleman,{20CFD20350444288}Prefabs/Characters/Vests/Vest_Ratnik_6B45/Variants/Vest_Ratnik_6B45_rifleman.et,cash,220,110,6,6,0,0,0,1,{722C8E77D7AE3941}Prefabs/Characters/Vests/Vest_Ratnik_Pouches/Pouch_Ratnik_ak_1_pouch.et;{EE9D33AFBDABF119}Prefabs/Characters/Vests/Vest_Ratnik_Pouches/Pouch_Ratnik_ak_2_pouch.et;{109D73EA48F99D55}Prefabs/Characters/Vests/Vest_Ratnik_Pouches/Pouch_Ratnik_ak_3_pouch.et;{0AA53CB4EA5DBC32}Prefabs/Characters/Vests/Vest_Ratnik_Pouches/Pouch_6x9Scabbard.et;{ADF17AE969E9C691}Prefabs/Characters/Vests/Vest_Ratnik_Pouches/Pouch_Ratnik_appi_pouch.et;{FC07732ADAE70D5C}Prefabs/Items/Equipment/Accessories/ETool_MPL50/RHS_MPL50_Carrier.et
vest_ratnik_6b46_no_plates_light,{52BE478053203531}Prefabs/Characters/Vests/Vest_Ratnik_6B46/variants/Vest_Ratnik_6B46_no_plates_light.et,cash,1600,800,8,8,0,0,0,1,{E8756616BA2574AE}Prefabs/Characters/Vests/Vest_Ratnik_Pouches/Pouch_Ratnik_ak_pouch_new_1.et;{842152F606E1FB80}Prefabs/Characters/Vests/Vest_Ratnik_Pouches/Pouch_Ratnik_ak_pouch_new_2.et;{61BD1E0F0A046CEB}Prefabs/Characters/Vests/Vest_Ratnik_Pouches/Pouch_Ratnik_ak_pouch_new_3.et;{0AA53CB4EA5DBC32}Prefabs/Characters/Vests/Vest_Ratnik_Pouches/Pouch_6x9Scabbard.et;{05EE21651FEAC0AE}Prefabs/Characters/Vests/Vest_Ratnik_Pouches/Pouch_Ratnik_appi_pouch_new.et;{10263C25AB0CF911}Prefabs/Characters/Vests/Vest_Ratnik_Pouches/Pouch_Ratnik_azart_pouch_new.et;{9079B1945181E324}Prefabs/Characters/Vests/Vest_Ratnik_Pouches/Pouch_Ratnik_Holster_Base.et;{A4F57EF96CFDDD49}Prefabs/Characters/Vests/Vest_Ratnik_Pouches/Pouch_Ratnik_PistolPouch_Base.et
vest_ratnik_6b46_rifleman,{7B2C9011713D35CA}Prefabs/Characters/Vests/Vest_Ratnik_6B46/variants/VDV_reg/Vest_Ratnik_6B46_rifleman.et,cash,1600,800,12,12,0,0,0,1,{E8756616BA2574AE}Prefabs/Characters/Vests/Vest_Ratnik_Pouches/Pouch_Ratnik_ak_pouch_new_1.et;{842152F606E1FB80}Prefabs/Characters/Vests/Vest_Ratnik_Pouches/Pouch_Ratnik_ak_pouch_new_2.et;{61BD1E0F0A046CEB}Prefabs/Characters/Vests/Vest_Ratnik_Pouches/Pouch_Ratnik_ak_pouch_new_3.et;{0AA53CB4EA5DBC32}Prefabs/Characters/Vests/Vest_Ratnik_Pouches/Pouch_6x9Scabbard.et;{FDA3707BB9C7C7B1}Prefabs/Characters/Vests/Vest_Ratnik_Pouches/Pouch_Ratnik_GND_Pouch_4.et;{495F2D5A7C8A56C3}Prefabs/Characters/Vests/Vest_Ratnik_Pouches/Pouch_Ratnik_GND_Pouch_1.et;{05EE21651FEAC0AE}Prefabs/Characters/Vests/Vest_Ratnik_Pouches/Pouch_Ratnik_appi_pouch_new.et;{10263C25AB0CF911}Prefabs/Characters/Vests/Vest_Ratnik_Pouches/Pouch_Ratnik_azart_pouch_new.et;{9079B1945181E324}Prefabs/Characters/Vests/Vest_Ratnik_Pouches/Pouch_Ratnik_Holster_Base.et;{250B19BAC04ED9ED}Prefabs/Characters/Vests/Vest_Ratnik_Pouches/Pouch_Ratnik_GND_Pouch_2.et;{A4F57EF96CFDDD49}Prefabs/Characters/Vests/Vest_Ratnik_Pouches/Pouch_Ratnik_PistolPouch_Base.et;{5C893B377F68E5DC}Prefabs/Characters/Vests/Vest_Ratnik_Pouches/Pouch_Ratnik_ak_pouch_new_4.et
vest_ratnik_6b46_rifleman_2,{26D09E4FD0AA57F6}Prefabs/Characters/Vests/Vest_Ratnik_6B46/variants/VDV_reg/Vest_Ratnik_6B46_rifleman_2.et,cash,1600,800,10,10,0,0,0,1,{E8756616BA2574AE}Prefabs/Characters/Vests/Vest_Ratnik_Pouches/Pouch_Ratnik_ak_pouch_new_1.et;{842152F606E1FB80}Prefabs/Characters/Vests/Vest_Ratnik_Pouches/Pouch_Ratnik_ak_pouch_new_2.et;{61BD1E0F0A046CEB}Prefabs/Characters/Vests/Vest_Ratnik_Pouches/Pouch_Ratnik_ak_pouch_new_3.et;{5C893B377F68E5DC}Prefabs/Characters/Vests/Vest_Ratnik_Pouches/Pouch_Ratnik_ak_pouch_new_4.et;{05EE21651FEAC0AE}Prefabs/Characters/Vests/Vest_Ratnik_Pouches/Pouch_Ratnik_appi_pouch_new.et;{10263C25AB0CF911}Prefabs/Characters/Vests/Vest_Ratnik_Pouches/Pouch_Ratnik_azart_pouch_new.et;{FDA3707BB9C7C7B1}Prefabs/Characters/Vests/Vest_Ratnik_Pouches/Pouch_Ratnik_GND_Pouch_4.et;{9079B1945181E324}Prefabs/Characters/Vests/Vest_Ratnik_Pouches/Pouch_Ratnik_Holster_Base.et;{A4F57EF96CFDDD49}Prefabs/Characters/Vests/Vest_Ratnik_Pouches/Pouch_Ratnik_PistolPouch_Base.et;{C0975543CCAB4E86}Prefabs/Characters/Vests/Vest_Ratnik_Pouches/Pouch_Ratnik_GND_Pouch_3.et
vest_ratnik_6b48,{099AE885BB314867}Prefabs/Characters/Vests/Vest_Ratnik3K_6B48/Vest_Ratnik_6B48.et,cash,1600,800,0,0,0,0,0,1,
vest_shaw_arc_coy,{66177AF251E66DA5}Prefabs/Characters/Vests/Vest_Shaw_ARC/Vest_Shaw_ARC_Coy.et,cash,1600,800,2,0,1600,800,0,1,{88E31AB238FFCB0A}Prefabs/Characters/Vests/Vest_PCGen_III/Plates/DestructibleArmorPlate_PCGenIII_ESAPIrevJ_Front.et;{1B4129A0C0C752A3}Prefabs/Characters/Vests/Vest_PCGen_III/Plates/DestructibleArmorPlate_PCGenIII_ESAPIrevJ_Back.et
vest_shaw_arc_coy_groin,{203D426735B35745}Prefabs/Characters/Vests/Vest_Shaw_ARC/Vest_Shaw_ARC_Coy_groin.et,cash,1300,650,3,1,1600,800,1,1,{88E31AB238FFCB0A}Prefabs/Characters/Vests/Vest_PCGen_III/Plates/DestructibleArmorPlate_PCGenIII_ESAPIrevJ_Front.et;{1B4129A0C0C752A3}Prefabs/Characters/Vests/Vest_PCGen_III/Plates/DestructibleArmorPlate_PCGenIII_ESAPIrevJ_Back.et;{4107547A7D49F420}Prefabs/Characters/Vests/Vest_Shaw_ARC/attachment_ARC_Groin_protection.et
vest_shaw_arc_m81,{3FFCFB090A6B7982}Prefabs/Characters/Vests/Vest_Shaw_ARC/Vest_Shaw_ARC_M81.et,cash,1300,650,2,0,1600,800,1,1,{88E31AB238FFCB0A}Prefabs/Characters/Vests/Vest_PCGen_III/Plates/DestructibleArmorPlate_PCGenIII_ESAPIrevJ_Front.et;{1B4129A0C0C752A3}Prefabs/Characters/Vests/Vest_PCGen_III/Plates/DestructibleArmorPlate_PCGenIII_ESAPIrevJ_Back.et
vest_shaw_arc_m81_groin,{5F199BAA9C0EE29D}Prefabs/Characters/Vests/Vest_Shaw_ARC/Vest_Shaw_ARC_M81_groin.et,cash,1300,650,3,1,1600,800,1,1,{88E31AB238FFCB0A}Prefabs/Characters/Vests/Vest_PCGen_III/Plates/DestructibleArmorPlate_PCGenIII_ESAPIrevJ_Front.et;{1B4129A0C0C752A3}Prefabs/Characters/Vests/Vest_PCGen_III/Plates/DestructibleArmorPlate_PCGenIII_ESAPIrevJ_Back.et;{4107547A7D49F420}Prefabs/Characters/Vests/Vest_Shaw_ARC/attachment_ARC_Groin_protection.et
vest_shaw_arc_mc,{789CDAE43C5DC2BA}Prefabs/Characters/Vests/Vest_Shaw_ARC/Vest_Shaw_ARC_MC.et,cash,1600,800,2,0,1600,800,0,1,{88E31AB238FFCB0A}Prefabs/Characters/Vests/Vest_PCGen_III/Plates/DestructibleArmorPlate_PCGenIII_ESAPIrevJ_Front.et;{1B4129A0C0C752A3}Prefabs/Characters/Vests/Vest_PCGen_III/Plates/DestructibleArmorPlate_PCGenIII_ESAPIrevJ_Back.et
vest_shaw_arc_mc_blk,{DCFAD802CF90F4B8}Prefabs/Characters/Vests/Vest_Shaw_ARC/Vest_Shaw_ARC_MC_Blk.et,cash,1300,650,2,0,1600,800,1,1,{88E31AB238FFCB0A}Prefabs/Characters/Vests/Vest_PCGen_III/Plates/DestructibleArmorPlate_PCGenIII_ESAPIrevJ_Front.et;{1B4129A0C0C752A3}Prefabs/Characters/Vests/Vest_PCGen_III/Plates/DestructibleArmorPlate_PCGenIII_ESAPIrevJ_Back.et
vest_shaw_arc_mc_blk_groin,{E164DC282D8A1B02}Prefabs/Characters/Vests/Vest_Shaw_ARC/Vest_Shaw_ARC_MC_Blk_Groin.et,cash,1300,650,3,1,1600,800,1,1,{88E31AB238FFCB0A}Prefabs/Characters/Vests/Vest_PCGen_III/Plates/DestructibleArmorPlate_PCGenIII_ESAPIrevJ_Front.et;{1B4129A0C0C752A3}Prefabs/Characters/Vests/Vest_PCGen_III/Plates/DestructibleArmorPlate_PCGenIII_ESAPIrevJ_Back.et;{4107547A7D49F420}Prefabs/Characters/Vests/Vest_Shaw_ARC/attachment_ARC_Groin_protection.et
vest_shaw_arc_od,{ABBC2ECDA074956D}Prefabs/Characters/Vests/Vest_Shaw_ARC/Vest_Shaw_ARC_OD.et,cash,280,140,2,0,1600,800,1,1,{88E31AB238FFCB0A}Prefabs/Characters/Vests/Vest_PCGen_III/Plates/DestructibleArmorPlate_PCGenIII_ESAPIrevJ_Front.et;{1B4129A0C0C752A3}Prefabs/Characters/Vests/Vest_PCGen_III/Plates/DestructibleArmorPlate_PCGenIII_ESAPIrevJ_Back.et
vest_shaw_arc_preset_placard,{BA7977E13255D569}Prefabs/Characters/Vests/Vest_Shaw_ARC/Variants/Vest_Shaw_ARC_preset_placard.et,cash,340,170,8,8,0,0,0,1,{FD897D70EAD0FE60}Prefabs/Characters/Vests/Vest_Shaw_ARC_Pouches/Pouch_Shaw_Placard_Elastic.et;{61FA86B2349771A6}Prefabs/Characters/Vests/Vest_PCGen_III_Pouches/Pouch_Shaw_Raid_MCBlk.et;{658C2BC6EDE545DE}Prefabs/Characters/Vests/Vest_PCGen_III_Pouches/Pouch_PCGEN3_takoPouch_MCBlk.et;{A666C7EA6A873558}Prefabs/Characters/Vests/Vest_PCGen_III_Pouches/Pouch_Highspeed_Bleeder_MCBlk.et;{2977DB904383A3DB}Prefabs/Characters/Vests/Vest_PCGen_III_Pouches/Pouch_Shaw_ARC_Admin_MC_Blk.et;{EC30B9F4596F1E57}Prefabs/Characters/Vests/Vest_PCGen_III_Pouches/Pouch_Highspeed_Pistol_MCBlk.et;{EC30B9F4596F1E57}Prefabs/Characters/Vests/Vest_PCGen_III_Pouches/Pouch_Highspeed_Pistol_MCBlk.et;{EC30B9F4596F1E57}Prefabs/Characters/Vests/Vest_PCGen_III_Pouches/Pouch_Highspeed_Pistol_MCBlk.et
vest_shaw_arc_preset_placard3mag_coy,{460B2DC21ECDC8AD}Prefabs/Characters/Vests/Vest_Shaw_ARC/Variants/Vest_Shaw_ARC_preset_placard3mag_coy.et,cash,1600,800,3,3,0,0,0,1,{D2613676C7299D8D}Prefabs/Characters/Vests/Vest_Shaw_ARC_Pouches/Pouch_Shaw_Placard_3Mags_Coy.et;{D1498D51EC5747DC}Prefabs/Characters/Vests/Vest_PCGen_III_Pouches/Pouch_Shaw_ARC_Admin_Coy.et;{063712DCDFB30053}Prefabs/Characters/Vests/Vest_PCGen_III_Pouches/Pouch_Shaw_Nerd_Mini.et
vest_shaw_arc_preset_placard4mag_coy,{CA0F20BDC612CB67}Prefabs/Characters/Vests/Vest_Shaw_ARC/Variants/Vest_Shaw_ARC_preset_placard4mag_coy.et,cash,1600,800,4,4,0,0,0,1,{FBC306A177DF1621}Prefabs/Characters/Vests/Vest_Shaw_ARC_Pouches/Pouch_Shaw_Placard_4Mags_Coy.et;{D075481CB65F1AB5}Prefabs/Characters/Vests/Vest_PCGen_III_Pouches/Pouch_Shaw_Raid.et;{063712DCDFB30053}Prefabs/Characters/Vests/Vest_PCGen_III_Pouches/Pouch_Shaw_Nerd_Mini.et;{77D939687560A1F0}Prefabs/Characters/Vests/Vest_PCGen_III_Pouches/Pouch_Shaw_Flex.et
vest_shaw_arc_preset_placard_coy,{6F0B52F8B46CE743}Prefabs/Characters/Vests/Vest_Shaw_ARC/Variants/Vest_Shaw_ARC_preset_placard_coy.et,cash,1600,800,3,3,0,0,0,1,{1FD189BDDCF89577}Prefabs/Characters/Vests/Vest_Shaw_ARC_Pouches/Pouch_Shaw_Placard_Elastic_Coy.et;{D075481CB65F1AB5}Prefabs/Characters/Vests/Vest_PCGen_III_Pouches/Pouch_Shaw_Raid.et;{D1498D51EC5747DC}Prefabs/Characters/Vests/Vest_PCGen_III_Pouches/Pouch_Shaw_ARC_Admin_Coy.et
vest_shaw_arc_preset_placard_m81,{36E0D303EFE1F364}Prefabs/Characters/Vests/Vest_Shaw_ARC/Variants/Vest_Shaw_ARC_preset_placard_m81.et,cash,340,170,3,3,0,0,0,1,{463A084687758150}Prefabs/Characters/Vests/Vest_Shaw_ARC_Pouches/Pouch_Shaw_Placard_Elastic_M81.et;{D48E0CD0AC15D4B2}Prefabs/Characters/Vests/Vest_PCGen_III_Pouches/Pouch_Shaw_Raid_M81.et;{88A20CAAB7DA53FB}Prefabs/Characters/Vests/Vest_PCGen_III_Pouches/Pouch_Shaw_ARC_Admin_M81.et
vest_sovietharness_ar,{4711A4CAF64C4CEE}Prefabs/Characters/Vests/Vest_SovietHarness/Variants/Vest_SovietHarness_AR.et,cash,40,20,6,5,80,40,1,1,{B699C9B282352EDE}Prefabs/Characters/Vests/Vest_SovietHarness/Vest_SovietHarness_Suspenders.et;{B6EEF03975F21E4E}Prefabs/Items/Equipment/Accessories/Pouch_Soviet_45rnd_RPK74/Pouch_Soviet_45rnd_RPK74.et;{B6EEF03975F21E4E}Prefabs/Items/Equipment/Accessories/Pouch_Soviet_45rnd_RPK74/Pouch_Soviet_45rnd_RPK74.et;{70BC751317551D9B}Prefabs/Items/Equipment/Canteens/Canteen_Soviet_01.et;{F759F0488730620F}Prefabs/Items/Equipment/Accessories/Scabbard_Bayonet_6Kh4/Scabbard_Bayonet_6Kh4.et;{98C79F5FAE12F9B6}Prefabs/Weapons/Attachments/Bayonets/Bayonet_6Kh4.et
vest_sovietharness_ar_black,{0684998C1B890BEC}Prefabs/Characters/Vests/Vest_SovietHarness/Variants/Vest_SovietHarness_AR_Black.et,cash,40,20,6,5,80,40,1,1,{F1C194CD245C9C59}Prefabs/Characters/Vests/Vest_SovietHarness/Vest_SovietHarness_Suspenders_Black.et;{D58833B85D5C777A}Prefabs/Items/Equipment/Accessories/Pouch_Soviet_45rnd_RPK74/Pouch_Soviet_45rnd_RPK74_Black.et;{D58833B85D5C777A}Prefabs/Items/Equipment/Accessories/Pouch_Soviet_45rnd_RPK74/Pouch_Soviet_45rnd_RPK74_Black.et;{62D174018D1046F5}Prefabs/Items/Equipment/Canteens/Canteen_Soviet_01_Black.et;{F759F0488730620F}Prefabs/Items/Equipment/Accessories/Scabbard_Bayonet_6Kh4/Scabbard_Bayonet_6Kh4.et;{98C79F5FAE12F9B6}Prefabs/Weapons/Attachments/Bayonets/Bayonet_6Kh4.et
vest_sovietharness_commander,{D8DDD4941197A929}Prefabs/Characters/Vests/Vest_SovietHarness/Variants/Vest_SovietHarness_Commander.et,cash,40,20,7,6,80,40,1,1,{B699C9B282352EDE}Prefabs/Characters/Vests/Vest_SovietHarness/Vest_SovietHarness_Suspenders.et;{C5A8B378E38AA4FF}Prefabs/Characters/Vests/Vest_SovietHarness/Vest_SovietHarness_GrenadePouch.et;{8C9F39278B899AE6}Prefabs/Items/Equipment/Accessories/Pouch_Soviet_30rnd_AK74/Pouch_Soviet_30rnd_AK74.et;{70BC751317551D9B}Prefabs/Items/Equipment/Canteens/Canteen_Soviet_01.et;{F759F0488730620F}Prefabs/Items/Equipment/Accessories/Scabbard_Bayonet_6Kh4/Scabbard_Bayonet_6Kh4.et;{98C79F5FAE12F9B6}Prefabs/Weapons/Attachments/Bayonets/Bayonet_6Kh4.et;{50084B2B2B8004FA}Prefabs/Items/Equipment/Accessories/Holster_PM/Holster_PM.et
vest_sovietharness_commander_black,{F4AC2175FE718ED4}Prefabs/Characters/Vests/Vest_SovietHarness/Variants/Vest_SovietHarness_Commander_Black.et,cash,40,20,7,6,80,40,1,1,{F1C194CD245C9C59}Prefabs/Characters/Vests/Vest_SovietHarness/Vest_SovietHarness_Suspenders_Black.et;{7F56A8069BEC01CE}Prefabs/Characters/Vests/Vest_SovietHarness/Vest_SovietHarness_GrenadePouch_Black.et;{EA5FBB191D7747AB}Prefabs/Items/Equipment/Accessories/Pouch_Soviet_30rnd_AK74/Pouch_Soviet_30rnd_AK74_Black.et;{62D174018D1046F5}Prefabs/Items/Equipment/Canteens/Canteen_Soviet_01_Black.et;{F759F0488730620F}Prefabs/Items/Equipment/Accessories/Scabbard_Bayonet_6Kh4/Scabbard_Bayonet_6Kh4.et;{98C79F5FAE12F9B6}Prefabs/Weapons/Attachments/Bayonets/Bayonet_6Kh4.et;{B55078010CC0FF57}Prefabs/Items/Equipment/Accessories/Holster_PM/Holster_PM_Black.et
vest_sovietharness_medic,{6726C63F4F56F12F}Prefabs/Characters/Vests/Vest_SovietHarness/Variants/Vest_SovietHarness_medic.et,cash,40,20,6,5,80,40,1,1,{B699C9B282352EDE}Prefabs/Characters/Vests/Vest_SovietHarness/Vest_SovietHarness_Suspenders.et;{D11383C5E70AAA89}Prefabs/Characters/Vests/Vest_SovietHarness/Vest_SovietHarness_MedicalPouch.et;{8C9F39278B899AE6}Prefabs/Items/Equipment/Accessories/Pouch_Soviet_30rnd_AK74/Pouch_Soviet_30rnd_AK74.et;{70BC751317551D9B}Prefabs/Items/Equipment/Canteens/Canteen_Soviet_01.et;{F759F0488730620F}Prefabs/Items/Equipment/Accessories/Scabbard_Bayonet_6Kh4/Scabbard_Bayonet_6Kh4.et;{98C79F5FAE12F9B6}Prefabs/Weapons/Attachments/Bayonets/Bayonet_6Kh4.et
vest_sovietharness_medic_black,{24D075FF9267099A}Prefabs/Characters/Vests/Vest_SovietHarness/Variants/Vest_SovietHarness_medic_Black.et,cash,40,20,6,5,80,40,1,1,{F1C194CD245C9C59}Prefabs/Characters/Vests/Vest_SovietHarness/Vest_SovietHarness_Suspenders_Black.et;{D11383C5E70AAA89}Prefabs/Characters/Vests/Vest_SovietHarness/Vest_SovietHarness_MedicalPouch.et;{EA5FBB191D7747AB}Prefabs/Items/Equipment/Accessories/Pouch_Soviet_30rnd_AK74/Pouch_Soviet_30rnd_AK74_Black.et;{62D174018D1046F5}Prefabs/Items/Equipment/Canteens/Canteen_Soviet_01_Black.et;{F759F0488730620F}Prefabs/Items/Equipment/Accessories/Scabbard_Bayonet_6Kh4/Scabbard_Bayonet_6Kh4.et;{98C79F5FAE12F9B6}Prefabs/Weapons/Attachments/Bayonets/Bayonet_6Kh4.et
vest_sovietharness_mg,{15067AD09803580D}Prefabs/Characters/Vests/Vest_SovietHarness/Variants/Vest_SovietHarness_MG.et,cash,40,20,6,5,80,40,1,1,{B699C9B282352EDE}Prefabs/Characters/Vests/Vest_SovietHarness/Vest_SovietHarness_Suspenders.et;{F03EAAE51C256CFA}Prefabs/Items/Equipment/Accessories/Pouch_Soviet_100rnd_PKM/Pouch_Soviet_100rnd_PKM.et;{50084B2B2B8004FA}Prefabs/Items/Equipment/Accessories/Holster_PM/Holster_PM.et;{70BC751317551D9B}Prefabs/Items/Equipment/Canteens/Canteen_Soviet_01.et;{F759F0488730620F}Prefabs/Items/Equipment/Accessories/Scabbard_Bayonet_6Kh4/Scabbard_Bayonet_6Kh4.et;{98C79F5FAE12F9B6}Prefabs/Weapons/Attachments/Bayonets/Bayonet_6Kh4.et
vest_sovietharness_mg_black,{9344E8C1A7CABF8D}Prefabs/Characters/Vests/Vest_SovietHarness/Variants/Vest_SovietHarness_MG_Black.et,cash,40,20,6,5,80,40,1,1,{F1C194CD245C9C59}Prefabs/Characters/Vests/Vest_SovietHarness/Vest_SovietHarness_Suspenders_Black.et;{F03EAAE51C256CFA}Prefabs/Items/Equipment/Accessories/Pouch_Soviet_100rnd_PKM/Pouch_Soviet_100rnd_PKM.et;{B55078010CC0FF57}Prefabs/Items/Equipment/Accessories/Holster_PM/Holster_PM_Black.et;{62D174018D1046F5}Prefabs/Items/Equipment/Canteens/Canteen_Soviet_01_Black.et;{F759F0488730620F}Prefabs/Items/Equipment/Accessories/Scabbard_Bayonet_6Kh4/Scabbard_Bayonet_6Kh4.et;{98C79F5FAE12F9B6}Prefabs/Weapons/Attachments/Bayonets/Bayonet_6Kh4.et
vest_sovietharness_officer,{F2D03ED36FAC87FF}Prefabs/Characters/Vests/Vest_SovietHarness/Variants/Vest_SovietHarness_officer.et,cash,40,20,6,5,80,40,1,1,{B699C9B282352EDE}Prefabs/Characters/Vests/Vest_SovietHarness/Vest_SovietHarness_Suspenders.et;{D3C36A56E140D8AB}Prefabs/Items/Equipment/Accessories/Holster_PM/Holster_PM_magpouch.et;{70BC751317551D9B}Prefabs/Items/Equipment/Canteens/Canteen_Soviet_01.et;{F759F0488730620F}Prefabs/Items/Equipment/Accessories/Scabbard_Bayonet_6Kh4/Scabbard_Bayonet_6Kh4.et;{98C79F5FAE12F9B6}Prefabs/Weapons/Attachments/Bayonets/Bayonet_6Kh4.et;{50084B2B2B8004FA}Prefabs/Items/Equipment/Accessories/Holster_PM/Holster_PM.et
vest_sovietharness_officer_black,{6065A0A410E65A45}Prefabs/Characters/Vests/Vest_SovietHarness/Variants/Vest_SovietHarness_officer_Black.et,cash,40,20,6,5,80,40,1,1,{F1C194CD245C9C59}Prefabs/Characters/Vests/Vest_SovietHarness/Vest_SovietHarness_Suspenders_Black.et;{9BD20A721C3BF593}Prefabs/Items/Equipment/Accessories/Holster_PM/Holster_PM_magpouch_Black.et;{62D174018D1046F5}Prefabs/Items/Equipment/Canteens/Canteen_Soviet_01_Black.et;{F759F0488730620F}Prefabs/Items/Equipment/Accessories/Scabbard_Bayonet_6Kh4/Scabbard_Bayonet_6Kh4.et;{98C79F5FAE12F9B6}Prefabs/Weapons/Attachments/Bayonets/Bayonet_6Kh4.et;{B55078010CC0FF57}Prefabs/Items/Equipment/Accessories/Holster_PM/Holster_PM_Black.et
vest_sovietharness_rifleman,{08155E701A949620}Prefabs/Characters/Vests/Vest_SovietHarness/Variants/Vest_SovietHarness_rifleman.et,cash,40,20,6,5,80,40,1,1,{B699C9B282352EDE}Prefabs/Characters/Vests/Vest_SovietHarness/Vest_SovietHarness_Suspenders.et;{C5A8B378E38AA4FF}Prefabs/Characters/Vests/Vest_SovietHarness/Vest_SovietHarness_GrenadePouch.et;{8C9F39278B899AE6}Prefabs/Items/Equipment/Accessories/Pouch_Soviet_30rnd_AK74/Pouch_Soviet_30rnd_AK74.et;{70BC751317551D9B}Prefabs/Items/Equipment/Canteens/Canteen_Soviet_01.et;{F759F0488730620F}Prefabs/Items/Equipment/Accessories/Scabbard_Bayonet_6Kh4/Scabbard_Bayonet_6Kh4.et;{98C79F5FAE12F9B6}Prefabs/Weapons/Attachments/Bayonets/Bayonet_6Kh4.et
vest_sovietharness_rifleman_black,{FD2EF7E70C8C0441}Prefabs/Characters/Vests/Vest_SovietHarness/Variants/Vest_SovietHarness_rifleman_Black.et,cash,40,20,6,5,80,40,1,1,{F1C194CD245C9C59}Prefabs/Characters/Vests/Vest_SovietHarness/Vest_SovietHarness_Suspenders_Black.et;{7F56A8069BEC01CE}Prefabs/Characters/Vests/Vest_SovietHarness/Vest_SovietHarness_GrenadePouch_Black.et;{EA5FBB191D7747AB}Prefabs/Items/Equipment/Accessories/Pouch_Soviet_30rnd_AK74/Pouch_Soviet_30rnd_AK74_Black.et;{62D174018D1046F5}Prefabs/Items/Equipment/Canteens/Canteen_Soviet_01_Black.et;{F759F0488730620F}Prefabs/Items/Equipment/Accessories/Scabbard_Bayonet_6Kh4/Scabbard_Bayonet_6Kh4.et;{98C79F5FAE12F9B6}Prefabs/Weapons/Attachments/Bayonets/Bayonet_6Kh4.et
vest_sovietharness_sharpshooter,{12C8933903D18885}Prefabs/Characters/Vests/Vest_SovietHarness/Variants/Vest_SovietHarness_sharpshooter.et,cash,40,20,6,5,80,40,1,1,{B699C9B282352EDE}Prefabs/Characters/Vests/Vest_SovietHarness/Vest_SovietHarness_Suspenders.et;{C5A8B378E38AA4FF}Prefabs/Characters/Vests/Vest_SovietHarness/Vest_SovietHarness_GrenadePouch.et;{A01218E4F8EE0DE7}Prefabs/Items/Equipment/Accessories/Pouch_Soviet_10rnd_SVD/Pouch_Soviet_10rnd_SVD.et;{70BC751317551D9B}Prefabs/Items/Equipment/Canteens/Canteen_Soviet_01.et;{F759F0488730620F}Prefabs/Items/Equipment/Accessories/Scabbard_Bayonet_6Kh4/Scabbard_Bayonet_6Kh4.et;{98C79F5FAE12F9B6}Prefabs/Weapons/Attachments/Bayonets/Bayonet_6Kh4.et
vest_sovietharness_sharpshooter_black,{B2D127CB5D584A75}Prefabs/Characters/Vests/Vest_SovietHarness/Variants/Vest_SovietHarness_sharpshooter_Black.et,cash,40,20,6,5,80,40,1,1,{F1C194CD245C9C59}Prefabs/Characters/Vests/Vest_SovietHarness/Vest_SovietHarness_Suspenders_Black.et;{7F56A8069BEC01CE}Prefabs/Characters/Vests/Vest_SovietHarness/Vest_SovietHarness_GrenadePouch_Black.et;{A01218E4F8EE0DE7}Prefabs/Items/Equipment/Accessories/Pouch_Soviet_10rnd_SVD/Pouch_Soviet_10rnd_SVD.et;{62D174018D1046F5}Prefabs/Items/Equipment/Canteens/Canteen_Soviet_01_Black.et;{F759F0488730620F}Prefabs/Items/Equipment/Accessories/Scabbard_Bayonet_6Kh4/Scabbard_Bayonet_6Kh4.et;{98C79F5FAE12F9B6}Prefabs/Weapons/Attachments/Bayonets/Bayonet_6Kh4.et
vest_sru21p,{F396524995F06BFA}Prefabs/Characters/Vests/Vest_SRU21P/Vest_SRU21P.et,cash,220,110,0,0,0,0,0,1,
vest_taktika,{A20DC15BF24DBE17}Prefabs/Characters/Vests/Vest_Taktika/Vest_Taktika.et,cash,1600,800,4,0,1100,550,0,1,{FF692FD5AFD43076}Prefabs/Characters/Vests/Vest_Ratnik_6B45/Plates/DestructibleArmorPlate_6B45_Granit_Front.et;{1486E991C03BE661}Prefabs/Characters/Vests/Vest_Ratnik_6B45/Plates/DestructibleArmorPlate_6B45_Granit_Back.et;{A5C382FA198BE68A}Prefabs/Characters/Vests/Vest_Taktika/Plates/DestructibleArmorPlate_Taktika_br4_side_LEFT.et;{F59ADAE6AF1A0AE3}Prefabs/Characters/Vests/Vest_Taktika/Plates/DestructibleArmorPlate_Taktika_br4_side_RIGHT.et
vest_taktika_belt_arsarma_1,{80D146923D4A34FE}Prefabs/Characters/Vests/Vest_Taktika/Variants/Vest_Taktika_belt_arsarma_1.et,cash,280,140,18,18,0,0,0,1,{ED5CC8EF6293F9DE}Prefabs/Characters/Vests/Vest_Taktika_Pouches/Pouch_Taktika_magpouch_morphed_base.et;{ED5CC8EF6293F9DE}Prefabs/Characters/Vests/Vest_Taktika_Pouches/Pouch_Taktika_magpouch_morphed_base.et;{FDE201F7E7F064EE}Prefabs/Characters/Vests/Vest_Taktika_Pouches/Pouch_Taktika_magpouch_base.et;{FDE201F7E7F064EE}Prefabs/Characters/Vests/Vest_Taktika_Pouches/Pouch_Taktika_magpouch_base.et;{B949AD0954715B54}Prefabs/Characters/Vests/Vest_TV110_Pouches/Pouch_UP111_radioClosed_FG.et;{29F12A128C12B660}Prefabs/Characters/Vests/Vest_Taktika_Pouches/Pouch_Taktika_holster.et;{FDE201F7E7F064EE}Prefabs/Characters/Vests/Vest_Taktika_Pouches/Pouch_Taktika_magpouch_base.et;{FDE201F7E7F064EE}Prefabs/Characters/Vests/Vest_Taktika_Pouches/Pouch_Taktika_magpouch_base.et;{F5B31B4BAA318B4D}Prefabs/Characters/Vests/Vest_Taktika_Pouches/Pouch_Taktika_magpouch_pistol.et;{F5B31B4BAA318B4D}Prefabs/Characters/Vests/Vest_Taktika_Pouches/Pouch_Taktika_magpouch_pistol.et;{0AA53CB4EA5DBC32}Prefabs/Characters/Vests/Vest_Ratnik_Pouches/Pouch_6x9Scabbard.et;{0DD442AA74F78952}Prefabs/Characters/Vests/Vest_Taktika_Pouches/Pouch_Taktika_droppouch.et;{BE49825BE35FC8F4}Prefabs/Characters/Vests/Vest_TV110_Pouches/Pouch_GP106_RGD_Pouch_2_FG.et;{85FF4B7AC75F41F4}Prefabs/Characters/Vests/Vest_TV110_Pouches/Pouch_GP106_RGD_Pouch_FG.et;{481F45BF8BF07037}Prefabs/Characters/Vests/Vest_Taktika_Pouches/Pouch_ArsArma_magouch_morphed_MC.et;{CCEC6694F57081B1}Prefabs/Characters/Vests/Vest_Taktika_Pouches/Pouch_Taktika_medpouch.et;{10222E2CF0B96A05}Prefabs/Characters/Vests/Vest_TV110_Pouches/Pouch_UP102_Admin_small_FG.et;{C9E74AC3DE3F2861}Prefabs/Characters/Vests/Vest_TV110_Pouches/Pouch_UP109_utillmid_FG.et
vest_taktika_belt_arsarma_medic,{911D35D01C9A0FAF}Prefabs/Characters/Vests/Vest_Taktika/Variants/Vest_Taktika_belt_arsarma_medic.et,cash,220,110,17,17,0,0,0,1,{25DA77988320DACA}Prefabs/Characters/Vests/Vest_Taktika_Pouches/Pouch_ArsArma_magouch_morphed_ATACS.et;{25DA77988320DACA}Prefabs/Characters/Vests/Vest_Taktika_Pouches/Pouch_ArsArma_magouch_morphed_ATACS.et;{FDE201F7E7F064EE}Prefabs/Characters/Vests/Vest_Taktika_Pouches/Pouch_Taktika_magpouch_base.et;{FDE201F7E7F064EE}Prefabs/Characters/Vests/Vest_Taktika_Pouches/Pouch_Taktika_magpouch_base.et;{ED5CC8EF6293F9DE}Prefabs/Characters/Vests/Vest_Taktika_Pouches/Pouch_Taktika_magpouch_morphed_base.et;{D2AB94F8D7308261}Prefabs/Characters/Vests/Vest_TV110_Pouches/Pouch_HP103_Holster_FG.et;{3C31667ADEE0FB2C}Prefabs/Characters/Vests/Vest_TV110_Pouches/Pouch_UP108_utillong_FG.et;{CCEC6694F57081B1}Prefabs/Characters/Vests/Vest_Taktika_Pouches/Pouch_Taktika_medpouch.et;{FDE201F7E7F064EE}Prefabs/Characters/Vests/Vest_Taktika_Pouches/Pouch_Taktika_magpouch_base.et;{A9C440EBE0350BD1}Prefabs/Characters/Vests/Vest_Taktika_Pouches/Pouch_Taktika_universalpouch_atacs.et;{B949AD0954715B54}Prefabs/Characters/Vests/Vest_TV110_Pouches/Pouch_UP111_radioClosed_FG.et;{14E044018E49CD65}Prefabs/Characters/Vests/Vest_TV110_Pouches/Pouch_UP103_Medkit_FG.et;{0DD442AA74F78952}Prefabs/Characters/Vests/Vest_Taktika_Pouches/Pouch_Taktika_droppouch.et;{000CB5B80F265416}Prefabs/Characters/Vests/Vest_TV110_Pouches/Pouch_MP118_PistolTako2_FG.et;{BE49825BE35FC8F4}Prefabs/Characters/Vests/Vest_TV110_Pouches/Pouch_GP106_RGD_Pouch_2_FG.et;{85FF4B7AC75F41F4}Prefabs/Characters/Vests/Vest_TV110_Pouches/Pouch_GP106_RGD_Pouch_FG.et;{000CB5B80F265416}Prefabs/Characters/Vests/Vest_TV110_Pouches/Pouch_MP118_PistolTako2_FG.et
vest_taktika_belt_taktika_1,{14712B6C95CA8557}Prefabs/Characters/Vests/Vest_Taktika/Variants/Vest_Taktika_belt_taktika_1.et,cash,280,140,22,22,0,0,0,1,{ED5CC8EF6293F9DE}Prefabs/Characters/Vests/Vest_Taktika_Pouches/Pouch_Taktika_magpouch_morphed_base.et;{FDE201F7E7F064EE}Prefabs/Characters/Vests/Vest_Taktika_Pouches/Pouch_Taktika_magpouch_base.et;{ED5CC8EF6293F9DE}Prefabs/Characters/Vests/Vest_Taktika_Pouches/Pouch_Taktika_magpouch_morphed_base.et;{ED5CC8EF6293F9DE}Prefabs/Characters/Vests/Vest_Taktika_Pouches/Pouch_Taktika_magpouch_morphed_base.et;{29F12A128C12B660}Prefabs/Characters/Vests/Vest_Taktika_Pouches/Pouch_Taktika_holster.et;{B949AD0954715B54}Prefabs/Characters/Vests/Vest_TV110_Pouches/Pouch_UP111_radioClosed_FG.et;{FDE201F7E7F064EE}Prefabs/Characters/Vests/Vest_Taktika_Pouches/Pouch_Taktika_magpouch_base.et;{ED5CC8EF6293F9DE}Prefabs/Characters/Vests/Vest_Taktika_Pouches/Pouch_Taktika_magpouch_morphed_base.et;{F5B31B4BAA318B4D}Prefabs/Characters/Vests/Vest_Taktika_Pouches/Pouch_Taktika_magpouch_pistol.et;{30E75FD05D8AB76A}Prefabs/Characters/Vests/Vest_TV110_Pouches/Pouch_MP111_PistolClosed_FG.et;{5063FC55C40B6B26}Prefabs/Characters/Vests/Vest_TV110_Pouches/Pouch_MP111_PistolClosed2_FG.et;{A9C440EBE0350BD1}Prefabs/Characters/Vests/Vest_Taktika_Pouches/Pouch_Taktika_universalpouch_atacs.et;{CA5F52C8B7B0E655}Prefabs/Characters/Vests/Vest_TV110_Pouches/Pouch_UP113_DropPouch_FG.et;{25DA77988320DACA}Prefabs/Characters/Vests/Vest_Taktika_Pouches/Pouch_ArsArma_magouch_morphed_ATACS.et;{ADA0E7B72C9BBF75}Prefabs/Characters/Vests/Vest_TV110_Pouches/Pouch_UP104_utilmini_FG.et;{5409A90C23ADA30B}Prefabs/Characters/Vests/Vest_TV110_Pouches/Pouch_UP101_Admin_big_FG.et;{14E044018E49CD65}Prefabs/Characters/Vests/Vest_TV110_Pouches/Pouch_UP103_Medkit_FG.et;{85FF4B7AC75F41F4}Prefabs/Characters/Vests/Vest_TV110_Pouches/Pouch_GP106_RGD_Pouch_FG.et;{BE49825BE35FC8F4}Prefabs/Characters/Vests/Vest_TV110_Pouches/Pouch_GP106_RGD_Pouch_2_FG.et;{BE49825BE35FC8F4}Prefabs/Characters/Vests/Vest_TV110_Pouches/Pouch_GP106_RGD_Pouch_2_FG.et;{85FF4B7AC75F41F4}Prefabs/Characters/Vests/Vest_TV110_Pouches/Pouch_GP106_RGD_Pouch_FG.et;{BE49825BE35FC8F4}Prefabs/Characters/Vests/Vest_TV110_Pouches/Pouch_GP106_RGD_Pouch_2_FG.et
vest_taktika_belt_taktika_2,{F254E788F78CC303}Prefabs/Characters/Vests/Vest_Taktika/Variants/Vest_Taktika_belt_taktika_2.et,cash,280,140,18,18,0,0,0,1,{FDE201F7E7F064EE}Prefabs/Characters/Vests/Vest_Taktika_Pouches/Pouch_Taktika_magpouch_base.et;{FDE201F7E7F064EE}Prefabs/Characters/Vests/Vest_Taktika_Pouches/Pouch_Taktika_magpouch_base.et;{FDE201F7E7F064EE}Prefabs/Characters/Vests/Vest_Taktika_Pouches/Pouch_Taktika_magpouch_base.et;{FDE201F7E7F064EE}Prefabs/Characters/Vests/Vest_Taktika_Pouches/Pouch_Taktika_magpouch_base.et;{B949AD0954715B54}Prefabs/Characters/Vests/Vest_TV110_Pouches/Pouch_UP111_radioClosed_FG.et;{CCEC6694F57081B1}Prefabs/Characters/Vests/Vest_Taktika_Pouches/Pouch_Taktika_medpouch.et;{C9E74AC3DE3F2861}Prefabs/Characters/Vests/Vest_TV110_Pouches/Pouch_UP109_utillmid_FG.et;{29F12A128C12B660}Prefabs/Characters/Vests/Vest_Taktika_Pouches/Pouch_Taktika_holster.et;{24983E870ADF393C}Prefabs/Characters/Vests/Vest_TV110_Pouches/Pouch_MP118_PistolTako_FG.et;{000CB5B80F265416}Prefabs/Characters/Vests/Vest_TV110_Pouches/Pouch_MP118_PistolTako2_FG.et;{F5B31B4BAA318B4D}Prefabs/Characters/Vests/Vest_Taktika_Pouches/Pouch_Taktika_magpouch_pistol.et;{F5B31B4BAA318B4D}Prefabs/Characters/Vests/Vest_Taktika_Pouches/Pouch_Taktika_magpouch_pistol.et;{FDE201F7E7F064EE}Prefabs/Characters/Vests/Vest_Taktika_Pouches/Pouch_Taktika_magpouch_base.et;{25DA77988320DACA}Prefabs/Characters/Vests/Vest_Taktika_Pouches/Pouch_ArsArma_magouch_morphed_ATACS.et;{0DD442AA74F78952}Prefabs/Characters/Vests/Vest_Taktika_Pouches/Pouch_Taktika_droppouch.et;{F95BF1BD612D3B38}Prefabs/Characters/Vests/Vest_TV110_Pouches/Pouch_UP118_fannypack_FG.et;{BE49825BE35FC8F4}Prefabs/Characters/Vests/Vest_TV110_Pouches/Pouch_GP106_RGD_Pouch_2_FG.et;{85FF4B7AC75F41F4}Prefabs/Characters/Vests/Vest_TV110_Pouches/Pouch_GP106_RGD_Pouch_FG.et
vest_taktika_black,{3EE5D06F1BB8F48F}Prefabs/Characters/Vests/Vest_Taktika/Vest_Taktika_black.et,cash,1600,800,4,0,1100,550,0,1,{FF692FD5AFD43076}Prefabs/Characters/Vests/Vest_Ratnik_6B45/Plates/DestructibleArmorPlate_6B45_Granit_Front.et;{1486E991C03BE661}Prefabs/Characters/Vests/Vest_Ratnik_6B45/Plates/DestructibleArmorPlate_6B45_Granit_Back.et;{A5C382FA198BE68A}Prefabs/Characters/Vests/Vest_Taktika/Plates/DestructibleArmorPlate_Taktika_br4_side_LEFT.et;{F59ADAE6AF1A0AE3}Prefabs/Characters/Vests/Vest_Taktika/Plates/DestructibleArmorPlate_Taktika_br4_side_RIGHT.et
vest_taktika_full_protection,{2EF73246A529FFA6}Prefabs/Characters/Vests/Vest_Taktika/Vest_Taktika_full_protection.et,cash,1600,800,8,3,1350,675,0,1,{FF692FD5AFD43076}Prefabs/Characters/Vests/Vest_Ratnik_6B45/Plates/DestructibleArmorPlate_6B45_Granit_Front.et;{1486E991C03BE661}Prefabs/Characters/Vests/Vest_Ratnik_6B45/Plates/DestructibleArmorPlate_6B45_Granit_Back.et;{A5C382FA198BE68A}Prefabs/Characters/Vests/Vest_Taktika/Plates/DestructibleArmorPlate_Taktika_br4_side_LEFT.et;{F59ADAE6AF1A0AE3}Prefabs/Characters/Vests/Vest_Taktika/Plates/DestructibleArmorPlate_Taktika_br4_side_RIGHT.et;{9975F233E7C9FA4D}Prefabs/Characters/Vests/Vest_Taktika/attachment_Taktika_Groin_protection.et;{FFD2DF52DDC35ECA}Prefabs/Characters/Vests/Vest_Taktika/attachment_Taktika_Arms_protection.et;{B88A5124BF7CF304}Prefabs/Characters/Vests/Vest_Taktika/Plates/DestructibleArmorPlate_Taktika_br4_balls.et;{98A1C7720C81174F}Prefabs/Characters/Vests/Vest_Taktika/attachment_Taktika_neck_protection.et
vest_taktika_full_protection_blk,{4A0E74A0D68AE861}Prefabs/Characters/Vests/Vest_Taktika/Vest_Taktika_full_protection_blk.et,cash,1600,800,8,3,1350,675,0,1,{FF692FD5AFD43076}Prefabs/Characters/Vests/Vest_Ratnik_6B45/Plates/DestructibleArmorPlate_6B45_Granit_Front.et;{1486E991C03BE661}Prefabs/Characters/Vests/Vest_Ratnik_6B45/Plates/DestructibleArmorPlate_6B45_Granit_Back.et;{A5C382FA198BE68A}Prefabs/Characters/Vests/Vest_Taktika/Plates/DestructibleArmorPlate_Taktika_br4_side_LEFT.et;{F59ADAE6AF1A0AE3}Prefabs/Characters/Vests/Vest_Taktika/Plates/DestructibleArmorPlate_Taktika_br4_side_RIGHT.et;{3C9B7B520465E2F9}Prefabs/Characters/Vests/Vest_Taktika/attachment_Taktika_Groin_protection_black.et;{60D03DFEAA4AFDCA}Prefabs/Characters/Vests/Vest_Taktika/attachment_Taktika_Arms_protection_black.et;{B88A5124BF7CF304}Prefabs/Characters/Vests/Vest_Taktika/Plates/DestructibleArmorPlate_Taktika_br4_balls.et;{633F2ED2026A8AA6}Prefabs/Characters/Vests/Vest_Taktika/attachment_Taktika_neck_protection_black.et
vest_taktika_groin_neck_protection,{436D20807E4334A9}Prefabs/Characters/Vests/Vest_Taktika/Vest_Taktika_groin_neck_protection.et,cash,1600,800,7,2,1350,675,0,1,{FF692FD5AFD43076}Prefabs/Characters/Vests/Vest_Ratnik_6B45/Plates/DestructibleArmorPlate_6B45_Granit_Front.et;{1486E991C03BE661}Prefabs/Characters/Vests/Vest_Ratnik_6B45/Plates/DestructibleArmorPlate_6B45_Granit_Back.et;{A5C382FA198BE68A}Prefabs/Characters/Vests/Vest_Taktika/Plates/DestructibleArmorPlate_Taktika_br4_side_LEFT.et;{F59ADAE6AF1A0AE3}Prefabs/Characters/Vests/Vest_Taktika/Plates/DestructibleArmorPlate_Taktika_br4_side_RIGHT.et;{9975F233E7C9FA4D}Prefabs/Characters/Vests/Vest_Taktika/attachment_Taktika_Groin_protection.et;{B88A5124BF7CF304}Prefabs/Characters/Vests/Vest_Taktika/Plates/DestructibleArmorPlate_Taktika_br4_balls.et;{98A1C7720C81174F}Prefabs/Characters/Vests/Vest_Taktika/attachment_Taktika_neck_protection.et
vest_taktika_groin_neck_protection_black,{78F581E06303E870}Prefabs/Characters/Vests/Vest_Taktika/Vest_Taktika_groin_neck_protection_black.et,cash,1600,800,7,2,1350,675,0,1,{FF692FD5AFD43076}Prefabs/Characters/Vests/Vest_Ratnik_6B45/Plates/DestructibleArmorPlate_6B45_Granit_Front.et;{1486E991C03BE661}Prefabs/Characters/Vests/Vest_Ratnik_6B45/Plates/DestructibleArmorPlate_6B45_Granit_Back.et;{A5C382FA198BE68A}Prefabs/Characters/Vests/Vest_Taktika/Plates/DestructibleArmorPlate_Taktika_br4_side_LEFT.et;{F59ADAE6AF1A0AE3}Prefabs/Characters/Vests/Vest_Taktika/Plates/DestructibleArmorPlate_Taktika_br4_side_RIGHT.et;{3C9B7B520465E2F9}Prefabs/Characters/Vests/Vest_Taktika/attachment_Taktika_Groin_protection_black.et;{B88A5124BF7CF304}Prefabs/Characters/Vests/Vest_Taktika/Plates/DestructibleArmorPlate_Taktika_br4_balls.et;{633F2ED2026A8AA6}Prefabs/Characters/Vests/Vest_Taktika/attachment_Taktika_neck_protection_black.et
vest_taktika_groinprotection,{F3D417A73D06E54C}Prefabs/Characters/Vests/Vest_Taktika/Vest_Taktika_groinProtection.et,cash,1600,800,6,1,1350,675,0,1,{FF692FD5AFD43076}Prefabs/Characters/Vests/Vest_Ratnik_6B45/Plates/DestructibleArmorPlate_6B45_Granit_Front.et;{1486E991C03BE661}Prefabs/Characters/Vests/Vest_Ratnik_6B45/Plates/DestructibleArmorPlate_6B45_Granit_Back.et;{A5C382FA198BE68A}Prefabs/Characters/Vests/Vest_Taktika/Plates/DestructibleArmorPlate_Taktika_br4_side_LEFT.et;{F59ADAE6AF1A0AE3}Prefabs/Characters/Vests/Vest_Taktika/Plates/DestructibleArmorPlate_Taktika_br4_side_RIGHT.et;{9975F233E7C9FA4D}Prefabs/Characters/Vests/Vest_Taktika/attachment_Taktika_Groin_protection.et;{B88A5124BF7CF304}Prefabs/Characters/Vests/Vest_Taktika/Plates/DestructibleArmorPlate_Taktika_br4_balls.et
vest_taktika_groinprotection_black,{CD38415A20E5DD22}Prefabs/Characters/Vests/Vest_Taktika/Vest_Taktika_groinProtection_black.et,cash,1600,800,6,1,1350,675,0,1,{FF692FD5AFD43076}Prefabs/Characters/Vests/Vest_Ratnik_6B45/Plates/DestructibleArmorPlate_6B45_Granit_Front.et;{1486E991C03BE661}Prefabs/Characters/Vests/Vest_Ratnik_6B45/Plates/DestructibleArmorPlate_6B45_Granit_Back.et;{A5C382FA198BE68A}Prefabs/Characters/Vests/Vest_Taktika/Plates/DestructibleArmorPlate_Taktika_br4_side_LEFT.et;{F59ADAE6AF1A0AE3}Prefabs/Characters/Vests/Vest_Taktika/Plates/DestructibleArmorPlate_Taktika_br4_side_RIGHT.et;{3C9B7B520465E2F9}Prefabs/Characters/Vests/Vest_Taktika/attachment_Taktika_Groin_protection_black.et;{B88A5124BF7CF304}Prefabs/Characters/Vests/Vest_Taktika/Plates/DestructibleArmorPlate_Taktika_br4_balls.et
vest_taktika_neck_arms_protection,{6E7C8E41DEAD9172}Prefabs/Characters/Vests/Vest_Taktika/Vest_Taktika_neck_arms_protection.et,cash,1600,800,6,2,1100,550,0,1,{FF692FD5AFD43076}Prefabs/Characters/Vests/Vest_Ratnik_6B45/Plates/DestructibleArmorPlate_6B45_Granit_Front.et;{1486E991C03BE661}Prefabs/Characters/Vests/Vest_Ratnik_6B45/Plates/DestructibleArmorPlate_6B45_Granit_Back.et;{A5C382FA198BE68A}Prefabs/Characters/Vests/Vest_Taktika/Plates/DestructibleArmorPlate_Taktika_br4_side_LEFT.et;{F59ADAE6AF1A0AE3}Prefabs/Characters/Vests/Vest_Taktika/Plates/DestructibleArmorPlate_Taktika_br4_side_RIGHT.et;{FFD2DF52DDC35ECA}Prefabs/Characters/Vests/Vest_Taktika/attachment_Taktika_Arms_protection.et;{98A1C7720C81174F}Prefabs/Characters/Vests/Vest_Taktika/attachment_Taktika_neck_protection.et
vest_taktika_neck_arms_protection_black,{7513BB41AE20C536}Prefabs/Characters/Vests/Vest_Taktika/Vest_Taktika_neck_arms_protection_black.et,cash,1600,800,6,2,1100,550,0,1,{FF692FD5AFD43076}Prefabs/Characters/Vests/Vest_Ratnik_6B45/Plates/DestructibleArmorPlate_6B45_Granit_Front.et;{1486E991C03BE661}Prefabs/Characters/Vests/Vest_Ratnik_6B45/Plates/DestructibleArmorPlate_6B45_Granit_Back.et;{A5C382FA198BE68A}Prefabs/Characters/Vests/Vest_Taktika/Plates/DestructibleArmorPlate_Taktika_br4_side_LEFT.et;{F59ADAE6AF1A0AE3}Prefabs/Characters/Vests/Vest_Taktika/Plates/DestructibleArmorPlate_Taktika_br4_side_RIGHT.et;{60D03DFEAA4AFDCA}Prefabs/Characters/Vests/Vest_Taktika/attachment_Taktika_Arms_protection_black.et;{633F2ED2026A8AA6}Prefabs/Characters/Vests/Vest_Taktika/attachment_Taktika_neck_protection_black.et
vest_taktika_neck_protection,{2489DFC640972D32}Prefabs/Characters/Vests/Vest_Taktika/Vest_Taktika_neck_protection.et,cash,1600,800,5,1,1100,550,0,1,{FF692FD5AFD43076}Prefabs/Characters/Vests/Vest_Ratnik_6B45/Plates/DestructibleArmorPlate_6B45_Granit_Front.et;{1486E991C03BE661}Prefabs/Characters/Vests/Vest_Ratnik_6B45/Plates/DestructibleArmorPlate_6B45_Granit_Back.et;{A5C382FA198BE68A}Prefabs/Characters/Vests/Vest_Taktika/Plates/DestructibleArmorPlate_Taktika_br4_side_LEFT.et;{F59ADAE6AF1A0AE3}Prefabs/Characters/Vests/Vest_Taktika/Plates/DestructibleArmorPlate_Taktika_br4_side_RIGHT.et;{98A1C7720C81174F}Prefabs/Characters/Vests/Vest_Taktika/attachment_Taktika_neck_protection.et
vest_taktika_neck_protection_black,{E8E7EBA5BA46F188}Prefabs/Characters/Vests/Vest_Taktika/Vest_Taktika_neck_protection_black.et,cash,1600,800,5,1,1100,550,0,1,{FF692FD5AFD43076}Prefabs/Characters/Vests/Vest_Ratnik_6B45/Plates/DestructibleArmorPlate_6B45_Granit_Front.et;{1486E991C03BE661}Prefabs/Characters/Vests/Vest_Ratnik_6B45/Plates/DestructibleArmorPlate_6B45_Granit_Back.et;{A5C382FA198BE68A}Prefabs/Characters/Vests/Vest_Taktika/Plates/DestructibleArmorPlate_Taktika_br4_side_LEFT.et;{F59ADAE6AF1A0AE3}Prefabs/Characters/Vests/Vest_Taktika/Plates/DestructibleArmorPlate_Taktika_br4_side_RIGHT.et;{633F2ED2026A8AA6}Prefabs/Characters/Vests/Vest_Taktika/attachment_Taktika_neck_protection_black.et
vest_taktika_no_belt,{865838FEF9AF7B4A}Prefabs/Characters/Vests/Vest_Taktika/Variants/Vest_Taktika_no_belt.et,cash,220,110,14,14,0,0,0,1,{FDE201F7E7F064EE}Prefabs/Characters/Vests/Vest_Taktika_Pouches/Pouch_Taktika_magpouch_base.et;{FDE201F7E7F064EE}Prefabs/Characters/Vests/Vest_Taktika_Pouches/Pouch_Taktika_magpouch_base.et;{FDE201F7E7F064EE}Prefabs/Characters/Vests/Vest_Taktika_Pouches/Pouch_Taktika_magpouch_base.et;{FDE201F7E7F064EE}Prefabs/Characters/Vests/Vest_Taktika_Pouches/Pouch_Taktika_magpouch_base.et;{61ED31AAF970DE24}Prefabs/Characters/Vests/Vest_Taktika_Pouches/Pouch_Taktika_radioPouch.et;{CCEC6694F57081B1}Prefabs/Characters/Vests/Vest_Taktika_Pouches/Pouch_Taktika_medpouch.et;{F5B31B4BAA318B4D}Prefabs/Characters/Vests/Vest_Taktika_Pouches/Pouch_Taktika_magpouch_pistol.et;{29F12A128C12B660}Prefabs/Characters/Vests/Vest_Taktika_Pouches/Pouch_Taktika_holster.et;{F5B31B4BAA318B4D}Prefabs/Characters/Vests/Vest_Taktika_Pouches/Pouch_Taktika_magpouch_pistol.et;{FDE201F7E7F064EE}Prefabs/Characters/Vests/Vest_Taktika_Pouches/Pouch_Taktika_magpouch_base.et;{387476A3EE584DEB}Prefabs/Characters/Vests/Vest_Taktika_Pouches/Pouch_Taktika_universalpouch_od.et;{FDE201F7E7F064EE}Prefabs/Characters/Vests/Vest_Taktika_Pouches/Pouch_Taktika_magpouch_base.et;{0DD442AA74F78952}Prefabs/Characters/Vests/Vest_Taktika_Pouches/Pouch_Taktika_droppouch.et;{B74CEF5B90667B42}Prefabs/Characters/Vests/Vest_TV110_Pouches/Pouch_UP105_utilbig_FG.et
vest_taktika_preset_black1,{6271455F27BB4EBE}Prefabs/Characters/Vests/Vest_Taktika/Variants/Vest_Taktika_preset_black1.et,cash,220,110,13,13,0,0,0,1,{714874DC0800451D}Prefabs/Characters/Vests/Vest_Taktika_Pouches/Pouch_Taktika_magpouch_open_BLK.et;{714874DC0800451D}Prefabs/Characters/Vests/Vest_Taktika_Pouches/Pouch_Taktika_magpouch_open_BLK.et;{714874DC0800451D}Prefabs/Characters/Vests/Vest_Taktika_Pouches/Pouch_Taktika_magpouch_open_BLK.et;{714874DC0800451D}Prefabs/Characters/Vests/Vest_Taktika_Pouches/Pouch_Taktika_magpouch_open_BLK.et;{F75348AF05B91DD7}Prefabs/Characters/Vests/Vest_Taktika_Pouches/Pouch_Taktika_holster_BLK.et;{70C774BCEB3FFAAE}Prefabs/Characters/Vests/Vest_Taktika_Pouches/Pouch_Taktika_medpouch_BLK.et;{84C4ED4CE6DD42F0}Prefabs/Characters/Vests/Vest_Taktika_Pouches/Pouch_Taktika_magpouch_pistol_BLK.et;{84C4ED4CE6DD42F0}Prefabs/Characters/Vests/Vest_Taktika_Pouches/Pouch_Taktika_magpouch_pistol_BLK.et;{A0A2D40DDEB93D94}Prefabs/Characters/Vests/Vest_Taktika_Pouches/Pouch_Taktika_droppouch_BLK.et;{BD1AE23200E4CA1E}Prefabs/Characters/Vests/Vest_Taktika_Pouches/Pouch_Taktika_radioPouch_BLK.et;{F999ABBF6AD34132}Prefabs/Characters/Vests/Vest_Taktika_Pouches/Pouch_Taktika_universalpouch_coy.et;{714874DC0800451D}Prefabs/Characters/Vests/Vest_Taktika_Pouches/Pouch_Taktika_magpouch_open_BLK.et;{714874DC0800451D}Prefabs/Characters/Vests/Vest_Taktika_Pouches/Pouch_Taktika_magpouch_open_BLK.et
vest_taktika_preset_black_ak,{035BA1DCD911D216}Prefabs/Characters/Vests/Vest_Taktika/Variants/Vest_Taktika_preset_black_AK.et,cash,220,110,13,13,0,0,0,1,{1E08A3259BF24A85}Prefabs/Characters/Vests/Vest_Taktika_Pouches/Pouch_Taktika_magpouch_morphed_BLK.et;{1E08A3259BF24A85}Prefabs/Characters/Vests/Vest_Taktika_Pouches/Pouch_Taktika_magpouch_morphed_BLK.et;{1E08A3259BF24A85}Prefabs/Characters/Vests/Vest_Taktika_Pouches/Pouch_Taktika_magpouch_morphed_BLK.et;{714874DC0800451D}Prefabs/Characters/Vests/Vest_Taktika_Pouches/Pouch_Taktika_magpouch_open_BLK.et;{F75348AF05B91DD7}Prefabs/Characters/Vests/Vest_Taktika_Pouches/Pouch_Taktika_holster_BLK.et;{70C774BCEB3FFAAE}Prefabs/Characters/Vests/Vest_Taktika_Pouches/Pouch_Taktika_medpouch_BLK.et;{84C4ED4CE6DD42F0}Prefabs/Characters/Vests/Vest_Taktika_Pouches/Pouch_Taktika_magpouch_pistol_BLK.et;{84C4ED4CE6DD42F0}Prefabs/Characters/Vests/Vest_Taktika_Pouches/Pouch_Taktika_magpouch_pistol_BLK.et;{A0A2D40DDEB93D94}Prefabs/Characters/Vests/Vest_Taktika_Pouches/Pouch_Taktika_droppouch_BLK.et;{BD1AE23200E4CA1E}Prefabs/Characters/Vests/Vest_Taktika_Pouches/Pouch_Taktika_radioPouch_BLK.et;{387476A3EE584DEB}Prefabs/Characters/Vests/Vest_Taktika_Pouches/Pouch_Taktika_universalpouch_od.et;{AC6188D5622701C2}Prefabs/Characters/Vests/Vest_Taktika_Pouches/Pouch_ArsArma_magouch_morphed_Blk.et;{AC6188D5622701C2}Prefabs/Characters/Vests/Vest_Taktika_Pouches/Pouch_ArsArma_magouch_morphed_Blk.et
vest_taktika_preset_black_gm94,{7DFE16A586CCD6A5}Prefabs/Characters/Vests/Vest_Taktika/Variants/Vest_Taktika_preset_black_GM94.et,cash,280,140,9,9,0,0,0,1,{714874DC0800451D}Prefabs/Characters/Vests/Vest_Taktika_Pouches/Pouch_Taktika_magpouch_open_BLK.et;{714874DC0800451D}Prefabs/Characters/Vests/Vest_Taktika_Pouches/Pouch_Taktika_magpouch_open_BLK.et;{714874DC0800451D}Prefabs/Characters/Vests/Vest_Taktika_Pouches/Pouch_Taktika_magpouch_open_BLK.et;{714874DC0800451D}Prefabs/Characters/Vests/Vest_Taktika_Pouches/Pouch_Taktika_magpouch_open_BLK.et;{714874DC0800451D}Prefabs/Characters/Vests/Vest_Taktika_Pouches/Pouch_Taktika_magpouch_open_BLK.et;{70C774BCEB3FFAAE}Prefabs/Characters/Vests/Vest_Taktika_Pouches/Pouch_Taktika_medpouch_BLK.et;{BD1AE23200E4CA1E}Prefabs/Characters/Vests/Vest_Taktika_Pouches/Pouch_Taktika_radioPouch_BLK.et;{EB54828A72711A3C}Prefabs/Characters/Vests/Vest_Taktika_Pouches/Pouch_Taktika_universalpouch_mc.et;{13B367B50E6E712A}Prefabs/Characters/Vests/Vest_Taktika_Pouches/Pouch_ArsArma_A20_Blk.et
vest_taktika_preset_taktika_pkm,{54E8E1A933B59AA2}Prefabs/Characters/Vests/Vest_Taktika/Variants/Vest_Taktika_preset_taktika_PKM.et,cash,220,110,8,8,0,0,0,1,{53F0E9D91F7E7040}Prefabs/Characters/Vests/Vest_Taktika_Pouches/Pouch_Mordor_PKM.et;{53F0E9D91F7E7040}Prefabs/Characters/Vests/Vest_Taktika_Pouches/Pouch_Mordor_PKM.et;{B949AD0954715B54}Prefabs/Characters/Vests/Vest_TV110_Pouches/Pouch_UP111_radioClosed_FG.et;{CCEC6694F57081B1}Prefabs/Characters/Vests/Vest_Taktika_Pouches/Pouch_Taktika_medpouch.et;{29F12A128C12B660}Prefabs/Characters/Vests/Vest_Taktika_Pouches/Pouch_Taktika_holster.et;{F5B31B4BAA318B4D}Prefabs/Characters/Vests/Vest_Taktika_Pouches/Pouch_Taktika_magpouch_pistol.et;{F5B31B4BAA318B4D}Prefabs/Characters/Vests/Vest_Taktika_Pouches/Pouch_Taktika_magpouch_pistol.et;{0AA53CB4EA5DBC32}Prefabs/Characters/Vests/Vest_Ratnik_Pouches/Pouch_6x9Scabbard.et
vest_tt_mk2,{3A1F86DC026EF6AD}Prefabs/Characters/Vests/Vest_TT_MK2/Vest_TT_MK2.et,cash,1300,650,12,4,360,176,0,1,{55E16851BB095A6F}Prefabs/Characters/Vests/Vest_TT_MK2/Pouch_tt_mk2_magpouch_insert.et;{188781BE6203A0B0}Prefabs/Weapons/Magazines/6l23_plastic/Magazine_545x39_plastic_AK_30rnd_7n22AP.et;{188781BE6203A0B0}Prefabs/Weapons/Magazines/6l23_plastic/Magazine_545x39_plastic_AK_30rnd_7n22AP.et;{55E16851BB095A6F}Prefabs/Characters/Vests/Vest_TT_MK2/Pouch_tt_mk2_magpouch_insert.et;{188781BE6203A0B0}Prefabs/Weapons/Magazines/6l23_plastic/Magazine_545x39_plastic_AK_30rnd_7n22AP.et;{188781BE6203A0B0}Prefabs/Weapons/Magazines/6l23_plastic/Magazine_545x39_plastic_AK_30rnd_7n22AP.et;{55E16851BB095A6F}Prefabs/Characters/Vests/Vest_TT_MK2/Pouch_tt_mk2_magpouch_insert.et;{188781BE6203A0B0}Prefabs/Weapons/Magazines/6l23_plastic/Magazine_545x39_plastic_AK_30rnd_7n22AP.et;{188781BE6203A0B0}Prefabs/Weapons/Magazines/6l23_plastic/Magazine_545x39_plastic_AK_30rnd_7n22AP.et;{55E16851BB095A6F}Prefabs/Characters/Vests/Vest_TT_MK2/Pouch_tt_mk2_magpouch_insert.et;{188781BE6203A0B0}Prefabs/Weapons/Magazines/6l23_plastic/Magazine_545x39_plastic_AK_30rnd_7n22AP.et;{188781BE6203A0B0}Prefabs/Weapons/Magazines/6l23_plastic/Magazine_545x39_plastic_AK_30rnd_7n22AP.et
vest_tv102_emr,{FAECE2A4CCD7FB96}Prefabs/Characters/Vests/Vest_TV102/Vest_TV102_EMR.et,cash,1600,800,4,0,1100,550,0,1,{FF692FD5AFD43076}Prefabs/Characters/Vests/Vest_Ratnik_6B45/Plates/DestructibleArmorPlate_6B45_Granit_Front.et;{1486E991C03BE661}Prefabs/Characters/Vests/Vest_Ratnik_6B45/Plates/DestructibleArmorPlate_6B45_Granit_Back.et;{A5C382FA198BE68A}Prefabs/Characters/Vests/Vest_Taktika/Plates/DestructibleArmorPlate_Taktika_br4_side_LEFT.et;{F59ADAE6AF1A0AE3}Prefabs/Characters/Vests/Vest_Taktika/Plates/DestructibleArmorPlate_Taktika_br4_side_RIGHT.et
vest_tv102_emr_groin,{8E2EA9047DAA111F}Prefabs/Characters/Vests/Vest_TV102/Vest_TV102_EMR_Groin.et,cash,1600,800,5,1,1100,550,0,1,{FF692FD5AFD43076}Prefabs/Characters/Vests/Vest_Ratnik_6B45/Plates/DestructibleArmorPlate_6B45_Granit_Front.et;{1486E991C03BE661}Prefabs/Characters/Vests/Vest_Ratnik_6B45/Plates/DestructibleArmorPlate_6B45_Granit_Back.et;{A5C382FA198BE68A}Prefabs/Characters/Vests/Vest_Taktika/Plates/DestructibleArmorPlate_Taktika_br4_side_LEFT.et;{F59ADAE6AF1A0AE3}Prefabs/Characters/Vests/Vest_Taktika/Plates/DestructibleArmorPlate_Taktika_br4_side_RIGHT.et;{FBD8560E466391E9}Prefabs/Characters/Vests/Vest_AACPC/attachment_ARSARma_Groin_EMR.et
vest_tv102_emr_grointriple,{7951BB7EFF854319}Prefabs/Characters/Vests/Vest_TV102/Vest_TV102_EMR_GroinTriple.et,cash,1600,800,5,1,1100,550,0,1,{FF692FD5AFD43076}Prefabs/Characters/Vests/Vest_Ratnik_6B45/Plates/DestructibleArmorPlate_6B45_Granit_Front.et;{1486E991C03BE661}Prefabs/Characters/Vests/Vest_Ratnik_6B45/Plates/DestructibleArmorPlate_6B45_Granit_Back.et;{A5C382FA198BE68A}Prefabs/Characters/Vests/Vest_Taktika/Plates/DestructibleArmorPlate_Taktika_br4_side_LEFT.et;{F59ADAE6AF1A0AE3}Prefabs/Characters/Vests/Vest_Taktika/Plates/DestructibleArmorPlate_Taktika_br4_side_RIGHT.et;{44B91DB27D2D0760}Prefabs/Characters/Vests/Vest_AACPC/attachment_ARSARma_GroinTriple_EMR.et
vest_tv102_fg,{762D9493876651C4}Prefabs/Characters/Vests/Vest_TV102/Vest_TV102_FG.et,cash,1600,800,4,0,1100,550,0,1,{FF692FD5AFD43076}Prefabs/Characters/Vests/Vest_Ratnik_6B45/Plates/DestructibleArmorPlate_6B45_Granit_Front.et;{1486E991C03BE661}Prefabs/Characters/Vests/Vest_Ratnik_6B45/Plates/DestructibleArmorPlate_6B45_Granit_Back.et;{A5C382FA198BE68A}Prefabs/Characters/Vests/Vest_Taktika/Plates/DestructibleArmorPlate_Taktika_br4_side_LEFT.et;{F59ADAE6AF1A0AE3}Prefabs/Characters/Vests/Vest_Taktika/Plates/DestructibleArmorPlate_Taktika_br4_side_RIGHT.et
vest_tv102_fg_groin,{60494D38DD2A44B2}Prefabs/Characters/Vests/Vest_TV102/Vest_TV102_FG_Groin.et,cash,1600,800,5,1,1100,550,0,1,{FF692FD5AFD43076}Prefabs/Characters/Vests/Vest_Ratnik_6B45/Plates/DestructibleArmorPlate_6B45_Granit_Front.et;{1486E991C03BE661}Prefabs/Characters/Vests/Vest_Ratnik_6B45/Plates/DestructibleArmorPlate_6B45_Granit_Back.et;{A5C382FA198BE68A}Prefabs/Characters/Vests/Vest_Taktika/Plates/DestructibleArmorPlate_Taktika_br4_side_LEFT.et;{F59ADAE6AF1A0AE3}Prefabs/Characters/Vests/Vest_Taktika/Plates/DestructibleArmorPlate_Taktika_br4_side_RIGHT.et;{0A87B706F7A56C34}Prefabs/Characters/Vests/Vest_AACPC/attachment_ARSARma_Groin_FG.et
vest_tv102_fg_grointriple,{3ED38EF89B66D310}Prefabs/Characters/Vests/Vest_TV102/Vest_TV102_FG_GroinTriple.et,cash,1600,800,5,1,1100,550,0,1,{FF692FD5AFD43076}Prefabs/Characters/Vests/Vest_Ratnik_6B45/Plates/DestructibleArmorPlate_6B45_Granit_Front.et;{1486E991C03BE661}Prefabs/Characters/Vests/Vest_Ratnik_6B45/Plates/DestructibleArmorPlate_6B45_Granit_Back.et;{A5C382FA198BE68A}Prefabs/Characters/Vests/Vest_Taktika/Plates/DestructibleArmorPlate_Taktika_br4_side_LEFT.et;{F59ADAE6AF1A0AE3}Prefabs/Characters/Vests/Vest_Taktika/Plates/DestructibleArmorPlate_Taktika_br4_side_RIGHT.et;{E91F42795DD281A7}Prefabs/Characters/Vests/Vest_AACPC/attachment_ARSARma_GroinTriple_FG.et
vest_tv102_mc,{C1115AA90C004678}Prefabs/Characters/Vests/Vest_TV102/Vest_TV102_MC.et,cash,1600,800,4,0,1100,550,0,1,{FF692FD5AFD43076}Prefabs/Characters/Vests/Vest_Ratnik_6B45/Plates/DestructibleArmorPlate_6B45_Granit_Front.et;{1486E991C03BE661}Prefabs/Characters/Vests/Vest_Ratnik_6B45/Plates/DestructibleArmorPlate_6B45_Granit_Back.et;{A5C382FA198BE68A}Prefabs/Characters/Vests/Vest_Taktika/Plates/DestructibleArmorPlate_Taktika_br4_side_LEFT.et;{F59ADAE6AF1A0AE3}Prefabs/Characters/Vests/Vest_Taktika/Plates/DestructibleArmorPlate_Taktika_br4_side_RIGHT.et
vest_tv102_mc_groin,{7BCDFDE3F13B3541}Prefabs/Characters/Vests/Vest_TV102/Vest_TV102_MC_Groin.et,cash,1600,800,5,1,1100,550,0,1,{FF692FD5AFD43076}Prefabs/Characters/Vests/Vest_Ratnik_6B45/Plates/DestructibleArmorPlate_6B45_Granit_Front.et;{1486E991C03BE661}Prefabs/Characters/Vests/Vest_Ratnik_6B45/Plates/DestructibleArmorPlate_6B45_Granit_Back.et;{A5C382FA198BE68A}Prefabs/Characters/Vests/Vest_Taktika/Plates/DestructibleArmorPlate_Taktika_br4_side_LEFT.et;{F59ADAE6AF1A0AE3}Prefabs/Characters/Vests/Vest_Taktika/Plates/DestructibleArmorPlate_Taktika_br4_side_RIGHT.et;{BDBB793C7CC37B88}Prefabs/Characters/Vests/Vest_AACPC/attachment_ARSARma_Groin_MC.et
vest_tv102_mc_grointriple,{6EFF865371B14546}Prefabs/Characters/Vests/Vest_TV102/Vest_TV102_MC_GroinTriple.et,cash,1600,800,5,1,1100,550,0,1,{FF692FD5AFD43076}Prefabs/Characters/Vests/Vest_Ratnik_6B45/Plates/DestructibleArmorPlate_6B45_Granit_Front.et;{1486E991C03BE661}Prefabs/Characters/Vests/Vest_Ratnik_6B45/Plates/DestructibleArmorPlate_6B45_Granit_Back.et;{A5C382FA198BE68A}Prefabs/Characters/Vests/Vest_Taktika/Plates/DestructibleArmorPlate_Taktika_br4_side_LEFT.et;{F59ADAE6AF1A0AE3}Prefabs/Characters/Vests/Vest_Taktika/Plates/DestructibleArmorPlate_Taktika_br4_side_RIGHT.et;{5E238C43D6B4961B}Prefabs/Characters/Vests/Vest_AACPC/attachment_ARSARma_GroinTriple_MC.et
vest_tv102_mg_emr_1,{9217B5D545B811F6}Prefabs/Characters/Vests/Vest_TV102/variants/Vest_TV102_MG_EMR_1.et,cash,220,110,9,9,0,0,0,1,{AE6E1751A47A50A0}Prefabs/Characters/Vests/Vest_TV110_Pouches/Pouch_UP111_radioClosed_EMR.et;{0F5FFB8EC8B7CD5A}Prefabs/Characters/Vests/Vest_TV110_Pouches/Pouch_HP103_Holster_EMR.et;{24CBFFC667BFABC8}Prefabs/Characters/Vests/Vest_Taktika_Pouches/Pouch_Mordor_PKM_EMR.et;{A4A240907B301D41}Prefabs/Characters/Vests/Vest_TV110_Pouches/Pouch_UP103_Medkit_EMR.et;{B42C708ADDB893B1}Prefabs/Characters/Vests/Vest_TV110_Pouches/Pouch_MP111_PistolClosed2_EMR.et;{24CBFFC667BFABC8}Prefabs/Characters/Vests/Vest_Taktika_Pouches/Pouch_Mordor_PKM_EMR.et;{26F006F997CBF540}Prefabs/Characters/Vests/Vest_TV110_Pouches/Pouch_MP111_PistolClosed_EMR.et;{682AB793D03D1890}Prefabs/Characters/Vests/Vest_TV110_Pouches/Pouch_UP104_utilmini_EMR.et;{0AA53CB4EA5DBC32}Prefabs/Characters/Vests/Vest_Ratnik_Pouches/Pouch_6x9Scabbard.et
vest_tv102_neck_emr,{FA406DCFAF425080}Prefabs/Characters/Vests/Vest_TV102/Vest_TV102_Neck_EMR.et,cash,1600,800,5,1,1100,550,0,1,{FF692FD5AFD43076}Prefabs/Characters/Vests/Vest_Ratnik_6B45/Plates/DestructibleArmorPlate_6B45_Granit_Front.et;{1486E991C03BE661}Prefabs/Characters/Vests/Vest_Ratnik_6B45/Plates/DestructibleArmorPlate_6B45_Granit_Back.et;{A5C382FA198BE68A}Prefabs/Characters/Vests/Vest_Taktika/Plates/DestructibleArmorPlate_Taktika_br4_side_LEFT.et;{F59ADAE6AF1A0AE3}Prefabs/Characters/Vests/Vest_Taktika/Plates/DestructibleArmorPlate_Taktika_br4_side_RIGHT.et;{1857B6A93D12E5ED}Prefabs/Characters/Vests/Vest_TV102/attachment_TV102_neck_EMR.et
vest_tv102_neck_fg,{6087D7C181C8B36B}Prefabs/Characters/Vests/Vest_TV102/Vest_TV102_Neck_FG.et,cash,1600,800,5,1,1100,550,0,1,{FF692FD5AFD43076}Prefabs/Characters/Vests/Vest_Ratnik_6B45/Plates/DestructibleArmorPlate_6B45_Granit_Front.et;{1486E991C03BE661}Prefabs/Characters/Vests/Vest_Ratnik_6B45/Plates/DestructibleArmorPlate_6B45_Granit_Back.et;{A5C382FA198BE68A}Prefabs/Characters/Vests/Vest_Taktika/Plates/DestructibleArmorPlate_Taktika_br4_side_LEFT.et;{F59ADAE6AF1A0AE3}Prefabs/Characters/Vests/Vest_Taktika/Plates/DestructibleArmorPlate_Taktika_br4_side_RIGHT.et;{98711EB8B8601ADC}Prefabs/Characters/Vests/Vest_TV102/attachment_TV102_neck_FG.et
vest_tv102_neck_groin_emr,{1056A8F8C87BB36E}Prefabs/Characters/Vests/Vest_TV102/Vest_TV102_Neck_Groin_EMR.et,cash,1600,800,6,2,1100,550,0,1,{FF692FD5AFD43076}Prefabs/Characters/Vests/Vest_Ratnik_6B45/Plates/DestructibleArmorPlate_6B45_Granit_Front.et;{1486E991C03BE661}Prefabs/Characters/Vests/Vest_Ratnik_6B45/Plates/DestructibleArmorPlate_6B45_Granit_Back.et;{A5C382FA198BE68A}Prefabs/Characters/Vests/Vest_Taktika/Plates/DestructibleArmorPlate_Taktika_br4_side_LEFT.et;{F59ADAE6AF1A0AE3}Prefabs/Characters/Vests/Vest_Taktika/Plates/DestructibleArmorPlate_Taktika_br4_side_RIGHT.et;{FBD8560E466391E9}Prefabs/Characters/Vests/Vest_AACPC/attachment_ARSARma_Groin_EMR.et;{1857B6A93D12E5ED}Prefabs/Characters/Vests/Vest_TV102/attachment_TV102_neck_EMR.et
vest_tv102_neck_groin_fg,{548EB5EBF310EAEA}Prefabs/Characters/Vests/Vest_TV102/Vest_TV102_Neck_Groin_FG.et,cash,1600,800,6,2,1100,550,0,1,{FF692FD5AFD43076}Prefabs/Characters/Vests/Vest_Ratnik_6B45/Plates/DestructibleArmorPlate_6B45_Granit_Front.et;{1486E991C03BE661}Prefabs/Characters/Vests/Vest_Ratnik_6B45/Plates/DestructibleArmorPlate_6B45_Granit_Back.et;{A5C382FA198BE68A}Prefabs/Characters/Vests/Vest_Taktika/Plates/DestructibleArmorPlate_Taktika_br4_side_LEFT.et;{F59ADAE6AF1A0AE3}Prefabs/Characters/Vests/Vest_Taktika/Plates/DestructibleArmorPlate_Taktika_br4_side_RIGHT.et;{0A87B706F7A56C34}Prefabs/Characters/Vests/Vest_AACPC/attachment_ARSARma_Groin_FG.et;{98711EB8B8601ADC}Prefabs/Characters/Vests/Vest_TV102/attachment_TV102_neck_FG.et
vest_tv102_neck_groin_mc,{E3B27BD17876FD56}Prefabs/Characters/Vests/Vest_TV102/Vest_TV102_Neck_Groin_MC.et,cash,1600,800,6,2,1100,550,0,1,{FF692FD5AFD43076}Prefabs/Characters/Vests/Vest_Ratnik_6B45/Plates/DestructibleArmorPlate_6B45_Granit_Front.et;{1486E991C03BE661}Prefabs/Characters/Vests/Vest_Ratnik_6B45/Plates/DestructibleArmorPlate_6B45_Granit_Back.et;{A5C382FA198BE68A}Prefabs/Characters/Vests/Vest_Taktika/Plates/DestructibleArmorPlate_Taktika_br4_side_LEFT.et;{F59ADAE6AF1A0AE3}Prefabs/Characters/Vests/Vest_Taktika/Plates/DestructibleArmorPlate_Taktika_br4_side_RIGHT.et;{BDBB793C7CC37B88}Prefabs/Characters/Vests/Vest_AACPC/attachment_ARSARma_Groin_MC.et;{2F4DD08233060D60}Prefabs/Characters/Vests/Vest_TV102/attachment_TV102_neck_MC.et
vest_tv102_neck_grointriple_emr,{32CECDD360057CE2}Prefabs/Characters/Vests/Vest_TV102/Vest_TV102_Neck_GroinTriple_EMR.et,cash,1600,800,6,2,1100,550,0,1,{FF692FD5AFD43076}Prefabs/Characters/Vests/Vest_Ratnik_6B45/Plates/DestructibleArmorPlate_6B45_Granit_Front.et;{1486E991C03BE661}Prefabs/Characters/Vests/Vest_Ratnik_6B45/Plates/DestructibleArmorPlate_6B45_Granit_Back.et;{A5C382FA198BE68A}Prefabs/Characters/Vests/Vest_Taktika/Plates/DestructibleArmorPlate_Taktika_br4_side_LEFT.et;{F59ADAE6AF1A0AE3}Prefabs/Characters/Vests/Vest_Taktika/Plates/DestructibleArmorPlate_Taktika_br4_side_RIGHT.et;{44B91DB27D2D0760}Prefabs/Characters/Vests/Vest_AACPC/attachment_ARSARma_GroinTriple_EMR.et;{1857B6A93D12E5ED}Prefabs/Characters/Vests/Vest_TV102/attachment_TV102_neck_EMR.et
vest_tv102_neck_grointriple_fg,{011BD6739C65B15B}Prefabs/Characters/Vests/Vest_TV102/Vest_TV102_Neck_GroinTriple_FG.et,cash,1600,800,6,2,1100,550,0,1,{FF692FD5AFD43076}Prefabs/Characters/Vests/Vest_Ratnik_6B45/Plates/DestructibleArmorPlate_6B45_Granit_Front.et;{1486E991C03BE661}Prefabs/Characters/Vests/Vest_Ratnik_6B45/Plates/DestructibleArmorPlate_6B45_Granit_Back.et;{A5C382FA198BE68A}Prefabs/Characters/Vests/Vest_Taktika/Plates/DestructibleArmorPlate_Taktika_br4_side_LEFT.et;{F59ADAE6AF1A0AE3}Prefabs/Characters/Vests/Vest_Taktika/Plates/DestructibleArmorPlate_Taktika_br4_side_RIGHT.et;{E91F42795DD281A7}Prefabs/Characters/Vests/Vest_AACPC/attachment_ARSARma_GroinTriple_FG.et;{98711EB8B8601ADC}Prefabs/Characters/Vests/Vest_TV102/attachment_TV102_neck_FG.et
vest_tv102_neck_grointriple_mc,{B62718491703A6E7}Prefabs/Characters/Vests/Vest_TV102/Vest_TV102_Neck_GroinTriple_MC.et,cash,1600,800,6,2,1100,550,0,1,{FF692FD5AFD43076}Prefabs/Characters/Vests/Vest_Ratnik_6B45/Plates/DestructibleArmorPlate_6B45_Granit_Front.et;{1486E991C03BE661}Prefabs/Characters/Vests/Vest_Ratnik_6B45/Plates/DestructibleArmorPlate_6B45_Granit_Back.et;{A5C382FA198BE68A}Prefabs/Characters/Vests/Vest_Taktika/Plates/DestructibleArmorPlate_Taktika_br4_side_LEFT.et;{F59ADAE6AF1A0AE3}Prefabs/Characters/Vests/Vest_Taktika/Plates/DestructibleArmorPlate_Taktika_br4_side_RIGHT.et;{5E238C43D6B4961B}Prefabs/Characters/Vests/Vest_AACPC/attachment_ARSARma_GroinTriple_MC.et;{2F4DD08233060D60}Prefabs/Characters/Vests/Vest_TV102/attachment_TV102_neck_MC.et
vest_tv102_neck_mc,{D7BB19FB0AAEA4D7}Prefabs/Characters/Vests/Vest_TV102/Vest_TV102_Neck_MC.et,cash,1600,800,5,1,1100,550,0,1,{FF692FD5AFD43076}Prefabs/Characters/Vests/Vest_Ratnik_6B45/Plates/DestructibleArmorPlate_6B45_Granit_Front.et;{1486E991C03BE661}Prefabs/Characters/Vests/Vest_Ratnik_6B45/Plates/DestructibleArmorPlate_6B45_Granit_Back.et;{A5C382FA198BE68A}Prefabs/Characters/Vests/Vest_Taktika/Plates/DestructibleArmorPlate_Taktika_br4_side_LEFT.et;{F59ADAE6AF1A0AE3}Prefabs/Characters/Vests/Vest_Taktika/Plates/DestructibleArmorPlate_Taktika_br4_side_RIGHT.et;{2F4DD08233060D60}Prefabs/Characters/Vests/Vest_TV102/attachment_TV102_neck_MC.et
vest_tv102_od,{1231AE80902911AF}Prefabs/Characters/Vests/Vest_TV102/Vest_TV102_OD.et,cash,1600,800,4,0,1100,550,0,1,{FF692FD5AFD43076}Prefabs/Characters/Vests/Vest_Ratnik_6B45/Plates/DestructibleArmorPlate_6B45_Granit_Front.et;{1486E991C03BE661}Prefabs/Characters/Vests/Vest_Ratnik_6B45/Plates/DestructibleArmorPlate_6B45_Granit_Back.et;{A5C382FA198BE68A}Prefabs/Characters/Vests/Vest_Taktika/Plates/DestructibleArmorPlate_Taktika_br4_side_LEFT.et;{F59ADAE6AF1A0AE3}Prefabs/Characters/Vests/Vest_Taktika/Plates/DestructibleArmorPlate_Taktika_br4_side_RIGHT.et
vest_tv102_rifleman_emr_1,{6033DB5A7D5B702C}Prefabs/Characters/Vests/Vest_TV102/variants/Vest_TV102_rifleman_EMR_1.et,cash,220,110,16,16,0,0,0,1,{9B3FB19617D927E0}Prefabs/Characters/Vests/Vest_Taktika_Pouches/Pouch_ArsArma_magouch_morphed_OD.et;{9B3FB19617D927E0}Prefabs/Characters/Vests/Vest_Taktika_Pouches/Pouch_ArsArma_magouch_morphed_OD.et;{A4A240907B301D41}Prefabs/Characters/Vests/Vest_TV110_Pouches/Pouch_UP103_Medkit_EMR.et;{08B558536A140488}Prefabs/Characters/Vests/Vest_JPC_Pouches/Pouch_AVS_MBITR_Radio_EMR.et;{70CB56CEB147CABE}Prefabs/Characters/Vests/Vest_TV110_Pouches/Pouch_UP109_utillmid_EMR.et;{0F5FFB8EC8B7CD5A}Prefabs/Characters/Vests/Vest_TV110_Pouches/Pouch_HP103_Holster_EMR.et;{0FC27F9BC4B7A50B}Prefabs/Characters/Vests/Vest_TV110_Pouches/Pouch_UP113_DropPouch_EMR.et;{2063019F7E9547CA}Prefabs/Characters/Vests/Vest_TV110_Pouches/Pouch_GP106_RGD_Pouch_2_EMR.et;{84C4ED4CE6DD42F0}Prefabs/Characters/Vests/Vest_Taktika_Pouches/Pouch_Taktika_magpouch_pistol_BLK.et;{ACB8412F4DAB84AA}Prefabs/Characters/Vests/Vest_TV110_Pouches/pouch_tv115_EMR.et;{699A470D29854BF0}Prefabs/Characters/Vests/Vest_TV110_Pouches/Pouch_GP106_RGD_Pouch_EMR.et;{2063019F7E9547CA}Prefabs/Characters/Vests/Vest_TV110_Pouches/Pouch_GP106_RGD_Pouch_2_EMR.et;{974A4F287532526E}Prefabs/Characters/Vests/Vest_TV110_Pouches/Pouch_UP101_Admin_big_EMR.et;{26F006F997CBF540}Prefabs/Characters/Vests/Vest_TV110_Pouches/Pouch_MP111_PistolClosed_EMR.et;{B42C708ADDB893B1}Prefabs/Characters/Vests/Vest_TV110_Pouches/Pouch_MP111_PistolClosed2_EMR.et;{6637A17112761D8F}Prefabs/Characters/Vests/Vest_TV110_Pouches/Pouch_UP118_fannypack_EMR.et
vest_tv102_rifleman_emr_2,{0C67EFBAC19FFF02}Prefabs/Characters/Vests/Vest_TV102/variants/Vest_TV102_rifleman_EMR_2.et,cash,220,110,14,14,0,0,0,1,{9B3FB19617D927E0}Prefabs/Characters/Vests/Vest_Taktika_Pouches/Pouch_ArsArma_magouch_morphed_OD.et;{9B3FB19617D927E0}Prefabs/Characters/Vests/Vest_Taktika_Pouches/Pouch_ArsArma_magouch_morphed_OD.et;{A4A240907B301D41}Prefabs/Characters/Vests/Vest_TV110_Pouches/Pouch_UP103_Medkit_EMR.et;{AE6E1751A47A50A0}Prefabs/Characters/Vests/Vest_TV110_Pouches/Pouch_UP111_radioClosed_EMR.et;{F5982C8DF2491EE7}Prefabs/Characters/Vests/Vest_TV110_Pouches/Pouch_UP105_utilbig_EMR.et;{0F5FFB8EC8B7CD5A}Prefabs/Characters/Vests/Vest_TV110_Pouches/Pouch_HP103_Holster_EMR.et;{0FC27F9BC4B7A50B}Prefabs/Characters/Vests/Vest_TV110_Pouches/Pouch_UP113_DropPouch_EMR.et;{769F4F145CE6CA70}Prefabs/Characters/Vests/Vest_TV110_Pouches/Pouch_MP118_PistolTako_EMR.et;{675DE7AB8A0A0771}Prefabs/Characters/Vests/Vest_TV110_Pouches/Pouch_MP118_PistolTako2_EMR.et;{ACB8412F4DAB84AA}Prefabs/Characters/Vests/Vest_TV110_Pouches/pouch_tv115_EMR.et;{2FFB0BAB85D5919E}Prefabs/Characters/Vests/Vest_TV110_Pouches/Pouch_UP102_Admin_small_EMR.et;{682AB793D03D1890}Prefabs/Characters/Vests/Vest_TV110_Pouches/Pouch_UP104_utilmini_EMR.et;{2063019F7E9547CA}Prefabs/Characters/Vests/Vest_TV110_Pouches/Pouch_GP106_RGD_Pouch_2_EMR.et;{699A470D29854BF0}Prefabs/Characters/Vests/Vest_TV110_Pouches/Pouch_GP106_RGD_Pouch_EMR.et
vest_tv102_rifleman_emr_3,{E9FBA343CD7A6869}Prefabs/Characters/Vests/Vest_TV102/variants/Vest_TV102_rifleman_EMR_3.et,cash,220,110,15,15,0,0,0,1,{9B3FB19617D927E0}Prefabs/Characters/Vests/Vest_Taktika_Pouches/Pouch_ArsArma_magouch_morphed_OD.et;{9B3FB19617D927E0}Prefabs/Characters/Vests/Vest_Taktika_Pouches/Pouch_ArsArma_magouch_morphed_OD.et;{A4A240907B301D41}Prefabs/Characters/Vests/Vest_TV110_Pouches/Pouch_UP103_Medkit_EMR.et;{70CB56CEB147CABE}Prefabs/Characters/Vests/Vest_TV110_Pouches/Pouch_UP109_utillmid_EMR.et;{699A470D29854BF0}Prefabs/Characters/Vests/Vest_TV110_Pouches/Pouch_GP106_RGD_Pouch_EMR.et;{0FC27F9BC4B7A50B}Prefabs/Characters/Vests/Vest_TV110_Pouches/Pouch_UP113_DropPouch_EMR.et;{699A470D29854BF0}Prefabs/Characters/Vests/Vest_TV110_Pouches/Pouch_GP106_RGD_Pouch_EMR.et;{ACB8412F4DAB84AA}Prefabs/Characters/Vests/Vest_TV110_Pouches/pouch_tv115_EMR.et;{AE6E1751A47A50A0}Prefabs/Characters/Vests/Vest_TV110_Pouches/Pouch_UP111_radioClosed_EMR.et;{2DFE63EA0FC1989F}Prefabs/Characters/Vests/Vest_TV110_Pouches/Minimap_ArsArma_GMR_EMR.et;{6637A17112761D8F}Prefabs/Characters/Vests/Vest_TV110_Pouches/Pouch_UP118_fannypack_EMR.et;{7F6DF8FB96F0D48A}Prefabs/Characters/Vests/Vest_TV110_Pouches/Pouch_wartech_magpouch_mp103_EMR.et;{7F6DF8FB96F0D48A}Prefabs/Characters/Vests/Vest_TV110_Pouches/Pouch_wartech_magpouch_mp103_EMR.et;{70CB56CEB147CABE}Prefabs/Characters/Vests/Vest_TV110_Pouches/Pouch_UP109_utillmid_EMR.et;{A4A240907B301D41}Prefabs/Characters/Vests/Vest_TV110_Pouches/Pouch_UP103_Medkit_EMR.et
vest_tv102_rifleman_emr_4,{D4CF867BB816E15E}Prefabs/Characters/Vests/Vest_TV102/variants/Vest_TV102_rifleman_EMR_4.et,cash,220,110,14,14,0,0,0,1,{9B3FB19617D927E0}Prefabs/Characters/Vests/Vest_Taktika_Pouches/Pouch_ArsArma_magouch_morphed_OD.et;{9B3FB19617D927E0}Prefabs/Characters/Vests/Vest_Taktika_Pouches/Pouch_ArsArma_magouch_morphed_OD.et;{A4A240907B301D41}Prefabs/Characters/Vests/Vest_TV110_Pouches/Pouch_UP103_Medkit_EMR.et;{AE6E1751A47A50A0}Prefabs/Characters/Vests/Vest_TV110_Pouches/Pouch_UP111_radioClosed_EMR.et;{682AB793D03D1890}Prefabs/Characters/Vests/Vest_TV110_Pouches/Pouch_UP104_utilmini_EMR.et;{9B3FB19617D927E0}Prefabs/Characters/Vests/Vest_Taktika_Pouches/Pouch_ArsArma_magouch_morphed_OD.et;{0FC27F9BC4B7A50B}Prefabs/Characters/Vests/Vest_TV110_Pouches/Pouch_UP113_DropPouch_EMR.et;{BA5E1818670BB5AA}Prefabs/Characters/Vests/Vest_TV110_Pouches/Pouch_wartech_magpouch_mp117_emr_3.et;{58339CC6805E8529}Prefabs/Characters/Vests/Vest_TV110_Pouches/Pouch_wartech_magpouch_mp105_EMR.et;{699A470D29854BF0}Prefabs/Characters/Vests/Vest_TV110_Pouches/Pouch_GP106_RGD_Pouch_EMR.et;{2063019F7E9547CA}Prefabs/Characters/Vests/Vest_TV110_Pouches/Pouch_GP106_RGD_Pouch_2_EMR.et;{BA789EFB0E131CFE}Prefabs/Characters/Vests/Vest_TV110_Pouches/Pouch_wartech_magpouch_mp105_3_EMR.et;{D435A0A23B72F276}Prefabs/Characters/Vests/Vest_TV110_Pouches/Pouch_wartech_magpouch_mp105_2_EMR.et;{2B9C06B5EF408621}Prefabs/Characters/Vests/Vest_TV110_Pouches/Pouch_UP108_utillong_EMR.et
vest_tv102_rifleman_emr_5,{3153CA82B4F37635}Prefabs/Characters/Vests/Vest_TV102/variants/Vest_TV102_rifleman_EMR_5.et,cash,220,110,14,14,0,0,0,1,{BA5E1818670BB5AA}Prefabs/Characters/Vests/Vest_TV110_Pouches/Pouch_wartech_magpouch_mp117_emr_3.et;{5FC254E16BEE22C1}Prefabs/Characters/Vests/Vest_TV110_Pouches/Pouch_wartech_magpouch_mp117_emr_2.et;{A4A240907B301D41}Prefabs/Characters/Vests/Vest_TV110_Pouches/Pouch_UP103_Medkit_EMR.et;{08B558536A140488}Prefabs/Characters/Vests/Vest_JPC_Pouches/Pouch_AVS_MBITR_Radio_EMR.et;{682AB793D03D1890}Prefabs/Characters/Vests/Vest_TV110_Pouches/Pouch_UP104_utilmini_EMR.et;{BA5E1818670BB5AA}Prefabs/Characters/Vests/Vest_TV110_Pouches/Pouch_wartech_magpouch_mp117_emr_3.et;{0FC27F9BC4B7A50B}Prefabs/Characters/Vests/Vest_TV110_Pouches/Pouch_UP113_DropPouch_EMR.et;{815C23B301CFA28F}Prefabs/Characters/Vests/Vest_TV110_Pouches/Pouch_wartech_magpouch_mp117_emr.et;{815C23B301CFA28F}Prefabs/Characters/Vests/Vest_TV110_Pouches/Pouch_wartech_magpouch_mp117_emr.et;{699A470D29854BF0}Prefabs/Characters/Vests/Vest_TV110_Pouches/Pouch_GP106_RGD_Pouch_EMR.et;{2063019F7E9547CA}Prefabs/Characters/Vests/Vest_TV110_Pouches/Pouch_GP106_RGD_Pouch_2_EMR.et;{5FC254E16BEE22C1}Prefabs/Characters/Vests/Vest_TV110_Pouches/Pouch_wartech_magpouch_mp117_emr_2.et;{BA5E1818670BB5AA}Prefabs/Characters/Vests/Vest_TV110_Pouches/Pouch_wartech_magpouch_mp117_emr_3.et;{2B9C06B5EF408621}Prefabs/Characters/Vests/Vest_TV110_Pouches/Pouch_UP108_utillong_EMR.et
vest_tv102_rifleman_fg_1,{16DCD91910201E99}Prefabs/Characters/Vests/Vest_TV102/variants/Vest_TV102_rifleman_FG_1.et,cash,220,110,15,15,0,0,0,1,{25DA77988320DACA}Prefabs/Characters/Vests/Vest_Taktika_Pouches/Pouch_ArsArma_magouch_morphed_ATACS.et;{25DA77988320DACA}Prefabs/Characters/Vests/Vest_Taktika_Pouches/Pouch_ArsArma_magouch_morphed_ATACS.et;{14E044018E49CD65}Prefabs/Characters/Vests/Vest_TV110_Pouches/Pouch_UP103_Medkit_FG.et;{B949AD0954715B54}Prefabs/Characters/Vests/Vest_TV110_Pouches/Pouch_UP111_radioClosed_FG.et;{C9E74AC3DE3F2861}Prefabs/Characters/Vests/Vest_TV110_Pouches/Pouch_UP109_utillmid_FG.et;{D2AB94F8D7308261}Prefabs/Characters/Vests/Vest_TV110_Pouches/Pouch_HP103_Holster_FG.et;{CA5F52C8B7B0E655}Prefabs/Characters/Vests/Vest_TV110_Pouches/Pouch_UP113_DropPouch_FG.et;{BE49825BE35FC8F4}Prefabs/Characters/Vests/Vest_TV110_Pouches/Pouch_GP106_RGD_Pouch_2_FG.et;{CA33342E733B1876}Prefabs/Characters/Vests/Vest_TV110_Pouches/pouch_tv115_FG.et;{85FF4B7AC75F41F4}Prefabs/Characters/Vests/Vest_TV110_Pouches/Pouch_GP106_RGD_Pouch_FG.et;{BE49825BE35FC8F4}Prefabs/Characters/Vests/Vest_TV110_Pouches/Pouch_GP106_RGD_Pouch_2_FG.et;{5409A90C23ADA30B}Prefabs/Characters/Vests/Vest_TV110_Pouches/Pouch_UP101_Admin_big_FG.et;{30E75FD05D8AB76A}Prefabs/Characters/Vests/Vest_TV110_Pouches/Pouch_MP111_PistolClosed_FG.et;{5063FC55C40B6B26}Prefabs/Characters/Vests/Vest_TV110_Pouches/Pouch_MP111_PistolClosed2_FG.et;{F95BF1BD612D3B38}Prefabs/Characters/Vests/Vest_TV110_Pouches/Pouch_UP118_fannypack_FG.et
vest_tv102_rifleman_fg_2,{7A88EDF9ACE491B7}Prefabs/Characters/Vests/Vest_TV102/variants/Vest_TV102_rifleman_FG_2.et,cash,220,110,16,16,0,0,0,1,{25DA77988320DACA}Prefabs/Characters/Vests/Vest_Taktika_Pouches/Pouch_ArsArma_magouch_morphed_ATACS.et;{25DA77988320DACA}Prefabs/Characters/Vests/Vest_Taktika_Pouches/Pouch_ArsArma_magouch_morphed_ATACS.et;{14E044018E49CD65}Prefabs/Characters/Vests/Vest_TV110_Pouches/Pouch_UP103_Medkit_FG.et;{B949AD0954715B54}Prefabs/Characters/Vests/Vest_TV110_Pouches/Pouch_UP111_radioClosed_FG.et;{A86EC5AC85B35FA3}Prefabs/Characters/Vests/Vest_TV110_Pouches/Pouch_UP120_utilmolleminus_FG.et;{D2AB94F8D7308261}Prefabs/Characters/Vests/Vest_TV110_Pouches/Pouch_HP103_Holster_FG.et;{CA5F52C8B7B0E655}Prefabs/Characters/Vests/Vest_TV110_Pouches/Pouch_UP113_DropPouch_FG.et;{BE49825BE35FC8F4}Prefabs/Characters/Vests/Vest_TV110_Pouches/Pouch_GP106_RGD_Pouch_2_FG.et;{5063FC55C40B6B26}Prefabs/Characters/Vests/Vest_TV110_Pouches/Pouch_MP111_PistolClosed2_FG.et;{30E75FD05D8AB76A}Prefabs/Characters/Vests/Vest_TV110_Pouches/Pouch_MP111_PistolClosed_FG.et;{5A9864B6D519DC84}Prefabs/Characters/Vests/Vest_TV110_Pouches/Pouch_wartech_magpouch_mp105_FG.et;{38E9B184D50FEA5A}Prefabs/Characters/Vests/Vest_TV110_Pouches/Pouch_wartech_magpouch_mp105_3_FG.et;{FF2521192059A956}Prefabs/Characters/Vests/Vest_TV110_Pouches/Pouch_wartech_magpouch_mp105_2_FG.et;{14E044018E49CD65}Prefabs/Characters/Vests/Vest_TV110_Pouches/Pouch_UP103_Medkit_FG.et;{85FF4B7AC75F41F4}Prefabs/Characters/Vests/Vest_TV110_Pouches/Pouch_GP106_RGD_Pouch_FG.et;{ADA0E7B72C9BBF75}Prefabs/Characters/Vests/Vest_TV110_Pouches/Pouch_UP104_utilmini_FG.et
vest_tv102_rifleman_fg_gm94,{B19468EF38AFABD9}Prefabs/Characters/Vests/Vest_TV102/variants/Vest_TV102_rifleman_FG_GM94.et,cash,280,140,9,9,0,0,0,1,{14E044018E49CD65}Prefabs/Characters/Vests/Vest_TV110_Pouches/Pouch_UP103_Medkit_FG.et;{B949AD0954715B54}Prefabs/Characters/Vests/Vest_TV110_Pouches/Pouch_UP111_radioClosed_FG.et;{4FD2C42DB9383B8A}Prefabs/Characters/Vests/Vest_TV110_Pouches/Pouch_wartech_magpouch_mp103_FG.et;{5A9864B6D519DC84}Prefabs/Characters/Vests/Vest_TV110_Pouches/Pouch_wartech_magpouch_mp105_FG.et;{4FD2C42DB9383B8A}Prefabs/Characters/Vests/Vest_TV110_Pouches/Pouch_wartech_magpouch_mp103_FG.et;{320AC4FA69CAF819}Prefabs/Characters/Vests/Vest_TV110_Pouches/Pouch_wartech_magpouch_mp105_pistol_FG.et;{FF2521192059A956}Prefabs/Characters/Vests/Vest_TV110_Pouches/Pouch_wartech_magpouch_mp105_2_FG.et;{38E9B184D50FEA5A}Prefabs/Characters/Vests/Vest_TV110_Pouches/Pouch_wartech_magpouch_mp105_3_FG.et;{82F116294CA33595}Prefabs/Characters/Vests/Vest_Taktika_Pouches/Pouch_ArsArma_A20.et
vest_tv102_rifleman_mc_1,{F9FF94759C5F8EE2}Prefabs/Characters/Vests/Vest_TV102/variants/Vest_TV102_rifleman_MC_1.et,cash,220,110,15,15,0,0,0,1,{481F45BF8BF07037}Prefabs/Characters/Vests/Vest_Taktika_Pouches/Pouch_ArsArma_magouch_morphed_MC.et;{481F45BF8BF07037}Prefabs/Characters/Vests/Vest_Taktika_Pouches/Pouch_ArsArma_magouch_morphed_MC.et;{A3DC8A3B052FDAD9}Prefabs/Characters/Vests/Vest_TV110_Pouches/Pouch_UP103_Medkit_MC.et;{0E756333DF174CE8}Prefabs/Characters/Vests/Vest_TV110_Pouches/Pouch_UP111_radioClosed_MC.et;{7EDB84F955593FDD}Prefabs/Characters/Vests/Vest_TV110_Pouches/Pouch_UP109_utillmid_MC.et;{65975AC25C5695DD}Prefabs/Characters/Vests/Vest_TV110_Pouches/Pouch_HP103_Holster_MC.et;{7D639CF23CD6F1E9}Prefabs/Characters/Vests/Vest_TV110_Pouches/Pouch_UP113_DropPouch_MC.et;{09754C616839DF48}Prefabs/Characters/Vests/Vest_TV110_Pouches/Pouch_GP106_RGD_Pouch_2_MC.et;{21A78B1CAD37A759}Prefabs/Characters/Vests/Vest_TV110_Pouches/pouch_tv115_MC.et;{32C385404C395648}Prefabs/Characters/Vests/Vest_TV110_Pouches/Pouch_GP106_RGD_Pouch_MC.et;{09754C616839DF48}Prefabs/Characters/Vests/Vest_TV110_Pouches/Pouch_GP106_RGD_Pouch_2_MC.et;{E3356736A8CBB4B7}Prefabs/Characters/Vests/Vest_TV110_Pouches/Pouch_UP101_Admin_big_MC.et;{87DB91EAD6ECA0D6}Prefabs/Characters/Vests/Vest_TV110_Pouches/Pouch_MP111_PistolClosed_MC.et;{E75F326F4F6D7C9A}Prefabs/Characters/Vests/Vest_TV110_Pouches/Pouch_MP111_PistolClosed2_MC.et;{4E673F87EA4B2C84}Prefabs/Characters/Vests/Vest_TV110_Pouches/Pouch_UP118_fannypack_MC.et
vest_tv102_rifleman_mc_2,{95ABA095209B01CC}Prefabs/Characters/Vests/Vest_TV102/variants/Vest_TV102_rifleman_MC_2.et,cash,220,110,13,13,0,0,0,1,{481F45BF8BF07037}Prefabs/Characters/Vests/Vest_Taktika_Pouches/Pouch_ArsArma_magouch_morphed_MC.et;{481F45BF8BF07037}Prefabs/Characters/Vests/Vest_Taktika_Pouches/Pouch_ArsArma_magouch_morphed_MC.et;{A3DC8A3B052FDAD9}Prefabs/Characters/Vests/Vest_TV110_Pouches/Pouch_UP103_Medkit_MC.et;{0E756333DF174CE8}Prefabs/Characters/Vests/Vest_TV110_Pouches/Pouch_UP111_radioClosed_MC.et;{7EDB84F955593FDD}Prefabs/Characters/Vests/Vest_TV110_Pouches/Pouch_UP109_utillmid_MC.et;{65975AC25C5695DD}Prefabs/Characters/Vests/Vest_TV110_Pouches/Pouch_HP103_Holster_MC.et;{7D639CF23CD6F1E9}Prefabs/Characters/Vests/Vest_TV110_Pouches/Pouch_UP113_DropPouch_MC.et;{09754C616839DF48}Prefabs/Characters/Vests/Vest_TV110_Pouches/Pouch_GP106_RGD_Pouch_2_MC.et;{EDA4AA8C5E7FCB38}Prefabs/Characters/Vests/Vest_TV110_Pouches/Pouch_wartech_magpouch_mp105_MC.et;{32C385404C395648}Prefabs/Characters/Vests/Vest_TV110_Pouches/Pouch_GP106_RGD_Pouch_MC.et;{09754C616839DF48}Prefabs/Characters/Vests/Vest_TV110_Pouches/Pouch_GP106_RGD_Pouch_2_MC.et;{8FD57FBE5E69FDE6}Prefabs/Characters/Vests/Vest_TV110_Pouches/Pouch_wartech_magpouch_mp105_3_MC.et;{4819EF23AB3FBEEA}Prefabs/Characters/Vests/Vest_TV110_Pouches/Pouch_wartech_magpouch_mp105_2_MC.et
vest_tv102_rifleman_od_1,{7D4E41BAADDF4A03}Prefabs/Characters/Vests/Vest_TV102/variants/Vest_TV102_rifleman_OD_1.et,cash,220,110,15,15,0,0,0,1,{9B3FB19617D927E0}Prefabs/Characters/Vests/Vest_Taktika_Pouches/Pouch_ArsArma_magouch_morphed_OD.et;{9B3FB19617D927E0}Prefabs/Characters/Vests/Vest_Taktika_Pouches/Pouch_ArsArma_magouch_morphed_OD.et;{70FC7E1299068D0E}Prefabs/Characters/Vests/Vest_TV110_Pouches/Pouch_UP103_Medkit_OD.et;{DD55971A433E1B3F}Prefabs/Characters/Vests/Vest_TV110_Pouches/Pouch_UP111_radioClosed_OD.et;{ADFB70D0C970680A}Prefabs/Characters/Vests/Vest_TV110_Pouches/Pouch_UP109_utillmid_OD.et;{05CD790F33DDF9D6}Prefabs/Characters/Vests/Vest_TV110_Pouches/Pouch_HP103_Holster_Olive.et;{AE4368DBA0FFA63E}Prefabs/Characters/Vests/Vest_TV110_Pouches/Pouch_UP113_DropPouch_OD.et;{DA55B848F410889F}Prefabs/Characters/Vests/Vest_TV110_Pouches/Pouch_GP106_RGD_Pouch_2_OD.et;{AE2F0E3D6474581D}Prefabs/Characters/Vests/Vest_TV110_Pouches/pouch_tv115_OD.et;{E1E37169D010019F}Prefabs/Characters/Vests/Vest_TV110_Pouches/Pouch_GP106_RGD_Pouch_OD.et;{DA55B848F410889F}Prefabs/Characters/Vests/Vest_TV110_Pouches/Pouch_GP106_RGD_Pouch_2_OD.et;{3015931F34E2E360}Prefabs/Characters/Vests/Vest_TV110_Pouches/Pouch_UP101_Admin_big_OD.et;{54FB65C34AC5F701}Prefabs/Characters/Vests/Vest_TV110_Pouches/Pouch_MP111_PistolClosed_OD.et;{3B30DE0E1F512495}Prefabs/Characters/Vests/Vest_TV110_Pouches/Pouch_MP111_PistolClosed2_OD.et;{9D47CBAE76627B53}Prefabs/Characters/Vests/Vest_TV110_Pouches/Pouch_UP118_fannypack_OD.et
vest_tv102_rifleman_od_2,{111A755A111BC52D}Prefabs/Characters/Vests/Vest_TV102/variants/Vest_TV102_rifleman_OD_2.et,cash,220,110,13,13,0,0,0,1,{9B3FB19617D927E0}Prefabs/Characters/Vests/Vest_Taktika_Pouches/Pouch_ArsArma_magouch_morphed_OD.et;{9B3FB19617D927E0}Prefabs/Characters/Vests/Vest_Taktika_Pouches/Pouch_ArsArma_magouch_morphed_OD.et;{70FC7E1299068D0E}Prefabs/Characters/Vests/Vest_TV110_Pouches/Pouch_UP103_Medkit_OD.et;{DD55971A433E1B3F}Prefabs/Characters/Vests/Vest_TV110_Pouches/Pouch_UP111_radioClosed_OD.et;{ADFB70D0C970680A}Prefabs/Characters/Vests/Vest_TV110_Pouches/Pouch_UP109_utillmid_OD.et;{05CD790F33DDF9D6}Prefabs/Characters/Vests/Vest_TV110_Pouches/Pouch_HP103_Holster_Olive.et;{AE4368DBA0FFA63E}Prefabs/Characters/Vests/Vest_TV110_Pouches/Pouch_UP113_DropPouch_OD.et;{DA55B848F410889F}Prefabs/Characters/Vests/Vest_TV110_Pouches/Pouch_GP106_RGD_Pouch_2_OD.et;{E1E37169D010019F}Prefabs/Characters/Vests/Vest_TV110_Pouches/Pouch_GP106_RGD_Pouch_OD.et;{DA55B848F410889F}Prefabs/Characters/Vests/Vest_TV110_Pouches/Pouch_GP106_RGD_Pouch_2_OD.et;{5CF58B97C240AA31}Prefabs/Characters/Vests/Vest_TV110_Pouches/Pouch_wartech_magpouch_mp105_3_OD.et;{9B391B0A3716E93D}Prefabs/Characters/Vests/Vest_TV110_Pouches/Pouch_wartech_magpouch_mp105_2_OD.et;{3E845EA5C2569CEF}Prefabs/Characters/Vests/Vest_TV110_Pouches/Pouch_wartech_magpouch_mp105_OD.et
vest_tv102_rifleman_od_3,{F48639A31DFE5246}Prefabs/Characters/Vests/Vest_TV102/variants/Vest_TV102_rifleman_OD_3.et,cash,220,110,18,18,0,0,0,1,{9DA0A02CB471C2EC}Prefabs/Characters/Vests/Vest_TV110_Pouches/Pouch_wartech_magpouch_mp117_od.et;{2C7A32236EBBBB7D}Prefabs/Characters/Vests/Vest_TV110_Pouches/Pouch_wartech_magpouch_mp117_od_2.et;{70FC7E1299068D0E}Prefabs/Characters/Vests/Vest_TV110_Pouches/Pouch_UP103_Medkit_OD.et;{DD55971A433E1B3F}Prefabs/Characters/Vests/Vest_TV110_Pouches/Pouch_UP111_radioClosed_OD.et;{ADFB70D0C970680A}Prefabs/Characters/Vests/Vest_TV110_Pouches/Pouch_UP109_utillmid_OD.et;{05CD790F33DDF9D6}Prefabs/Characters/Vests/Vest_TV110_Pouches/Pouch_HP103_Holster_Olive.et;{AE4368DBA0FFA63E}Prefabs/Characters/Vests/Vest_TV110_Pouches/Pouch_UP113_DropPouch_OD.et;{DA55B848F410889F}Prefabs/Characters/Vests/Vest_TV110_Pouches/Pouch_GP106_RGD_Pouch_2_OD.et;{E1E37169D010019F}Prefabs/Characters/Vests/Vest_TV110_Pouches/Pouch_GP106_RGD_Pouch_OD.et;{DA55B848F410889F}Prefabs/Characters/Vests/Vest_TV110_Pouches/Pouch_GP106_RGD_Pouch_2_OD.et;{9DA0A02CB471C2EC}Prefabs/Characters/Vests/Vest_TV110_Pouches/Pouch_wartech_magpouch_mp117_od.et;{2C7A32236EBBBB7D}Prefabs/Characters/Vests/Vest_TV110_Pouches/Pouch_wartech_magpouch_mp117_od_2.et;{C9E67EDA625E2C16}Prefabs/Characters/Vests/Vest_TV110_Pouches/Pouch_wartech_magpouch_mp117_od_3.et;{9D47CBAE76627B53}Prefabs/Characters/Vests/Vest_TV110_Pouches/Pouch_UP118_fannypack_OD.et;{743E143FE7F62A6E}Prefabs/Characters/Vests/Vest_TV110_Pouches/Pouch_UP102_Admin_small_OD.et;{C9E67EDA625E2C16}Prefabs/Characters/Vests/Vest_TV110_Pouches/Pouch_wartech_magpouch_mp117_od_3.et;{64108FAB1869147D}Prefabs/Characters/Vests/Vest_TV110_Pouches/Pouch_MP118_PistolTako2_OD.et;{3E845EA5C2569CEF}Prefabs/Characters/Vests/Vest_TV110_Pouches/Pouch_wartech_magpouch_mp105_OD.et
vest_tv102_rifleman_od_gm94,{135AF9FE4CE167BF}Prefabs/Characters/Vests/Vest_TV102/variants/Vest_TV102_rifleman_OD_GM94.et,cash,280,140,9,9,0,0,0,1,{70FC7E1299068D0E}Prefabs/Characters/Vests/Vest_TV110_Pouches/Pouch_UP103_Medkit_OD.et;{DD55971A433E1B3F}Prefabs/Characters/Vests/Vest_TV110_Pouches/Pouch_UP111_radioClosed_OD.et;{2BCEFE3EAE777BE1}Prefabs/Characters/Vests/Vest_TV110_Pouches/Pouch_wartech_magpouch_mp103_OD.et;{13B367B50E6E712A}Prefabs/Characters/Vests/Vest_Taktika_Pouches/Pouch_ArsArma_A20_Blk.et;{DA55B848F410889F}Prefabs/Characters/Vests/Vest_TV110_Pouches/Pouch_GP106_RGD_Pouch_2_OD.et;{5CF58B97C240AA31}Prefabs/Characters/Vests/Vest_TV110_Pouches/Pouch_wartech_magpouch_mp105_3_OD.et;{9B391B0A3716E93D}Prefabs/Characters/Vests/Vest_TV110_Pouches/Pouch_wartech_magpouch_mp105_2_OD.et;{3E845EA5C2569CEF}Prefabs/Characters/Vests/Vest_TV110_Pouches/Pouch_wartech_magpouch_mp105_OD.et;{5616FEE97E85B872}Prefabs/Characters/Vests/Vest_TV110_Pouches/Pouch_wartech_magpouch_mp105_pistol_OD.et
vest_tv110_arsarmahsgi_fg_1,{CE00F02072F25F02}Prefabs/Characters/Vests/Vest_TV110/Variants/Vest_TV110_arsarmaHSGI_FG_1.et,cash,220,110,17,17,0,0,0,1,{5409A90C23ADA30B}Prefabs/Characters/Vests/Vest_TV110_Pouches/Pouch_UP101_Admin_big_FG.et;{FDE201F7E7F064EE}Prefabs/Characters/Vests/Vest_Taktika_Pouches/Pouch_Taktika_magpouch_base.et;{F95BF1BD612D3B38}Prefabs/Characters/Vests/Vest_TV110_Pouches/Pouch_UP118_fannypack_FG.et;{ED5CC8EF6293F9DE}Prefabs/Characters/Vests/Vest_Taktika_Pouches/Pouch_Taktika_magpouch_morphed_base.et;{14E044018E49CD65}Prefabs/Characters/Vests/Vest_TV110_Pouches/Pouch_UP103_Medkit_FG.et;{34A562D30B1CFFEB}Prefabs/Characters/Vests/Vest_TV110_Pouches/Minimap_ArsArma_GMR_FG.et;{B949AD0954715B54}Prefabs/Characters/Vests/Vest_TV110_Pouches/Pouch_UP111_radioClosed_FG.et;{D2AB94F8D7308261}Prefabs/Characters/Vests/Vest_TV110_Pouches/Pouch_HP103_Holster_FG.et;{25DA77988320DACA}Prefabs/Characters/Vests/Vest_Taktika_Pouches/Pouch_ArsArma_magouch_morphed_ATACS.et;{25DA77988320DACA}Prefabs/Characters/Vests/Vest_Taktika_Pouches/Pouch_ArsArma_magouch_morphed_ATACS.et;{BE49825BE35FC8F4}Prefabs/Characters/Vests/Vest_TV110_Pouches/Pouch_GP106_RGD_Pouch_2_FG.et;{CA5F52C8B7B0E655}Prefabs/Characters/Vests/Vest_TV110_Pouches/Pouch_UP113_DropPouch_FG.et;{B74CEF5B90667B42}Prefabs/Characters/Vests/Vest_TV110_Pouches/Pouch_UP105_utilbig_FG.et;{30E75FD05D8AB76A}Prefabs/Characters/Vests/Vest_TV110_Pouches/Pouch_MP111_PistolClosed_FG.et;{ADA0E7B72C9BBF75}Prefabs/Characters/Vests/Vest_TV110_Pouches/Pouch_UP104_utilmini_FG.et;{5063FC55C40B6B26}Prefabs/Characters/Vests/Vest_TV110_Pouches/Pouch_MP111_PistolClosed2_FG.et;{BE49825BE35FC8F4}Prefabs/Characters/Vests/Vest_TV110_Pouches/Pouch_GP106_RGD_Pouch_2_FG.et
vest_tv110_arsarmahsgi_fg_2,{A254C4C0CE36D02C}Prefabs/Characters/Vests/Vest_TV110/Variants/Vest_TV110_arsarmaHSGI_FG_2.et,cash,220,110,14,14,0,0,0,1,{4FD2C42DB9383B8A}Prefabs/Characters/Vests/Vest_TV110_Pouches/Pouch_wartech_magpouch_mp103_FG.et;{14E044018E49CD65}Prefabs/Characters/Vests/Vest_TV110_Pouches/Pouch_UP103_Medkit_FG.et;{B949AD0954715B54}Prefabs/Characters/Vests/Vest_TV110_Pouches/Pouch_UP111_radioClosed_FG.et;{D2AB94F8D7308261}Prefabs/Characters/Vests/Vest_TV110_Pouches/Pouch_HP103_Holster_FG.et;{25DA77988320DACA}Prefabs/Characters/Vests/Vest_Taktika_Pouches/Pouch_ArsArma_magouch_morphed_ATACS.et;{25DA77988320DACA}Prefabs/Characters/Vests/Vest_Taktika_Pouches/Pouch_ArsArma_magouch_morphed_ATACS.et;{BE49825BE35FC8F4}Prefabs/Characters/Vests/Vest_TV110_Pouches/Pouch_GP106_RGD_Pouch_2_FG.et;{CA5F52C8B7B0E655}Prefabs/Characters/Vests/Vest_TV110_Pouches/Pouch_UP113_DropPouch_FG.et;{A86EC5AC85B35FA3}Prefabs/Characters/Vests/Vest_TV110_Pouches/Pouch_UP120_utilmolleminus_FG.et;{30E75FD05D8AB76A}Prefabs/Characters/Vests/Vest_TV110_Pouches/Pouch_MP111_PistolClosed_FG.et;{FF2521192059A956}Prefabs/Characters/Vests/Vest_TV110_Pouches/Pouch_wartech_magpouch_mp105_2_FG.et;{BE49825BE35FC8F4}Prefabs/Characters/Vests/Vest_TV110_Pouches/Pouch_GP106_RGD_Pouch_2_FG.et;{10222E2CF0B96A05}Prefabs/Characters/Vests/Vest_TV110_Pouches/Pouch_UP102_Admin_small_FG.et;{5A9864B6D519DC84}Prefabs/Characters/Vests/Vest_TV110_Pouches/Pouch_wartech_magpouch_mp105_FG.et
vest_tv110_arsarmahsgi_fg_3,{47C88839C2D34747}Prefabs/Characters/Vests/Vest_TV110/Variants/Vest_TV110_arsarmaHSGI_FG_3.et,cash,220,110,14,14,0,0,0,1,{F95BF1BD612D3B38}Prefabs/Characters/Vests/Vest_TV110_Pouches/Pouch_UP118_fannypack_FG.et;{F9BC9A3FA33E8287}Prefabs/Characters/Vests/Vest_TV110_Pouches/Pouch_wartech_magpouch_mp117_fg.et;{14E044018E49CD65}Prefabs/Characters/Vests/Vest_TV110_Pouches/Pouch_UP103_Medkit_FG.et;{B949AD0954715B54}Prefabs/Characters/Vests/Vest_TV110_Pouches/Pouch_UP111_radioClosed_FG.et;{A274E679DFA1788C}Prefabs/Characters/Vests/Vest_TV110_Pouches/Pouch_wartech_magpouch_mp117_fg_3.et;{38E9B184D50FEA5A}Prefabs/Characters/Vests/Vest_TV110_Pouches/Pouch_wartech_magpouch_mp105_3_FG.et;{5A9864B6D519DC84}Prefabs/Characters/Vests/Vest_TV110_Pouches/Pouch_wartech_magpouch_mp105_FG.et;{BE49825BE35FC8F4}Prefabs/Characters/Vests/Vest_TV110_Pouches/Pouch_GP106_RGD_Pouch_2_FG.et;{3C31667ADEE0FB2C}Prefabs/Characters/Vests/Vest_TV110_Pouches/Pouch_UP108_utillong_FG.et;{000CB5B80F265416}Prefabs/Characters/Vests/Vest_TV110_Pouches/Pouch_MP118_PistolTako2_FG.et;{47E8AA80D344EFE7}Prefabs/Characters/Vests/Vest_TV110_Pouches/Pouch_wartech_magpouch_mp117_fg_2.et;{24983E870ADF393C}Prefabs/Characters/Vests/Vest_TV110_Pouches/Pouch_MP118_PistolTako_FG.et;{BE49825BE35FC8F4}Prefabs/Characters/Vests/Vest_TV110_Pouches/Pouch_GP106_RGD_Pouch_2_FG.et;{D2AB94F8D7308261}Prefabs/Characters/Vests/Vest_TV110_Pouches/Pouch_HP103_Holster_FG.et
vest_tv110_arsarmahsgi_fg_gm94,{8DFC650A71ECCDE4}Prefabs/Characters/Vests/Vest_TV110/Variants/Vest_TV110_arsarmaHSGI_FG_GM94.et,cash,220,110,9,9,0,0,0,1,{F95BF1BD612D3B38}Prefabs/Characters/Vests/Vest_TV110_Pouches/Pouch_UP118_fannypack_FG.et;{38E9B184D50FEA5A}Prefabs/Characters/Vests/Vest_TV110_Pouches/Pouch_wartech_magpouch_mp105_3_FG.et;{14E044018E49CD65}Prefabs/Characters/Vests/Vest_TV110_Pouches/Pouch_UP103_Medkit_FG.et;{B949AD0954715B54}Prefabs/Characters/Vests/Vest_TV110_Pouches/Pouch_UP111_radioClosed_FG.et;{FF2521192059A956}Prefabs/Characters/Vests/Vest_TV110_Pouches/Pouch_wartech_magpouch_mp105_2_FG.et;{320AC4FA69CAF819}Prefabs/Characters/Vests/Vest_TV110_Pouches/Pouch_wartech_magpouch_mp105_pistol_FG.et;{24983E870ADF393C}Prefabs/Characters/Vests/Vest_TV110_Pouches/Pouch_MP118_PistolTako_FG.et;{000CB5B80F265416}Prefabs/Characters/Vests/Vest_TV110_Pouches/Pouch_MP118_PistolTako2_FG.et;{82F116294CA33595}Prefabs/Characters/Vests/Vest_Taktika_Pouches/Pouch_ArsArma_A20.et
vest_tv110_arsarmahsgi_mc_1,{84C8BF81D5AC0EC6}Prefabs/Characters/Vests/Vest_TV110/Variants/Vest_TV110_arsarmaHSGI_MC_1.et,cash,280,140,16,16,0,0,0,1,{93A4F0BD81B92E80}Prefabs/Characters/Vests/Vest_TV110_Pouches/Pouch_MP118_PistolTako_MC.et;{4E673F87EA4B2C84}Prefabs/Characters/Vests/Vest_TV110_Pouches/Pouch_UP118_fannypack_MC.et;{A3DC8A3B052FDAD9}Prefabs/Characters/Vests/Vest_TV110_Pouches/Pouch_UP103_Medkit_MC.et;{8399ACE9807AE857}Prefabs/Characters/Vests/Vest_TV110_Pouches/Minimap_ArsArma_GMR_MC.et;{0E756333DF174CE8}Prefabs/Characters/Vests/Vest_TV110_Pouches/Pouch_UP111_radioClosed_MC.et;{65975AC25C5695DD}Prefabs/Characters/Vests/Vest_TV110_Pouches/Pouch_HP103_Holster_MC.et;{481F45BF8BF07037}Prefabs/Characters/Vests/Vest_Taktika_Pouches/Pouch_ArsArma_magouch_morphed_MC.et;{481F45BF8BF07037}Prefabs/Characters/Vests/Vest_Taktika_Pouches/Pouch_ArsArma_magouch_morphed_MC.et;{32C385404C395648}Prefabs/Characters/Vests/Vest_TV110_Pouches/Pouch_GP106_RGD_Pouch_MC.et;{7D639CF23CD6F1E9}Prefabs/Characters/Vests/Vest_TV110_Pouches/Pouch_UP113_DropPouch_MC.et;{007021611B006CFE}Prefabs/Characters/Vests/Vest_TV110_Pouches/Pouch_UP105_utilbig_MC.et;{32C385404C395648}Prefabs/Characters/Vests/Vest_TV110_Pouches/Pouch_GP106_RGD_Pouch_MC.et;{8B0DA8405586EC90}Prefabs/Characters/Vests/Vest_TV110_Pouches/Pouch_UP108_utillong_MC.et;{09754C616839DF48}Prefabs/Characters/Vests/Vest_TV110_Pouches/Pouch_GP106_RGD_Pouch_2_MC.et;{1A9C298DA7FDA8C9}Prefabs/Characters/Vests/Vest_TV110_Pouches/Pouch_UP104_utilmini_MC.et;{B7307B82844043AA}Prefabs/Characters/Vests/Vest_TV110_Pouches/Pouch_MP118_PistolTako2_MC.et
vest_tv110_arsarmahsgi_od,{121112B27DF888B2}Prefabs/Characters/Vests/Vest_TV110/Variants/Vest_TV110_arsarmaHSGI_OD.et,cash,220,110,19,19,0,0,0,1,{743E143FE7F62A6E}Prefabs/Characters/Vests/Vest_TV110_Pouches/Pouch_UP102_Admin_small_OD.et;{9D47CBAE76627B53}Prefabs/Characters/Vests/Vest_TV110_Pouches/Pouch_UP118_fannypack_OD.et;{70FC7E1299068D0E}Prefabs/Characters/Vests/Vest_TV110_Pouches/Pouch_UP103_Medkit_OD.et;{DD55971A433E1B3F}Prefabs/Characters/Vests/Vest_TV110_Pouches/Pouch_UP111_radioClosed_OD.et;{582D5C69C9AFBB47}Prefabs/Characters/Vests/Vest_TV110_Pouches/Pouch_UP108_utillong_OD.et;{2BCEFE3EAE777BE1}Prefabs/Characters/Vests/Vest_TV110_Pouches/Pouch_wartech_magpouch_mp103_OD.et;{2BCEFE3EAE777BE1}Prefabs/Characters/Vests/Vest_TV110_Pouches/Pouch_wartech_magpouch_mp103_OD.et;{9B3FB19617D927E0}Prefabs/Characters/Vests/Vest_Taktika_Pouches/Pouch_ArsArma_magouch_morphed_OD.et;{481F45BF8BF07037}Prefabs/Characters/Vests/Vest_Taktika_Pouches/Pouch_ArsArma_magouch_morphed_MC.et;{05CD790F33DDF9D6}Prefabs/Characters/Vests/Vest_TV110_Pouches/Pouch_HP103_Holster_Olive.et;{DCF54D613ACCE662}Prefabs/Characters/Vests/Vest_TV110_Pouches/Pouch_UP113_DropPouch_base.et;{6AC09512F7582357}Prefabs/Characters/Vests/Vest_TV110_Pouches/Pouch_UP120_utilmolleminus_base.et;{DA55B848F410889F}Prefabs/Characters/Vests/Vest_TV110_Pouches/Pouch_GP106_RGD_Pouch_2_OD.et;{3B30DE0E1F512495}Prefabs/Characters/Vests/Vest_TV110_Pouches/Pouch_MP111_PistolClosed2_OD.et;{DA55B848F410889F}Prefabs/Characters/Vests/Vest_TV110_Pouches/Pouch_GP106_RGD_Pouch_2_OD.et;{ADFB70D0C970680A}Prefabs/Characters/Vests/Vest_TV110_Pouches/Pouch_UP109_utillmid_OD.et;{54FB65C34AC5F701}Prefabs/Characters/Vests/Vest_TV110_Pouches/Pouch_MP111_PistolClosed_OD.et;{E1E37169D010019F}Prefabs/Characters/Vests/Vest_TV110_Pouches/Pouch_GP106_RGD_Pouch_OD.et;{DA55B848F410889F}Prefabs/Characters/Vests/Vest_TV110_Pouches/Pouch_GP106_RGD_Pouch_2_OD.et
vest_tv110_arsarmahsgi_od_2,{C9C65C6373C984B6}Prefabs/Characters/Vests/Vest_TV110/Variants/Vest_TV110_arsarmaHSGI_OD_2.et,cash,220,110,14,14,0,0,0,1,{70FC7E1299068D0E}Prefabs/Characters/Vests/Vest_TV110_Pouches/Pouch_UP103_Medkit_OD.et;{2BCEFE3EAE777BE1}Prefabs/Characters/Vests/Vest_TV110_Pouches/Pouch_wartech_magpouch_mp103_OD.et;{50B958C01C53BF80}Prefabs/Characters/Vests/Vest_TV110_Pouches/Minimap_ArsArma_GMR_OD.et;{DD55971A433E1B3F}Prefabs/Characters/Vests/Vest_TV110_Pouches/Pouch_UP111_radioClosed_OD.et;{B9DA1BF2791492A8}Prefabs/Characters/Vests/Vest_TV110_Pouches/Pouch_UP109_utillmid_base.et;{DA55B848F410889F}Prefabs/Characters/Vests/Vest_TV110_Pouches/Pouch_GP106_RGD_Pouch_2_OD.et;{2BCEFE3EAE777BE1}Prefabs/Characters/Vests/Vest_TV110_Pouches/Pouch_wartech_magpouch_mp103_OD.et;{9B3FB19617D927E0}Prefabs/Characters/Vests/Vest_Taktika_Pouches/Pouch_ArsArma_magouch_morphed_OD.et;{9B3FB19617D927E0}Prefabs/Characters/Vests/Vest_Taktika_Pouches/Pouch_ArsArma_magouch_morphed_OD.et;{AE4368DBA0FFA63E}Prefabs/Characters/Vests/Vest_TV110_Pouches/Pouch_UP113_DropPouch_OD.et;{3015931F34E2E360}Prefabs/Characters/Vests/Vest_TV110_Pouches/Pouch_UP101_Admin_big_OD.et;{05CD790F33DDF9D6}Prefabs/Characters/Vests/Vest_TV110_Pouches/Pouch_HP103_Holster_Olive.et;{64108FAB1869147D}Prefabs/Characters/Vests/Vest_TV110_Pouches/Pouch_MP118_PistolTako2_OD.et;{408404941D907957}Prefabs/Characters/Vests/Vest_TV110_Pouches/Pouch_MP118_PistolTako_OD.et
vest_tv110_arsarmahsgi_od_3,{2C5A109A7F2C13DD}Prefabs/Characters/Vests/Vest_TV110/Variants/Vest_TV110_arsarmaHSGI_OD_3.et,cash,220,110,12,12,0,0,0,1,{70FC7E1299068D0E}Prefabs/Characters/Vests/Vest_TV110_Pouches/Pouch_UP103_Medkit_OD.et;{DD55971A433E1B3F}Prefabs/Characters/Vests/Vest_TV110_Pouches/Pouch_UP111_radioClosed_OD.et;{481F45BF8BF07037}Prefabs/Characters/Vests/Vest_Taktika_Pouches/Pouch_ArsArma_magouch_morphed_MC.et;{54FB65C34AC5F701}Prefabs/Characters/Vests/Vest_TV110_Pouches/Pouch_MP111_PistolClosed_OD.et;{3B30DE0E1F512495}Prefabs/Characters/Vests/Vest_TV110_Pouches/Pouch_MP111_PistolClosed2_OD.et;{05CD790F33DDF9D6}Prefabs/Characters/Vests/Vest_TV110_Pouches/Pouch_HP103_Holster_Olive.et;{AE4368DBA0FFA63E}Prefabs/Characters/Vests/Vest_TV110_Pouches/Pouch_UP113_DropPouch_OD.et;{2BCEFE3EAE777BE1}Prefabs/Characters/Vests/Vest_TV110_Pouches/Pouch_wartech_magpouch_mp103_OD.et;{DA55B848F410889F}Prefabs/Characters/Vests/Vest_TV110_Pouches/Pouch_GP106_RGD_Pouch_2_OD.et;{E1E37169D010019F}Prefabs/Characters/Vests/Vest_TV110_Pouches/Pouch_GP106_RGD_Pouch_OD.et;{D350D54887293B29}Prefabs/Characters/Vests/Vest_TV110_Pouches/Pouch_UP105_utilbig_OD.et;{F8EE0A17325E2C36}Prefabs/Characters/Vests/Vest_TV110_Pouches/Pouch_wartech_magpouch_mp103_MC.et
vest_tv110_fg,{1434EE7D082F04D4}Prefabs/Characters/Vests/Vest_TV110/Vest_TV110_FG.et,cash,1600,800,3,1,600,300,0,1,{FF692FD5AFD43076}Prefabs/Characters/Vests/Vest_Ratnik_6B45/Plates/DestructibleArmorPlate_6B45_Granit_Front.et;{1486E991C03BE661}Prefabs/Characters/Vests/Vest_Ratnik_6B45/Plates/DestructibleArmorPlate_6B45_Granit_Back.et;{2D3F74ED95076159}Prefabs/Characters/Vests/Vest_TV110_Pouches/pouch_tv110_kangroo_FG.et
vest_tv110_mc,{A308204783491368}Prefabs/Characters/Vests/Vest_TV110/Vest_TV110_MC.et,cash,1600,800,3,1,600,300,0,1,{FF692FD5AFD43076}Prefabs/Characters/Vests/Vest_Ratnik_6B45/Plates/DestructibleArmorPlate_6B45_Granit_Front.et;{1486E991C03BE661}Prefabs/Characters/Vests/Vest_Ratnik_6B45/Plates/DestructibleArmorPlate_6B45_Granit_Back.et;{9A03BAD71E6176E5}Prefabs/Characters/Vests/Vest_TV110_Pouches/pouch_tv110_kangroo_MC.et
vest_tv110_od,{7028D46E1F6044BF}Prefabs/Characters/Vests/Vest_TV110/Vest_TV110_OD.et,cash,1600,800,3,1,600,300,0,1,{FF692FD5AFD43076}Prefabs/Characters/Vests/Vest_Ratnik_6B45/Plates/DestructibleArmorPlate_6B45_Granit_Front.et;{1486E991C03BE661}Prefabs/Characters/Vests/Vest_Ratnik_6B45/Plates/DestructibleArmorPlate_6B45_Granit_Back.et;{49234EFE82482132}Prefabs/Characters/Vests/Vest_TV110_Pouches/pouch_tv110_kangroo_OD.et
vest_tv115_coy,{AFA62768BA709071}Prefabs/Characters/Vests/Vest_TV115/Vest_TV115_Coy.et,cash,1600,800,2,0,600,300,0,1,{FF692FD5AFD43076}Prefabs/Characters/Vests/Vest_Ratnik_6B45/Plates/DestructibleArmorPlate_6B45_Granit_Front.et;{1486E991C03BE661}Prefabs/Characters/Vests/Vest_Ratnik_6B45/Plates/DestructibleArmorPlate_6B45_Granit_Back.et
vest_tv115_fg,{C075E10BDE38BA95}Prefabs/Characters/Vests/Vest_TV115/Vest_TV115_FG.et,cash,1600,800,2,0,600,300,0,1,{FF692FD5AFD43076}Prefabs/Characters/Vests/Vest_Ratnik_6B45/Plates/DestructibleArmorPlate_6B45_Granit_Front.et;{1486E991C03BE661}Prefabs/Characters/Vests/Vest_Ratnik_6B45/Plates/DestructibleArmorPlate_6B45_Granit_Back.et
vest_tv115_mc,{77492F31555EAD29}Prefabs/Characters/Vests/Vest_TV115/Vest_TV115_MC.et,cash,1600,800,2,0,600,300,0,1,{FF692FD5AFD43076}Prefabs/Characters/Vests/Vest_Ratnik_6B45/Plates/DestructibleArmorPlate_6B45_Granit_Front.et;{1486E991C03BE661}Prefabs/Characters/Vests/Vest_Ratnik_6B45/Plates/DestructibleArmorPlate_6B45_Granit_Back.et
vest_tv115_mg_fg,{F23AF79A715049C4}Prefabs/Characters/Vests/Vest_TV115/variants/Vest_TV115_MG_FG.et,cash,220,110,7,7,0,0,0,1,{53F0E9D91F7E7040}Prefabs/Characters/Vests/Vest_Taktika_Pouches/Pouch_Mordor_PKM.et;{53F0E9D91F7E7040}Prefabs/Characters/Vests/Vest_Taktika_Pouches/Pouch_Mordor_PKM.et;{14E044018E49CD65}Prefabs/Characters/Vests/Vest_TV110_Pouches/Pouch_UP103_Medkit_FG.et;{A86EC5AC85B35FA3}Prefabs/Characters/Vests/Vest_TV110_Pouches/Pouch_UP120_utilmolleminus_FG.et;{D2AB94F8D7308261}Prefabs/Characters/Vests/Vest_TV110_Pouches/Pouch_HP103_Holster_FG.et;{BE49825BE35FC8F4}Prefabs/Characters/Vests/Vest_TV110_Pouches/Pouch_GP106_RGD_Pouch_2_FG.et;{85FF4B7AC75F41F4}Prefabs/Characters/Vests/Vest_TV110_Pouches/Pouch_GP106_RGD_Pouch_FG.et
vest_tv115_mg_od,{9626CD89661F09AF}Prefabs/Characters/Vests/Vest_TV115/variants/Vest_TV115_MG_OD.et,cash,220,110,7,7,0,0,0,1,{953FD4E496EB2F24}Prefabs/Characters/Vests/Vest_Taktika_Pouches/Pouch_Mordor_PKM_olive.et;{953FD4E496EB2F24}Prefabs/Characters/Vests/Vest_Taktika_Pouches/Pouch_Mordor_PKM_olive.et;{70FC7E1299068D0E}Prefabs/Characters/Vests/Vest_TV110_Pouches/Pouch_UP103_Medkit_OD.et;{D350D54887293B29}Prefabs/Characters/Vests/Vest_TV110_Pouches/Pouch_UP105_utilbig_OD.et;{05CD790F33DDF9D6}Prefabs/Characters/Vests/Vest_TV110_Pouches/Pouch_HP103_Holster_Olive.et;{DA55B848F410889F}Prefabs/Characters/Vests/Vest_TV110_Pouches/Pouch_GP106_RGD_Pouch_2_OD.et;{E1E37169D010019F}Prefabs/Characters/Vests/Vest_TV110_Pouches/Pouch_GP106_RGD_Pouch_OD.et
vest_tv115_od,{A469DB18C977FAFE}Prefabs/Characters/Vests/Vest_TV115/Vest_TV115_OD.et,cash,1600,800,2,0,600,300,0,1,{FF692FD5AFD43076}Prefabs/Characters/Vests/Vest_Ratnik_6B45/Plates/DestructibleArmorPlate_6B45_Granit_Front.et;{1486E991C03BE661}Prefabs/Characters/Vests/Vest_Ratnik_6B45/Plates/DestructibleArmorPlate_6B45_Granit_Back.et
vest_tv115_rifleman_fg,{F53FB5276DEFF6DD}Prefabs/Characters/Vests/Vest_TV115/variants/Vest_TV115_Rifleman_FG.et,cash,220,110,12,12,0,0,0,1,{25DA77988320DACA}Prefabs/Characters/Vests/Vest_Taktika_Pouches/Pouch_ArsArma_magouch_morphed_ATACS.et;{25DA77988320DACA}Prefabs/Characters/Vests/Vest_Taktika_Pouches/Pouch_ArsArma_magouch_morphed_ATACS.et;{B74CEF5B90667B42}Prefabs/Characters/Vests/Vest_TV110_Pouches/Pouch_UP105_utilbig_FG.et;{14E044018E49CD65}Prefabs/Characters/Vests/Vest_TV110_Pouches/Pouch_UP103_Medkit_FG.et;{CA33342E733B1876}Prefabs/Characters/Vests/Vest_TV110_Pouches/pouch_tv115_FG.et;{D2AB94F8D7308261}Prefabs/Characters/Vests/Vest_TV110_Pouches/Pouch_HP103_Holster_FG.et;{5409A90C23ADA30B}Prefabs/Characters/Vests/Vest_TV110_Pouches/Pouch_UP101_Admin_big_FG.et;{30E75FD05D8AB76A}Prefabs/Characters/Vests/Vest_TV110_Pouches/Pouch_MP111_PistolClosed_FG.et;{000CB5B80F265416}Prefabs/Characters/Vests/Vest_TV110_Pouches/Pouch_MP118_PistolTako2_FG.et;{CA5F52C8B7B0E655}Prefabs/Characters/Vests/Vest_TV110_Pouches/Pouch_UP113_DropPouch_FG.et;{BE49825BE35FC8F4}Prefabs/Characters/Vests/Vest_TV110_Pouches/Pouch_GP106_RGD_Pouch_2_FG.et;{85FF4B7AC75F41F4}Prefabs/Characters/Vests/Vest_TV110_Pouches/Pouch_GP106_RGD_Pouch_FG.et
vest_tv115_rifleman_mc,{42037B1DE689E161}Prefabs/Characters/Vests/Vest_TV115/variants/Vest_TV115_Rifleman_MC.et,cash,220,110,12,12,0,0,0,1,{481F45BF8BF07037}Prefabs/Characters/Vests/Vest_Taktika_Pouches/Pouch_ArsArma_magouch_morphed_MC.et;{481F45BF8BF07037}Prefabs/Characters/Vests/Vest_Taktika_Pouches/Pouch_ArsArma_magouch_morphed_MC.et;{007021611B006CFE}Prefabs/Characters/Vests/Vest_TV110_Pouches/Pouch_UP105_utilbig_MC.et;{A3DC8A3B052FDAD9}Prefabs/Characters/Vests/Vest_TV110_Pouches/Pouch_UP103_Medkit_MC.et;{21A78B1CAD37A759}Prefabs/Characters/Vests/Vest_TV110_Pouches/pouch_tv115_MC.et;{65975AC25C5695DD}Prefabs/Characters/Vests/Vest_TV110_Pouches/Pouch_HP103_Holster_MC.et;{E3356736A8CBB4B7}Prefabs/Characters/Vests/Vest_TV110_Pouches/Pouch_UP101_Admin_big_MC.et;{87DB91EAD6ECA0D6}Prefabs/Characters/Vests/Vest_TV110_Pouches/Pouch_MP111_PistolClosed_MC.et;{B7307B82844043AA}Prefabs/Characters/Vests/Vest_TV110_Pouches/Pouch_MP118_PistolTako2_MC.et;{7D639CF23CD6F1E9}Prefabs/Characters/Vests/Vest_TV110_Pouches/Pouch_UP113_DropPouch_MC.et;{09754C616839DF48}Prefabs/Characters/Vests/Vest_TV110_Pouches/Pouch_GP106_RGD_Pouch_2_MC.et;{32C385404C395648}Prefabs/Characters/Vests/Vest_TV110_Pouches/Pouch_GP106_RGD_Pouch_MC.et
vest_tv115_rifleman_od,{91238F347AA0B6B6}Prefabs/Characters/Vests/Vest_TV115/variants/Vest_TV115_Rifleman_OD.et,cash,220,110,12,12,0,0,0,1,{9B3FB19617D927E0}Prefabs/Characters/Vests/Vest_Taktika_Pouches/Pouch_ArsArma_magouch_morphed_OD.et;{9B3FB19617D927E0}Prefabs/Characters/Vests/Vest_Taktika_Pouches/Pouch_ArsArma_magouch_morphed_OD.et;{70FC7E1299068D0E}Prefabs/Characters/Vests/Vest_TV110_Pouches/Pouch_UP103_Medkit_OD.et;{582D5C69C9AFBB47}Prefabs/Characters/Vests/Vest_TV110_Pouches/Pouch_UP108_utillong_OD.et;{AE2F0E3D6474581D}Prefabs/Characters/Vests/Vest_TV110_Pouches/pouch_tv115_OD.et;{2BCEFE3EAE777BE1}Prefabs/Characters/Vests/Vest_TV110_Pouches/Pouch_wartech_magpouch_mp103_OD.et;{FF1EA8C9DBF160FC}Prefabs/Characters/Vests/Vest_TV110_Pouches/Pouch_UP101_Admin_big_base.et;{84C4ED4CE6DD42F0}Prefabs/Characters/Vests/Vest_Taktika_Pouches/Pouch_Taktika_magpouch_pistol_BLK.et;{E1E37169D010019F}Prefabs/Characters/Vests/Vest_TV110_Pouches/Pouch_GP106_RGD_Pouch_OD.et;{AE4368DBA0FFA63E}Prefabs/Characters/Vests/Vest_TV110_Pouches/Pouch_UP113_DropPouch_OD.et;{DA55B848F410889F}Prefabs/Characters/Vests/Vest_TV110_Pouches/Pouch_GP106_RGD_Pouch_2_OD.et;{DA55B848F410889F}Prefabs/Characters/Vests/Vest_TV110_Pouches/Pouch_GP106_RGD_Pouch_2_OD.et
vest_tv115_rifleman_od2,{46CD5E10628CF628}Prefabs/Characters/Vests/Vest_TV115/variants/Vest_TV115_Rifleman_OD2.et,cash,220,110,9,9,0,0,0,1,{9B3FB19617D927E0}Prefabs/Characters/Vests/Vest_Taktika_Pouches/Pouch_ArsArma_magouch_morphed_OD.et;{9B3FB19617D927E0}Prefabs/Characters/Vests/Vest_Taktika_Pouches/Pouch_ArsArma_magouch_morphed_OD.et;{70FC7E1299068D0E}Prefabs/Characters/Vests/Vest_TV110_Pouches/Pouch_UP103_Medkit_OD.et;{D350D54887293B29}Prefabs/Characters/Vests/Vest_TV110_Pouches/Pouch_UP105_utilbig_OD.et;{AE2F0E3D6474581D}Prefabs/Characters/Vests/Vest_TV110_Pouches/pouch_tv115_OD.et;{DA55B848F410889F}Prefabs/Characters/Vests/Vest_TV110_Pouches/Pouch_GP106_RGD_Pouch_2_OD.et;{AC60F2E68FA2E0F9}Prefabs/Characters/Vests/Vest_TV110_Pouches/Pouch_UP104_utilmini_base.et;{AE4368DBA0FFA63E}Prefabs/Characters/Vests/Vest_TV110_Pouches/Pouch_UP113_DropPouch_OD.et;{9D47CBAE76627B53}Prefabs/Characters/Vests/Vest_TV110_Pouches/Pouch_UP118_fannypack_OD.et
vest_tv115_triple_coy,{6C488F1ACA762550}Prefabs/Characters/Vests/Vest_TV115/variants/Vest_TV115_triple_coy.et,cash,160,80,1,1,0,0,0,1,{31E8D5E8F461C548}Prefabs/Characters/Vests/Vest_TV110_Pouches/pouch_tv115_Coy.et
vest_tv115_triple_od,{59B528954A9AAD93}Prefabs/Characters/Vests/Vest_TV115/variants/Vest_TV115_triple_od.et,cash,160,80,1,1,0,0,0,1,{AE2F0E3D6474581D}Prefabs/Characters/Vests/Vest_TV110_Pouches/pouch_tv115_OD.et
vest_tv119_coy,{56F032CB6D743D49}Prefabs/Characters/Vests/Vest_TV119/Vest_TV119_Coy.et,cash,1600,800,2,0,600,300,0,1,{FF692FD5AFD43076}Prefabs/Characters/Vests/Vest_Ratnik_6B45/Plates/DestructibleArmorPlate_6B45_Granit_Front.et;{1486E991C03BE661}Prefabs/Characters/Vests/Vest_Ratnik_6B45/Plates/DestructibleArmorPlate_6B45_Granit_Back.et
vest_tv119_fg,{B2791456BFE724FA}Prefabs/Characters/Vests/Vest_TV119/Vest_TV119_FG.et,cash,1600,800,2,0,600,300,0,1,{FF692FD5AFD43076}Prefabs/Characters/Vests/Vest_Ratnik_6B45/Plates/DestructibleArmorPlate_6B45_Granit_Front.et;{1486E991C03BE661}Prefabs/Characters/Vests/Vest_Ratnik_6B45/Plates/DestructibleArmorPlate_6B45_Granit_Back.et
vest_tv119_mc,{0545DA6C34813346}Prefabs/Characters/Vests/Vest_TV119/Vest_TV119_MC.et,cash,1600,800,2,0,600,300,0,1,{FF692FD5AFD43076}Prefabs/Characters/Vests/Vest_Ratnik_6B45/Plates/DestructibleArmorPlate_6B45_Granit_Front.et;{1486E991C03BE661}Prefabs/Characters/Vests/Vest_Ratnik_6B45/Plates/DestructibleArmorPlate_6B45_Granit_Back.et
vest_tv119_mp105_fg,{CD5B541F165C2EBE}Prefabs/Characters/Vests/Vest_TV119/variants/Vest_TV119_mp105_fg.et,cash,220,110,9,9,0,0,0,1,{38E9B184D50FEA5A}Prefabs/Characters/Vests/Vest_TV110_Pouches/Pouch_wartech_magpouch_mp105_3_FG.et;{5A9864B6D519DC84}Prefabs/Characters/Vests/Vest_TV110_Pouches/Pouch_wartech_magpouch_mp105_FG.et;{5A9864B6D519DC84}Prefabs/Characters/Vests/Vest_TV110_Pouches/Pouch_wartech_magpouch_mp105_FG.et;{B949AD0954715B54}Prefabs/Characters/Vests/Vest_TV110_Pouches/Pouch_UP111_radioClosed_FG.et;{F95BF1BD612D3B38}Prefabs/Characters/Vests/Vest_TV110_Pouches/Pouch_UP118_fannypack_FG.et;{C9E74AC3DE3F2861}Prefabs/Characters/Vests/Vest_TV110_Pouches/Pouch_UP109_utillmid_FG.et;{30E75FD05D8AB76A}Prefabs/Characters/Vests/Vest_TV110_Pouches/Pouch_MP111_PistolClosed_FG.et;{5063FC55C40B6B26}Prefabs/Characters/Vests/Vest_TV110_Pouches/Pouch_MP111_PistolClosed2_FG.et;{65BED7E34AF9F9D5}Prefabs/Characters/Vests/Vest_TV110_Pouches/Pouch_TV119_front_molle_base.et
vest_tv119_mp105_fg_belt,{DDD273999F3FF9BA}Prefabs/Characters/Vests/Vest_TV119/variants/Vest_TV119_mp105_fg_belt.et,cash,220,110,19,19,0,0,0,1,{38E9B184D50FEA5A}Prefabs/Characters/Vests/Vest_TV110_Pouches/Pouch_wartech_magpouch_mp105_3_FG.et;{5A9864B6D519DC84}Prefabs/Characters/Vests/Vest_TV110_Pouches/Pouch_wartech_magpouch_mp105_FG.et;{5A9864B6D519DC84}Prefabs/Characters/Vests/Vest_TV110_Pouches/Pouch_wartech_magpouch_mp105_FG.et;{B949AD0954715B54}Prefabs/Characters/Vests/Vest_TV110_Pouches/Pouch_UP111_radioClosed_FG.et;{F95BF1BD612D3B38}Prefabs/Characters/Vests/Vest_TV110_Pouches/Pouch_UP118_fannypack_FG.et;{C9E74AC3DE3F2861}Prefabs/Characters/Vests/Vest_TV110_Pouches/Pouch_UP109_utillmid_FG.et;{BE49825BE35FC8F4}Prefabs/Characters/Vests/Vest_TV110_Pouches/Pouch_GP106_RGD_Pouch_2_FG.et;{85FF4B7AC75F41F4}Prefabs/Characters/Vests/Vest_TV110_Pouches/Pouch_GP106_RGD_Pouch_FG.et;{30E75FD05D8AB76A}Prefabs/Characters/Vests/Vest_TV110_Pouches/Pouch_MP111_PistolClosed_FG.et;{5063FC55C40B6B26}Prefabs/Characters/Vests/Vest_TV110_Pouches/Pouch_MP111_PistolClosed2_FG.et;{25DA77988320DACA}Prefabs/Characters/Vests/Vest_Taktika_Pouches/Pouch_ArsArma_magouch_morphed_ATACS.et;{D2AB94F8D7308261}Prefabs/Characters/Vests/Vest_TV110_Pouches/Pouch_HP103_Holster_FG.et;{25DA77988320DACA}Prefabs/Characters/Vests/Vest_Taktika_Pouches/Pouch_ArsArma_magouch_morphed_ATACS.et;{14E044018E49CD65}Prefabs/Characters/Vests/Vest_TV110_Pouches/Pouch_UP103_Medkit_FG.et;{CA5F52C8B7B0E655}Prefabs/Characters/Vests/Vest_TV110_Pouches/Pouch_UP113_DropPouch_FG.et;{ADA0E7B72C9BBF75}Prefabs/Characters/Vests/Vest_TV110_Pouches/Pouch_UP104_utilmini_FG.et;{47E8AA80D344EFE7}Prefabs/Characters/Vests/Vest_TV110_Pouches/Pouch_wartech_magpouch_mp117_fg_2.et;{F9BC9A3FA33E8287}Prefabs/Characters/Vests/Vest_TV110_Pouches/Pouch_wartech_magpouch_mp117_fg.et;{65BED7E34AF9F9D5}Prefabs/Characters/Vests/Vest_TV110_Pouches/Pouch_TV119_front_molle_base.et
vest_tv119_od,{D6652E45A8A86491}Prefabs/Characters/Vests/Vest_TV119/Vest_TV119_OD.et,cash,1600,800,2,0,600,300,0,1,{FF692FD5AFD43076}Prefabs/Characters/Vests/Vest_Ratnik_6B45/Plates/DestructibleArmorPlate_6B45_Granit_Front.et;{1486E991C03BE661}Prefabs/Characters/Vests/Vest_Ratnik_6B45/Plates/DestructibleArmorPlate_6B45_Granit_Back.et
vest_tv150_mc,{35958C7FA91365F1}Prefabs/Characters/Vests/Vest_TV150/Vest_TV150_MC.et,cash,1600,800,2,0,600,300,0,1,{FF692FD5AFD43076}Prefabs/Characters/Vests/Vest_Ratnik_6B45/Plates/DestructibleArmorPlate_6B45_Granit_Front.et;{1486E991C03BE661}Prefabs/Characters/Vests/Vest_Ratnik_6B45/Plates/DestructibleArmorPlate_6B45_Granit_Back.et
vest_tv150_mcblk,{699F2FC5DF881F14}Prefabs/Characters/Vests/Vest_TV150/Vest_TV150_MCBlk.et,cash,1300,650,2,0,600,300,0,1,{FF692FD5AFD43076}Prefabs/Characters/Vests/Vest_Ratnik_6B45/Plates/DestructibleArmorPlate_6B45_Granit_Front.et;{1486E991C03BE661}Prefabs/Characters/Vests/Vest_Ratnik_6B45/Plates/DestructibleArmorPlate_6B45_Granit_Back.et
vest_tv150_mcblk_ronin,{78E4A0D1061C8258}Prefabs/Characters/Vests/Vest_TV150/variants/Vest_TV150_MCBlk_ronin.et,cash,340,170,8,8,0,0,0,1,{78C625C4CCFD54E6}Prefabs/Characters/Vests/Vest_TV110_Pouches/Pouch_TV150_front_molle_MCBlk.et;{A666C7EA6A873558}Prefabs/Characters/Vests/Vest_PCGen_III_Pouches/Pouch_Highspeed_Bleeder_MCBlk.et;{EC30B9F4596F1E57}Prefabs/Characters/Vests/Vest_PCGen_III_Pouches/Pouch_Highspeed_Pistol_MCBlk.et;{EC30B9F4596F1E57}Prefabs/Characters/Vests/Vest_PCGen_III_Pouches/Pouch_Highspeed_Pistol_MCBlk.et;{42803A2880386367}Prefabs/Characters/Vests/Vest_JPC_Pouches/Pouch_AVS_MBITR_Radio_MCBlk.et;{658C2BC6EDE545DE}Prefabs/Characters/Vests/Vest_PCGen_III_Pouches/Pouch_PCGEN3_takoPouch_MCBlk.et;{658C2BC6EDE545DE}Prefabs/Characters/Vests/Vest_PCGen_III_Pouches/Pouch_PCGEN3_takoPouch_MCBlk.et;{2160B3182002C9FD}Prefabs/Characters/Vests/Vest_JPC_Pouches/Pouch_avs_front_closed_MCBlk.et
vest_tv150_rgr,{35FF6F97064F26B1}Prefabs/Characters/Vests/Vest_TV150/Vest_TV150_RGR.et,cash,1600,800,2,0,600,300,0,1,{FF692FD5AFD43076}Prefabs/Characters/Vests/Vest_Ratnik_6B45/Plates/DestructibleArmorPlate_6B45_Granit_Front.et;{1486E991C03BE661}Prefabs/Characters/Vests/Vest_Ratnik_6B45/Plates/DestructibleArmorPlate_6B45_Granit_Back.et
vest_tv150_rifleman_mc,{A7DAD7C2E845338D}Prefabs/Characters/Vests/Vest_TV150/variants/Vest_TV150_rifleman_MC.et,cash,220,110,16,16,0,0,0,1,{481F45BF8BF07037}Prefabs/Characters/Vests/Vest_Taktika_Pouches/Pouch_ArsArma_magouch_morphed_MC.et;{481F45BF8BF07037}Prefabs/Characters/Vests/Vest_Taktika_Pouches/Pouch_ArsArma_magouch_morphed_MC.et;{A3DC8A3B052FDAD9}Prefabs/Characters/Vests/Vest_TV110_Pouches/Pouch_UP103_Medkit_MC.et;{0E756333DF174CE8}Prefabs/Characters/Vests/Vest_TV110_Pouches/Pouch_UP111_radioClosed_MC.et;{7EDB84F955593FDD}Prefabs/Characters/Vests/Vest_TV110_Pouches/Pouch_UP109_utillmid_MC.et;{65975AC25C5695DD}Prefabs/Characters/Vests/Vest_TV110_Pouches/Pouch_HP103_Holster_MC.et;{7D639CF23CD6F1E9}Prefabs/Characters/Vests/Vest_TV110_Pouches/Pouch_UP113_DropPouch_MC.et;{09754C616839DF48}Prefabs/Characters/Vests/Vest_TV110_Pouches/Pouch_GP106_RGD_Pouch_2_MC.et;{8FD57FBE5E69FDE6}Prefabs/Characters/Vests/Vest_TV110_Pouches/Pouch_wartech_magpouch_mp105_3_MC.et;{32C385404C395648}Prefabs/Characters/Vests/Vest_TV110_Pouches/Pouch_GP106_RGD_Pouch_MC.et;{09754C616839DF48}Prefabs/Characters/Vests/Vest_TV110_Pouches/Pouch_GP106_RGD_Pouch_2_MC.et;{87DB91EAD6ECA0D6}Prefabs/Characters/Vests/Vest_TV110_Pouches/Pouch_MP111_PistolClosed_MC.et;{E75F326F4F6D7C9A}Prefabs/Characters/Vests/Vest_TV110_Pouches/Pouch_MP111_PistolClosed2_MC.et;{4E673F87EA4B2C84}Prefabs/Characters/Vests/Vest_TV110_Pouches/Pouch_UP118_fannypack_MC.et;{4819EF23AB3FBEEA}Prefabs/Characters/Vests/Vest_TV110_Pouches/Pouch_wartech_magpouch_mp105_2_MC.et;{4572DD99994F1759}Prefabs/Characters/Vests/Vest_TV110_Pouches/Pouch_TV150_front_molle_MC.et
vest_tv150_rifleman_od,{14D5807D29E615C0}Prefabs/Characters/Vests/Vest_TV150/variants/Vest_TV150_rifleman_OD.et,cash,280,140,16,16,0,0,0,1,{9B3FB19617D927E0}Prefabs/Characters/Vests/Vest_Taktika_Pouches/Pouch_ArsArma_magouch_morphed_OD.et;{9B3FB19617D927E0}Prefabs/Characters/Vests/Vest_Taktika_Pouches/Pouch_ArsArma_magouch_morphed_OD.et;{70FC7E1299068D0E}Prefabs/Characters/Vests/Vest_TV110_Pouches/Pouch_UP103_Medkit_OD.et;{DD55971A433E1B3F}Prefabs/Characters/Vests/Vest_TV110_Pouches/Pouch_UP111_radioClosed_OD.et;{ADFB70D0C970680A}Prefabs/Characters/Vests/Vest_TV110_Pouches/Pouch_UP109_utillmid_OD.et;{05CD790F33DDF9D6}Prefabs/Characters/Vests/Vest_TV110_Pouches/Pouch_HP103_Holster_Olive.et;{AE4368DBA0FFA63E}Prefabs/Characters/Vests/Vest_TV110_Pouches/Pouch_UP113_DropPouch_OD.et;{DA55B848F410889F}Prefabs/Characters/Vests/Vest_TV110_Pouches/Pouch_GP106_RGD_Pouch_2_OD.et;{5CF58B97C240AA31}Prefabs/Characters/Vests/Vest_TV110_Pouches/Pouch_wartech_magpouch_mp105_3_OD.et;{E1E37169D010019F}Prefabs/Characters/Vests/Vest_TV110_Pouches/Pouch_GP106_RGD_Pouch_OD.et;{DA55B848F410889F}Prefabs/Characters/Vests/Vest_TV110_Pouches/Pouch_GP106_RGD_Pouch_2_OD.et;{54FB65C34AC5F701}Prefabs/Characters/Vests/Vest_TV110_Pouches/Pouch_MP111_PistolClosed_OD.et;{3B30DE0E1F512495}Prefabs/Characters/Vests/Vest_TV110_Pouches/Pouch_MP111_PistolClosed2_OD.et;{9D47CBAE76627B53}Prefabs/Characters/Vests/Vest_TV110_Pouches/Pouch_UP118_fannypack_OD.et;{9B391B0A3716E93D}Prefabs/Characters/Vests/Vest_TV110_Pouches/Pouch_wartech_magpouch_mp105_2_OD.et;{965229B00566408E}Prefabs/Characters/Vests/Vest_TV110_Pouches/Pouch_TV150_front_molle_OD.et
vest_type56,{ED5574EA7F63B457}Prefabs/Characters/Vests/Vest_Type56/Vest_Type56.et,cash,30,15,0,0,0,0,0,1,
backpack_511_rush12_black,{DF886C6B22F49827}Prefabs/Items/Equipment/Backpacks/backpack_511_rush12/Backpack_511_rush12_black.et,cash,140,70,0,0,0,0,0,1,
backpack_511_rush12_coy,{46D824AAD12330B2}Prefabs/Items/Equipment/Backpacks/backpack_511_rush12/Backpack_511_rush12_Coy.et,cash,140,70,0,0,0,0,0,1,
backpack_511_rush12_grey,{F295A08AC4B2C3A7}Prefabs/Items/Equipment/Backpacks/backpack_511_rush12/Backpack_511_rush12_grey.et,cash,140,70,0,0,0,0,0,1,
backpack_511_rush12_mc,{4A93B3F0B33FF104}Prefabs/Items/Equipment/Backpacks/backpack_511_rush12/Backpack_511_rush12_MC.et,cash,140,70,0,0,0,0,0,1,
backpack_511_rush12_od,{99B347D92F16A6D3}Prefabs/Items/Equipment/Backpacks/backpack_511_rush12/Backpack_511_rush12_od.et,cash,140,70,0,0,0,0,0,1,
backpack_alice_medium_assembled,{5C5C6EE05EE2FF1A}Prefabs/Items/Equipment/Backpacks/Backpack_ALICE_Medium_assembled.et,cash,80,40,0,0,0,0,0,1,
backpack_iifs_fieldpack,{95D4766BBE46F23D}Prefabs/Items/Equipment/Backpacks/Backpack_IIFS_FieldPack.et,cash,150,75,0,0,0,0,0,1,
backpack_kolobok,{41A9C55B61F375F0}Prefabs/Items/Equipment/Backpacks/Backpack_Kolobok.et,cash,60,30,0,0,0,0,0,1,
backpack_m70_swiss,{FDA7B6630DB87991}Prefabs/Items/Equipment/Backpacks/Backpack_M70_Swiss.et,cash,40,20,0,0,0,0,0,1,
backpack_medical_m5,{4805E67E2AE30F8D}Prefabs/Items/Equipment/Backpacks/Backpack_Medical_M5.et,cash,150,75,0,0,0,0,0,1,
backpack_medical_soviet,{7AC107CA7AFC9B59}Prefabs/Items/Equipment/Backpacks/Backpack_Medical_Soviet.et,cash,150,75,0,0,0,0,0,1,
backpack_medical_soviet_02,{79015191C0E77E48}Prefabs/Items/Equipment/Backpacks/Backpack_Medical_Soviet_02.et,cash,150,75,0,0,0,0,0,1,
backpack_medical_soviet_nocross_01,{AC298BA8A7D27007}Prefabs/Items/Equipment/Backpacks/Backpack_Medical_Soviet_NoCross_01.et,cash,150,75,0,0,0,0,0,1,
backpack_medical_soviet_nocross_02,{E90F2EB67A9CF49A}Prefabs/Items/Equipment/Backpacks/Backpack_Medical_Soviet_NoCross_02.et,cash,150,75,0,0,0,0,0,1,
backpack_ratnik_6b46,{43802D2484B1C1A1}Prefabs/Items/Equipment/Backpacks/backpack_Ratnik_6B46/Backpack_Ratnik_6B46.et,cash,120,60,0,0,0,0,0,1,
backpack_ratnik_6sh117,{924B2ABFFF994188}Prefabs/Items/Equipment/Backpacks/backpack_Ratnik_6sh117/Backpack_Ratnik_6sh117.et,cash,120,60,0,0,0,0,0,1,
backpack_ratnik_6sh118,{064B7836FE60606D}Prefabs/Items/Equipment/Backpacks/backpack_Ratnik_6sh118/Backpack_Ratnik_6sh118.et,cash,120,60,0,0,0,0,0,1,
backpack_rpg_assistant,{6A39B5843B3F36DA}Prefabs/Items/Equipment/Backpacks/Backpack_RPG_Assistant.et,cash,60,30,0,0,0,0,0,1,
backpack_rpg_assistant_black,{26223738A07F8202}Prefabs/Items/Equipment/Backpacks/Backpack_RPG_Assistant_Black.et,cash,60,30,0,0,0,0,0,1,
backpack_rpg_gunner,{0D39750E5695B9D8}Prefabs/Items/Equipment/Backpacks/Backpack_RPG_Gunner.et,cash,60,30,0,0,0,0,0,1,
backpack_rpg_gunner_black,{9A201604DEF3BAAC}Prefabs/Items/Equipment/Backpacks/Backpack_RPG_Gunner_Black.et,cash,60,30,0,0,0,0,0,1,
backpack_suharka_type1,{CAEDE923EF4071AE}Prefabs/Items/Equipment/Backpacks/Backpack_Suharka_type1.et,cash,30,15,0,0,0,0,0,1,
backpack_suharka_type2,{A6B9DDC35384FE80}Prefabs/Items/Equipment/Backpacks/Backpack_Suharka_type2.et,cash,30,15,0,0,0,0,0,1,
backpack_veshmeshok,{3DE0155EC9767B98}Prefabs/Items/Equipment/Backpacks/Backpack_Veshmeshok.et,cash,30,15,0,0,0,0,0,1,
backpack_veshmeshok_black,{443304F1EC50BC27}Prefabs/Items/Equipment/Backpacks/Backpack_Veshmeshok_Black.et,cash,30,15,0,0,0,0,0,1,
backpack_wartech_bb102_emr,{45DC01791EBE2349}Prefabs/Items/Equipment/Backpacks/backpack_Wartech_BB102/Backpack_Wartech_BB102_EMR.et,cash,150,75,0,0,0,0,0,1,
backpack_wartech_bb102_fg,{72DB97161FBA7AF0}Prefabs/Items/Equipment/Backpacks/backpack_Wartech_BB102/Backpack_Wartech_BB102_FG.et,cash,150,75,0,0,0,0,0,1,
backpack_wartech_bb102_mc,{C5E7592C94DC6D4C}Prefabs/Items/Equipment/Backpacks/backpack_Wartech_BB102/Backpack_Wartech_BB102_MC.et,cash,150,75,0,0,0,0,0,1,
backpack_wartech_bb102_od,{16C7AD0508F53A9B}Prefabs/Items/Equipment/Backpacks/backpack_Wartech_BB102/Backpack_Wartech_BB102_OD.et,cash,150,75,0,0,0,0,0,1,
filbe_backpack,{48602F57998AB597}Prefabs/Items/Equipment/Backpacks/FILBE_Backpack.et,cash,200,100,0,0,0,0,0,1,
filbe_backpack_heavy,{BC4ABD18AF9564D5}Prefabs/Items/Equipment/Backpacks/FILBE_Backpack_Heavy.et,cash,200,100,0,0,0,0,0,1,
filbe_hydration_pack,{9A26D311900C33EE}Prefabs/Items/Equipment/Backpacks/FILBE_hydration_pack.et,cash,200,100,0,0,0,0,0,1,
touristseat,{E3440CF34DC399B0}Prefabs/Items/Equipment/Backpacks/TouristSeat.et,cash,15,7,0,0,0,0,0,1,
ace_medical_ammoniumcarbonatepackage,{58CF3AB87C441295}Prefabs/Items/Medicine/AmmoniumCarbonatePackage/ACE_Medical_AmmoniumCarbonatePackage.et,cash,5,2,0,0,0,0,0,1,
ace_medical_epinephrineinjection,{5B2FD067D70C1E8F}Prefabs/Items/Medicine/EpinephrineInjection/ACE_Medical_EpinephrineInjection.et,cash,100,50,0,0,0,0,0,1,
ace_medical_metoprololinjection,{D0434D5215B54181}Prefabs/Items/Medicine/MetoprololInjection/ACE_Medical_MetoprololInjection.et,cash,20,10,0,0,0,0,0,1,
ace_medical_naloxoneinjection,{02DD34077F51F65E}Prefabs/Items/Medicine/NaloxoneInjection/ACE_Medical_NaloxoneInjection.et,cash,50,25,0,0,0,0,0,1,
ace_medical_phenylephrineinjection,{9BBA766CD869002C}Prefabs/Items/Medicine/PhenylephrineInjection/ACE_Medical_PhenylephrineInjection.et,cash,30,15,0,0,0,0,0,1,
fielddressing_us_01,{A81F501D3EF6F38E}Prefabs/Items/Medicine/FieldDressing_01/FieldDressing_US_01.et,cash,8,4,0,0,0,0,0,1,
fielddressing_ussr_01,{C3F1FA1E2EC2B345}Prefabs/Items/Medicine/FieldDressing_01/FieldDressing_USSR_01.et,cash,8,4,0,0,0,0,0,1,
medicalkit_01_fia,{9132672C4D9B2102}Prefabs/Items/Equipment/Kits/MedicalKit_01/MedicalKit_01_FIA.et,cash,500,250,59,0,1989,989,1,1,{0D9A5DCF89AE7AA9}Prefabs/Items/Medicine/MorphineInjection_01/MorphineInjection_01.et;{0D9A5DCF89AE7AA9}Prefabs/Items/Medicine/MorphineInjection_01/MorphineInjection_01.et;{0D9A5DCF89AE7AA9}Prefabs/Items/Medicine/MorphineInjection_01/MorphineInjection_01.et;{0D9A5DCF89AE7AA9}Prefabs/Items/Medicine/MorphineInjection_01/MorphineInjection_01.et;{0D9A5DCF89AE7AA9}Prefabs/Items/Medicine/MorphineInjection_01/MorphineInjection_01.et;{0D9A5DCF89AE7AA9}Prefabs/Items/Medicine/MorphineInjection_01/MorphineInjection_01.et;{0D9A5DCF89AE7AA9}Prefabs/Items/Medicine/MorphineInjection_01/MorphineInjection_01.et;{0D9A5DCF89AE7AA9}Prefabs/Items/Medicine/MorphineInjection_01/MorphineInjection_01.et;{5B2FD067D70C1E8F}Prefabs/Items/Medicine/EpinephrineInjection/ACE_Medical_EpinephrineInjection.et;{5B2FD067D70C1E8F}Prefabs/Items/Medicine/EpinephrineInjection/ACE_Medical_EpinephrineInjection.et;{5B2FD067D70C1E8F}Prefabs/Items/Medicine/EpinephrineInjection/ACE_Medical_EpinephrineInjection.et;{5B2FD067D70C1E8F}Prefabs/Items/Medicine/EpinephrineInjection/ACE_Medical_EpinephrineInjection.et;{5B2FD067D70C1E8F}Prefabs/Items/Medicine/EpinephrineInjection/ACE_Medical_EpinephrineInjection.et;{5B2FD067D70C1E8F}Prefabs/Items/Medicine/EpinephrineInjection/ACE_Medical_EpinephrineInjection.et;{5B2FD067D70C1E8F}Prefabs/Items/Medicine/EpinephrineInjection/ACE_Medical_EpinephrineInjection.et;{5B2FD067D70C1E8F}Prefabs/Items/Medicine/EpinephrineInjection/ACE_Medical_EpinephrineInjection.et;{C3F1FA1E2EC2B345}Prefabs/Items/Medicine/FieldDressing_01/FieldDressing_USSR_01.et;{C3F1FA1E2EC2B345}Prefabs/Items/Medicine/FieldDressing_01/FieldDressing_USSR_01.et;{C3F1FA1E2EC2B345}Prefabs/Items/Medicine/FieldDressing_01/FieldDressing_USSR_01.et;{C3F1FA1E2EC2B345}Prefabs/Items/Medicine/FieldDressing_01/FieldDressing_USSR_01.et;{C3F1FA1E2EC2B345}Prefabs/Items/Medicine/FieldDressing_01/FieldDressing_USSR_01.et;{C3F1FA1E2EC2B345}Prefabs/Items/Medicine/FieldDressing_01/FieldDressing_USSR_01.et;{C3F1FA1E2EC2B345}Prefabs/Items/Medicine/FieldDressing_01/FieldDressing_USSR_01.et;{C3F1FA1E2EC2B345}Prefabs/Items/Medicine/FieldDressing_01/FieldDressing_USSR_01.et;{527D7C5D2E476BDC}Prefabs/Items/Medicine/SalineBag_01/SalineBag_USSR_01.et;{527D7C5D2E476BDC}Prefabs/Items/Medicine/SalineBag_01/SalineBag_USSR_01.et;{527D7C5D2E476BDC}Prefabs/Items/Medicine/SalineBag_01/SalineBag_USSR_01.et;{58CF3AB87C441295}Prefabs/Items/Medicine/AmmoniumCarbonatePackage/ACE_Medical_AmmoniumCarbonatePackage.et;{58CF3AB87C441295}Prefabs/Items/Medicine/AmmoniumCarbonatePackage/ACE_Medical_AmmoniumCarbonatePackage.et;{58CF3AB87C441295}Prefabs/Items/Medicine/AmmoniumCarbonatePackage/ACE_Medical_AmmoniumCarbonatePackage.et;{58CF3AB87C441295}Prefabs/Items/Medicine/AmmoniumCarbonatePackage/ACE_Medical_AmmoniumCarbonatePackage.et;{58CF3AB87C441295}Prefabs/Items/Medicine/AmmoniumCarbonatePackage/ACE_Medical_AmmoniumCarbonatePackage.et;{58CF3AB87C441295}Prefabs/Items/Medicine/AmmoniumCarbonatePackage/ACE_Medical_AmmoniumCarbonatePackage.et;{58CF3AB87C441295}Prefabs/Items/Medicine/AmmoniumCarbonatePackage/ACE_Medical_AmmoniumCarbonatePackage.et;{58CF3AB87C441295}Prefabs/Items/Medicine/AmmoniumCarbonatePackage/ACE_Medical_AmmoniumCarbonatePackage.et;{02DD34077F51F65E}Prefabs/Items/Medicine/NaloxoneInjection/ACE_Medical_NaloxoneInjection.et;{02DD34077F51F65E}Prefabs/Items/Medicine/NaloxoneInjection/ACE_Medical_NaloxoneInjection.et;{02DD34077F51F65E}Prefabs/Items/Medicine/NaloxoneInjection/ACE_Medical_NaloxoneInjection.et;{02DD34077F51F65E}Prefabs/Items/Medicine/NaloxoneInjection/ACE_Medical_NaloxoneInjection.et;{02DD34077F51F65E}Prefabs/Items/Medicine/NaloxoneInjection/ACE_Medical_NaloxoneInjection.et;{02DD34077F51F65E}Prefabs/Items/Medicine/NaloxoneInjection/ACE_Medical_NaloxoneInjection.et;{02DD34077F51F65E}Prefabs/Items/Medicine/NaloxoneInjection/ACE_Medical_NaloxoneInjection.et;{02DD34077F51F65E}Prefabs/Items/Medicine/NaloxoneInjection/ACE_Medical_NaloxoneInjection.et;{9BBA766CD869002C}Prefabs/Items/Medicine/PhenylephrineInjection/ACE_Medical_PhenylephrineInjection.et;{9BBA766CD869002C}Prefabs/Items/Medicine/PhenylephrineInjection/ACE_Medical_PhenylephrineInjection.et;{9BBA766CD869002C}Prefabs/Items/Medicine/PhenylephrineInjection/ACE_Medical_PhenylephrineInjection.et;{9BBA766CD869002C}Prefabs/Items/Medicine/PhenylephrineInjection/ACE_Medical_PhenylephrineInjection.et;{9BBA766CD869002C}Prefabs/Items/Medicine/PhenylephrineInjection/ACE_Medical_PhenylephrineInjection.et;{9BBA766CD869002C}Prefabs/Items/Medicine/PhenylephrineInjection/ACE_Medical_PhenylephrineInjection.et;{9BBA766CD869002C}Prefabs/Items/Medicine/PhenylephrineInjection/ACE_Medical_PhenylephrineInjection.et;{9BBA766CD869002C}Prefabs/Items/Medicine/PhenylephrineInjection/ACE_Medical_PhenylephrineInjection.et;{D0434D5215B54181}Prefabs/Items/Medicine/MetoprololInjection/ACE_Medical_MetoprololInjection.et;{D0434D5215B54181}Prefabs/Items/Medicine/MetoprololInjection/ACE_Medical_MetoprololInjection.et;{D0434D5215B54181}Prefabs/Items/Medicine/MetoprololInjection/ACE_Medical_MetoprololInjection.et;{D0434D5215B54181}Prefabs/Items/Medicine/MetoprololInjection/ACE_Medical_MetoprololInjection.et;{D0434D5215B54181}Prefabs/Items/Medicine/MetoprololInjection/ACE_Medical_MetoprololInjection.et;{D0434D5215B54181}Prefabs/Items/Medicine/MetoprololInjection/ACE_Medical_MetoprololInjection.et;{D0434D5215B54181}Prefabs/Items/Medicine/MetoprololInjection/ACE_Medical_MetoprololInjection.et;{D0434D5215B54181}Prefabs/Items/Medicine/MetoprololInjection/ACE_Medical_MetoprololInjection.et
medicalkit_01_us,{AE578EEA4244D41F}Prefabs/Items/Equipment/Kits/MedicalKit_01/MedicalKit_01_US.et,cash,500,250,59,0,1989,989,1,1,{0D9A5DCF89AE7AA9}Prefabs/Items/Medicine/MorphineInjection_01/MorphineInjection_01.et;{0D9A5DCF89AE7AA9}Prefabs/Items/Medicine/MorphineInjection_01/MorphineInjection_01.et;{0D9A5DCF89AE7AA9}Prefabs/Items/Medicine/MorphineInjection_01/MorphineInjection_01.et;{0D9A5DCF89AE7AA9}Prefabs/Items/Medicine/MorphineInjection_01/MorphineInjection_01.et;{0D9A5DCF89AE7AA9}Prefabs/Items/Medicine/MorphineInjection_01/MorphineInjection_01.et;{0D9A5DCF89AE7AA9}Prefabs/Items/Medicine/MorphineInjection_01/MorphineInjection_01.et;{0D9A5DCF89AE7AA9}Prefabs/Items/Medicine/MorphineInjection_01/MorphineInjection_01.et;{0D9A5DCF89AE7AA9}Prefabs/Items/Medicine/MorphineInjection_01/MorphineInjection_01.et;{5B2FD067D70C1E8F}Prefabs/Items/Medicine/EpinephrineInjection/ACE_Medical_EpinephrineInjection.et;{5B2FD067D70C1E8F}Prefabs/Items/Medicine/EpinephrineInjection/ACE_Medical_EpinephrineInjection.et;{5B2FD067D70C1E8F}Prefabs/Items/Medicine/EpinephrineInjection/ACE_Medical_EpinephrineInjection.et;{5B2FD067D70C1E8F}Prefabs/Items/Medicine/EpinephrineInjection/ACE_Medical_EpinephrineInjection.et;{5B2FD067D70C1E8F}Prefabs/Items/Medicine/EpinephrineInjection/ACE_Medical_EpinephrineInjection.et;{5B2FD067D70C1E8F}Prefabs/Items/Medicine/EpinephrineInjection/ACE_Medical_EpinephrineInjection.et;{5B2FD067D70C1E8F}Prefabs/Items/Medicine/EpinephrineInjection/ACE_Medical_EpinephrineInjection.et;{5B2FD067D70C1E8F}Prefabs/Items/Medicine/EpinephrineInjection/ACE_Medical_EpinephrineInjection.et;{A81F501D3EF6F38E}Prefabs/Items/Medicine/FieldDressing_01/FieldDressing_US_01.et;{A81F501D3EF6F38E}Prefabs/Items/Medicine/FieldDressing_01/FieldDressing_US_01.et;{A81F501D3EF6F38E}Prefabs/Items/Medicine/FieldDressing_01/FieldDressing_US_01.et;{A81F501D3EF6F38E}Prefabs/Items/Medicine/FieldDressing_01/FieldDressing_US_01.et;{A81F501D3EF6F38E}Prefabs/Items/Medicine/FieldDressing_01/FieldDressing_US_01.et;{A81F501D3EF6F38E}Prefabs/Items/Medicine/FieldDressing_01/FieldDressing_US_01.et;{A81F501D3EF6F38E}Prefabs/Items/Medicine/FieldDressing_01/FieldDressing_US_01.et;{A81F501D3EF6F38E}Prefabs/Items/Medicine/FieldDressing_01/FieldDressing_US_01.et;{00E36F41CA310E2A}Prefabs/Items/Medicine/SalineBag_01/SalineBag_US_01.et;{00E36F41CA310E2A}Prefabs/Items/Medicine/SalineBag_01/SalineBag_US_01.et;{00E36F41CA310E2A}Prefabs/Items/Medicine/SalineBag_01/SalineBag_US_01.et;{58CF3AB87C441295}Prefabs/Items/Medicine/AmmoniumCarbonatePackage/ACE_Medical_AmmoniumCarbonatePackage.et;{58CF3AB87C441295}Prefabs/Items/Medicine/AmmoniumCarbonatePackage/ACE_Medical_AmmoniumCarbonatePackage.et;{58CF3AB87C441295}Prefabs/Items/Medicine/AmmoniumCarbonatePackage/ACE_Medical_AmmoniumCarbonatePackage.et;{58CF3AB87C441295}Prefabs/Items/Medicine/AmmoniumCarbonatePackage/ACE_Medical_AmmoniumCarbonatePackage.et;{58CF3AB87C441295}Prefabs/Items/Medicine/AmmoniumCarbonatePackage/ACE_Medical_AmmoniumCarbonatePackage.et;{58CF3AB87C441295}Prefabs/Items/Medicine/AmmoniumCarbonatePackage/ACE_Medical_AmmoniumCarbonatePackage.et;{58CF3AB87C441295}Prefabs/Items/Medicine/AmmoniumCarbonatePackage/ACE_Medical_AmmoniumCarbonatePackage.et;{58CF3AB87C441295}Prefabs/Items/Medicine/AmmoniumCarbonatePackage/ACE_Medical_AmmoniumCarbonatePackage.et;{02DD34077F51F65E}Prefabs/Items/Medicine/NaloxoneInjection/ACE_Medical_NaloxoneInjection.et;{02DD34077F51F65E}Prefabs/Items/Medicine/NaloxoneInjection/ACE_Medical_NaloxoneInjection.et;{02DD34077F51F65E}Prefabs/Items/Medicine/NaloxoneInjection/ACE_Medical_NaloxoneInjection.et;{02DD34077F51F65E}Prefabs/Items/Medicine/NaloxoneInjection/ACE_Medical_NaloxoneInjection.et;{02DD34077F51F65E}Prefabs/Items/Medicine/NaloxoneInjection/ACE_Medical_NaloxoneInjection.et;{02DD34077F51F65E}Prefabs/Items/Medicine/NaloxoneInjection/ACE_Medical_NaloxoneInjection.et;{02DD34077F51F65E}Prefabs/Items/Medicine/NaloxoneInjection/ACE_Medical_NaloxoneInjection.et;{02DD34077F51F65E}Prefabs/Items/Medicine/NaloxoneInjection/ACE_Medical_NaloxoneInjection.et;{9BBA766CD869002C}Prefabs/Items/Medicine/PhenylephrineInjection/ACE_Medical_PhenylephrineInjection.et;{9BBA766CD869002C}Prefabs/Items/Medicine/PhenylephrineInjection/ACE_Medical_PhenylephrineInjection.et;{9BBA766CD869002C}Prefabs/Items/Medicine/PhenylephrineInjection/ACE_Medical_PhenylephrineInjection.et;{9BBA766CD869002C}Prefabs/Items/Medicine/PhenylephrineInjection/ACE_Medical_PhenylephrineInjection.et;{9BBA766CD869002C}Prefabs/Items/Medicine/PhenylephrineInjection/ACE_Medical_PhenylephrineInjection.et;{9BBA766CD869002C}Prefabs/Items/Medicine/PhenylephrineInjection/ACE_Medical_PhenylephrineInjection.et;{9BBA766CD869002C}Prefabs/Items/Medicine/PhenylephrineInjection/ACE_Medical_PhenylephrineInjection.et;{9BBA766CD869002C}Prefabs/Items/Medicine/PhenylephrineInjection/ACE_Medical_PhenylephrineInjection.et;{D0434D5215B54181}Prefabs/Items/Medicine/MetoprololInjection/ACE_Medical_MetoprololInjection.et;{D0434D5215B54181}Prefabs/Items/Medicine/MetoprololInjection/ACE_Medical_MetoprololInjection.et;{D0434D5215B54181}Prefabs/Items/Medicine/MetoprololInjection/ACE_Medical_MetoprololInjection.et;{D0434D5215B54181}Prefabs/Items/Medicine/MetoprololInjection/ACE_Medical_MetoprololInjection.et;{D0434D5215B54181}Prefabs/Items/Medicine/MetoprololInjection/ACE_Medical_MetoprololInjection.et;{D0434D5215B54181}Prefabs/Items/Medicine/MetoprololInjection/ACE_Medical_MetoprololInjection.et;{D0434D5215B54181}Prefabs/Items/Medicine/MetoprololInjection/ACE_Medical_MetoprololInjection.et;{D0434D5215B54181}Prefabs/Items/Medicine/MetoprololInjection/ACE_Medical_MetoprololInjection.et
medicalkit_01_ussr,{21EF98BFC1EB3793}Prefabs/Items/Equipment/Kits/MedicalKit_01/MedicalKit_01_USSR.et,cash,500,250,59,0,1989,989,1,1,{0D9A5DCF89AE7AA9}Prefabs/Items/Medicine/MorphineInjection_01/MorphineInjection_01.et;{0D9A5DCF89AE7AA9}Prefabs/Items/Medicine/MorphineInjection_01/MorphineInjection_01.et;{0D9A5DCF89AE7AA9}Prefabs/Items/Medicine/MorphineInjection_01/MorphineInjection_01.et;{0D9A5DCF89AE7AA9}Prefabs/Items/Medicine/MorphineInjection_01/MorphineInjection_01.et;{0D9A5DCF89AE7AA9}Prefabs/Items/Medicine/MorphineInjection_01/MorphineInjection_01.et;{0D9A5DCF89AE7AA9}Prefabs/Items/Medicine/MorphineInjection_01/MorphineInjection_01.et;{0D9A5DCF89AE7AA9}Prefabs/Items/Medicine/MorphineInjection_01/MorphineInjection_01.et;{0D9A5DCF89AE7AA9}Prefabs/Items/Medicine/MorphineInjection_01/MorphineInjection_01.et;{5B2FD067D70C1E8F}Prefabs/Items/Medicine/EpinephrineInjection/ACE_Medical_EpinephrineInjection.et;{5B2FD067D70C1E8F}Prefabs/Items/Medicine/EpinephrineInjection/ACE_Medical_EpinephrineInjection.et;{5B2FD067D70C1E8F}Prefabs/Items/Medicine/EpinephrineInjection/ACE_Medical_EpinephrineInjection.et;{5B2FD067D70C1E8F}Prefabs/Items/Medicine/EpinephrineInjection/ACE_Medical_EpinephrineInjection.et;{5B2FD067D70C1E8F}Prefabs/Items/Medicine/EpinephrineInjection/ACE_Medical_EpinephrineInjection.et;{5B2FD067D70C1E8F}Prefabs/Items/Medicine/EpinephrineInjection/ACE_Medical_EpinephrineInjection.et;{5B2FD067D70C1E8F}Prefabs/Items/Medicine/EpinephrineInjection/ACE_Medical_EpinephrineInjection.et;{5B2FD067D70C1E8F}Prefabs/Items/Medicine/EpinephrineInjection/ACE_Medical_EpinephrineInjection.et;{C3F1FA1E2EC2B345}Prefabs/Items/Medicine/FieldDressing_01/FieldDressing_USSR_01.et;{C3F1FA1E2EC2B345}Prefabs/Items/Medicine/FieldDressing_01/FieldDressing_USSR_01.et;{C3F1FA1E2EC2B345}Prefabs/Items/Medicine/FieldDressing_01/FieldDressing_USSR_01.et;{C3F1FA1E2EC2B345}Prefabs/Items/Medicine/FieldDressing_01/FieldDressing_USSR_01.et;{C3F1FA1E2EC2B345}Prefabs/Items/Medicine/FieldDressing_01/FieldDressing_USSR_01.et;{C3F1FA1E2EC2B345}Prefabs/Items/Medicine/FieldDressing_01/FieldDressing_USSR_01.et;{C3F1FA1E2EC2B345}Prefabs/Items/Medicine/FieldDressing_01/FieldDressing_USSR_01.et;{C3F1FA1E2EC2B345}Prefabs/Items/Medicine/FieldDressing_01/FieldDressing_USSR_01.et;{527D7C5D2E476BDC}Prefabs/Items/Medicine/SalineBag_01/SalineBag_USSR_01.et;{527D7C5D2E476BDC}Prefabs/Items/Medicine/SalineBag_01/SalineBag_USSR_01.et;{527D7C5D2E476BDC}Prefabs/Items/Medicine/SalineBag_01/SalineBag_USSR_01.et;{58CF3AB87C441295}Prefabs/Items/Medicine/AmmoniumCarbonatePackage/ACE_Medical_AmmoniumCarbonatePackage.et;{58CF3AB87C441295}Prefabs/Items/Medicine/AmmoniumCarbonatePackage/ACE_Medical_AmmoniumCarbonatePackage.et;{58CF3AB87C441295}Prefabs/Items/Medicine/AmmoniumCarbonatePackage/ACE_Medical_AmmoniumCarbonatePackage.et;{58CF3AB87C441295}Prefabs/Items/Medicine/AmmoniumCarbonatePackage/ACE_Medical_AmmoniumCarbonatePackage.et;{58CF3AB87C441295}Prefabs/Items/Medicine/AmmoniumCarbonatePackage/ACE_Medical_AmmoniumCarbonatePackage.et;{58CF3AB87C441295}Prefabs/Items/Medicine/AmmoniumCarbonatePackage/ACE_Medical_AmmoniumCarbonatePackage.et;{58CF3AB87C441295}Prefabs/Items/Medicine/AmmoniumCarbonatePackage/ACE_Medical_AmmoniumCarbonatePackage.et;{58CF3AB87C441295}Prefabs/Items/Medicine/AmmoniumCarbonatePackage/ACE_Medical_AmmoniumCarbonatePackage.et;{02DD34077F51F65E}Prefabs/Items/Medicine/NaloxoneInjection/ACE_Medical_NaloxoneInjection.et;{02DD34077F51F65E}Prefabs/Items/Medicine/NaloxoneInjection/ACE_Medical_NaloxoneInjection.et;{02DD34077F51F65E}Prefabs/Items/Medicine/NaloxoneInjection/ACE_Medical_NaloxoneInjection.et;{02DD34077F51F65E}Prefabs/Items/Medicine/NaloxoneInjection/ACE_Medical_NaloxoneInjection.et;{02DD34077F51F65E}Prefabs/Items/Medicine/NaloxoneInjection/ACE_Medical_NaloxoneInjection.et;{02DD34077F51F65E}Prefabs/Items/Medicine/NaloxoneInjection/ACE_Medical_NaloxoneInjection.et;{02DD34077F51F65E}Prefabs/Items/Medicine/NaloxoneInjection/ACE_Medical_NaloxoneInjection.et;{02DD34077F51F65E}Prefabs/Items/Medicine/NaloxoneInjection/ACE_Medical_NaloxoneInjection.et;{9BBA766CD869002C}Prefabs/Items/Medicine/PhenylephrineInjection/ACE_Medical_PhenylephrineInjection.et;{9BBA766CD869002C}Prefabs/Items/Medicine/PhenylephrineInjection/ACE_Medical_PhenylephrineInjection.et;{9BBA766CD869002C}Prefabs/Items/Medicine/PhenylephrineInjection/ACE_Medical_PhenylephrineInjection.et;{9BBA766CD869002C}Prefabs/Items/Medicine/PhenylephrineInjection/ACE_Medical_PhenylephrineInjection.et;{9BBA766CD869002C}Prefabs/Items/Medicine/PhenylephrineInjection/ACE_Medical_PhenylephrineInjection.et;{9BBA766CD869002C}Prefabs/Items/Medicine/PhenylephrineInjection/ACE_Medical_PhenylephrineInjection.et;{9BBA766CD869002C}Prefabs/Items/Medicine/PhenylephrineInjection/ACE_Medical_PhenylephrineInjection.et;{9BBA766CD869002C}Prefabs/Items/Medicine/PhenylephrineInjection/ACE_Medical_PhenylephrineInjection.et;{D0434D5215B54181}Prefabs/Items/Medicine/MetoprololInjection/ACE_Medical_MetoprololInjection.et;{D0434D5215B54181}Prefabs/Items/Medicine/MetoprololInjection/ACE_Medical_MetoprololInjection.et;{D0434D5215B54181}Prefabs/Items/Medicine/MetoprololInjection/ACE_Medical_MetoprololInjection.et;{D0434D5215B54181}Prefabs/Items/Medicine/MetoprololInjection/ACE_Medical_MetoprololInjection.et;{D0434D5215B54181}Prefabs/Items/Medicine/MetoprololInjection/ACE_Medical_MetoprololInjection.et;{D0434D5215B54181}Prefabs/Items/Medicine/MetoprololInjection/ACE_Medical_MetoprololInjection.et;{D0434D5215B54181}Prefabs/Items/Medicine/MetoprololInjection/ACE_Medical_MetoprololInjection.et;{D0434D5215B54181}Prefabs/Items/Medicine/MetoprololInjection/ACE_Medical_MetoprololInjection.et
morphineinjection_01,{0D9A5DCF89AE7AA9}Prefabs/Items/Medicine/MorphineInjection_01/MorphineInjection_01.et,cash,30,15,0,0,0,0,0,1,
salinebag_us_01,{00E36F41CA310E2A}Prefabs/Items/Medicine/SalineBag_01/SalineBag_US_01.et,cash,15,7,0,0,0,0,0,1,
salinebag_ussr_01,{527D7C5D2E476BDC}Prefabs/Items/Medicine/SalineBag_01/SalineBag_USSR_01.et,cash,15,7,0,0,0,0,0,1,
tourniquet_us_01,{D70216B1B2889129}Prefabs/Items/Medicine/Tourniquet_01/Tourniquet_US_01.et,cash,40,20,0,0,0,0,0,1,
tourniquet_ussr_01,{80E75A71C29190DB}Prefabs/Items/Medicine/Tourniquet_01/Tourniquet_USSR_01.et,cash,40,20,0,0,0,0,0,1,
attachment_anprc152_antenna,{DD193B9D8BAFD2D9}Prefabs/Items/Equipment/Radios/Attachments/Attachment_ANPRC152_Antenna.et,cash,200,100,0,0,0,0,0,1,
attachment_anprc152_battery,{D3269BA0CE6F6390}Prefabs/Items/Equipment/Radios/Attachments/Attachment_ANPRC152_Battery.et,cash,200,100,0,0,0,0,0,1,
attachment_anprc152a_antenna,{789211997EBE37F4}Prefabs/Items/Equipment/Radios/Attachments/Attachment_ANPRC152A_Antenna.et,cash,200,100,0,0,0,0,0,1,
attachment_anprc152a_battery,{A4726BDF136670A0}Prefabs/Items/Equipment/Radios/Attachments/Attachment_ANPRC152A_Battery.et,cash,200,100,0,0,0,0,0,1,
filbe_backpack_radio,{9F6BD5440120D0EA}Prefabs/Items/Equipment/Backpacks/FILBE_Backpack_Radio.et,cash,20000,10000,0,0,0,0,0,1,
radio_anprc152,{C55821E8E86C074E}Prefabs/Items/Equipment/Radios/Radio_ANPRC152.et,cash,15000,7500,0,0,0,0,0,1,
radio_anprc152a_old,{D69684663E89D6EA}Prefabs/Items/Equipment/Radios/Radio_ANPRC152A_OLD.et,cash,15000,7500,0,0,0,0,0,1,
radio_anprc68,{73950FBA2D7DB5C5}Prefabs/Items/Equipment/Radios/Radio_ANPRC68.et,cash,200,100,0,0,0,0,0,1,
radio_anprc77,{9B6B61BB3FE3DFB0}Prefabs/Items/Equipment/Radios/Radio_ANPRC77.et,cash,350,175,0,0,0,0,0,1,
radio_r107m,{54C68E438DD34265}Prefabs/Items/Equipment/Radios/Radio_R107M.et,cash,400,200,0,0,0,0,0,1,
radio_r148,{E1A5D4B878AA8980}Prefabs/Items/Equipment/Radios/Radio_R148.et,cash,250,125,0,0,0,0,0,1,
radio_r148_fia,{540C08AD5F21A5FA}Prefabs/Items/Equipment/Radios/Radio_R148_FIA.et,cash,250,125,0,0,0,0,0,1,
radio_r187p1_old,{B343AB76B0725657}Prefabs/Items/Equipment/Radios/Radio_R187P1_OLD.et,cash,3000,1500,0,0,0,0,0,1,
radio_rf10,{73EFD7591F4134D3}Prefabs/Items/Equipment/Radios/Radio_RF10/Radio_RF10.et,cash,2000,1000,0,0,0,0,0,1,
binoculars_b12,{F2539FA5706E51E4}Prefabs/Items/Equipment/Binoculars/Binoculars_B12/Binoculars_B12.et,cash,400,200,0,0,0,0,0,1,
binoculars_b8,{243948B23D90BECB}Prefabs/Items/Equipment/Binoculars/Binoculars_B8/Binoculars_B8.et,cash,200,100,0,0,0,0,0,1,
binoculars_m22,{0CF54B9A85D8E0D4}Prefabs/Items/Equipment/Binoculars/Binoculars_M22/Binoculars_M22.et,cash,800,400,0,0,0,0,0,1,
chargepro,{0F6075686526F51D}Prefabs/Items/Equipment/Nightvision/ChargePro/ChargePro.et,cash,150,75,0,0,0,0,0,1,
helstar,{5F7EF7FEBC39B874}Prefabs/Items/Equipment/Nightvision/HelstarStrobe/Helstar.et,cash,200,100,0,0,0,0,0,1,
marker_ms2000,{643AB339663E92F7}Prefabs/Items/Equipment/Nightvision/MS2000/Marker_MS2000.et,cash,150,75,0,0,0,0,0,1,
nvg_1pn138,{B0534A120633D08D}Prefabs/Items/Equipment/Nightvision/1PN138/NVG_1PN138.et,cash,4000,2000,0,0,0,0,0,1,
nvg_geo-onv1-01,{08051B7C4144F631}Prefabs/Items/Equipment/Nightvision/NVG_GEO-ONV1-01/NVG_GEO-ONV1-01.et,cash,3500,1750,0,0,0,0,0,1,
nvg_pvs14_base,{64322D5D501B7D79}Prefabs/Items/Equipment/Nightvision/PVS14/NVG_PVS14_Base.et,cash,4500,2250,0,0,0,0,0,1,
nvg_pvs14_wp,{9A9555D10664B8CB}Prefabs/Items/Equipment/Nightvision/PVS14/NVG_PVS14_WP.et,cash,4500,2250,0,0,0,0,0,1,
nvg_pvs14dual,{B7BA7694F821F556}Prefabs/Items/Equipment/Nightvision/PVS14/NVG_PVS14Dual.et,cash,9000,4500,0,0,0,0,0,1,
nvg_pvs14dual_wp,{B385064A383A384B}Prefabs/Items/Equipment/Nightvision/PVS14/NVG_PVS14Dual_WP.et,cash,9000,4500,0,0,0,0,0,1,
nvg_pvs31_wp,{59E0D9B5B6967152}Prefabs/Items/Equipment/Nightvision/PVS31/NVG_PVS31_WP.et,cash,14000,7000,0,0,0,0,0,1,
nvg_pvs31_wp_blk_mc,{5B219B96EDC39786}Prefabs/Items/Equipment/Nightvision/PVS31/NVG_PVS31_WP_BLK_MC.et,cash,14000,7000,0,0,0,0,0,1,
nvg_pvs31_wp_tan_mc,{275F298DE10E7A15}Prefabs/Items/Equipment/Nightvision/PVS31/NVG_PVS31_WP_TAN_MC.et,cash,14000,7000,0,0,0,0,0,1,
pvs_31_batpack_blk,{397A4D4ED2E51C6A}Prefabs/Items/Equipment/Nightvision/PVS31/PVS_31_BatPack_BLK.et,cash,300,150,0,0,0,0,0,1,
pvs_31_batpack_blk_mc,{3D91801A97D4061E}Prefabs/Items/Equipment/Nightvision/PVS31/PVS_31_BatPack_BLK_MC.et,cash,300,150,0,0,0,0,0,1,
pvs_31_batpack_tan_mc,{41EF32019B19EB8D}Prefabs/Items/Equipment/Nightvision/PVS31/PVS_31_BatPack_TAN_MC.et,cash,300,150,0,0,0,0,0,1,
rangefinder_pdu4,{BCEA0EB0D764D8DD}Prefabs/Items/Equipment/Binoculars/Rangefinder_PDU4.et,cash,2000,1000,0,0,0,0,0,1,
rangefinder_vector21,{03810BEF182ADA0B}Prefabs/Items/Equipment/Binoculars/Rangefinder_Vector21.et,cash,14500,7250,0,0,0,0,0,1,
rangefinder_vector21_lc,{FAE8B9F7CEA49696}Prefabs/Items/Equipment/Binoculars/Rangefinder_Vector21_lc.et,cash,14500,7250,0,0,0,0,0,1,
rangefinder_vector21_t,{F96BBA7B329ADC1A}Prefabs/Items/Equipment/Binoculars/Rangefinder_Vector21_t.et,cash,14500,7250,0,0,0,0,0,1,
rangefinder_vector21_t_lc,{843B3B353F31A527}Prefabs/Items/Equipment/Binoculars/Rangefinder_Vector21_t_lc.et,cash,14500,7250,0,0,0,0,0,1,
switch,{207687AEF9630E41}Prefabs/Items/Equipment/Nightvision/switch/Switch.et,cash,100,50,0,0,0,0,0,1,
thermal_patrolir,{2B10341C641EC041}Prefabs/Items/Equipment/Thermals/PATROL_IR/Thermal_PatrolIr.et,cash,4000,2000,0,0,0,0,0,1,
viplight,{8F54EE49D3317266}Prefabs/Items/Equipment/Nightvision/VipLight/VipLight.et,cash,100,50,0,0,0,0,0,1,
vlite,{4C5535098D6DAC7C}Prefabs/Items/Equipment/Nightvision/Vlite/vlite.et,cash,80,40,0,0,0,0,0,1,
compass_adrianov,{7CEF68E2BC68CE71}Prefabs/Items/Equipment/Compass/Compass_Adrianov.et,cash,120,60,0,0,0,0,0,1,
compass_sy183,{61D4F80E49BF9B12}Prefabs/Items/Equipment/Compass/Compass_SY183.et,cash,120,60,0,0,0,0,0,1,
dagr,{B1798B0F1258B765}Prefabs/Items/Equipment/Navigation/DAGR/DAGR.et,cash,2500,1250,0,0,0,0,0,1,
orion,{A55A815F28739FEC}Prefabs/Items/Equipment/Navigation/Orion/Orion.et,cash,1500,750,0,0,0,0,0,1,
papermap_01_folded,{13772C903CB5E4F7}Prefabs/Items/Equipment/Maps/Map_Paper_01/PaperMap_01_folded.et,cash,15,7,0,0,0,0,0,1,
papermap_01_folded_fia,{983B57B8E95C1F52}Prefabs/Items/Equipment/Maps/Map_Paper_01/PaperMap_01_folded_FIA.et,cash,15,7,0,0,0,0,0,1,
papermap_01_folded_us,{922F95F91943F69A}Prefabs/Items/Equipment/Maps/Map_Paper_01/PaperMap_01_folded_US.et,cash,15,7,0,0,0,0,0,1,
papermap_01_folded_ussr,{F849217AB3BA88BE}Prefabs/Items/Equipment/Maps/Map_Paper_01/PaperMap_01_folded_USSR.et,cash,15,7,0,0,0,0,0,1,
watch_garmintactixbravo,{7C53E6DE2E4BD8CB}Prefabs/Items/Equipment/Watches/Watch_GarminTactixBravo.et,cash,1000,500,0,0,0,0,0,1,
watch_garmintactixbravo_black,{CCB365E9B5737ECD}Prefabs/Items/Equipment/Watches/Watch_GarminTactixBravo_black.et,cash,1000,500,0,0,0,0,0,1,
watch_garmintactixbravo_blue,{8EBBBABE8A5652C0}Prefabs/Items/Equipment/Watches/Watch_GarminTactixBravo_Blue.et,cash,1000,500,0,0,0,0,0,1,
watch_garmintactixbravo_green,{57C7E2D1FB25A85E}Prefabs/Items/Equipment/Watches/Watch_GarminTactixBravo_green.et,cash,1000,500,0,0,0,0,0,1,
watch_garmintactixbravo_red,{C5C3EFA0B77F202D}Prefabs/Items/Equipment/Watches/Watch_GarminTactixBravo_Red.et,cash,1000,500,0,0,0,0,0,1,
watch_orlik38,{61A705D76908160C}Prefabs/Items/Equipment/Watches/Watch_Orlik38/Watch_Orlik38.et,cash,150,75,0,0,0,0,0,1,
watch_sandy184a,{78ED4FEF62BBA728}Prefabs/Items/Equipment/Watches/Watch_SandY184A.et,cash,150,75,0,0,0,0,0,1,
watch_vostok,{6FD6C96121905202}Prefabs/Items/Equipment/Watches/Watch_Vostok.et,cash,150,75,0,0,0,0,0,1,
barbed_tape,{2997FA6F521B519C}Prefabs/Items/Misc/BarbedTape/Barbed_Tape.et,cash,150,75,0,0,0,0,0,1,
barbedtape_stake,{55F8A472A0533C7E}Prefabs/Items/Misc/BarbedTape/BarbedTape_Stake.et,cash,20,10,0,0,0,0,0,1,
device_spectrumdevice_base,{0228B8EFBA99AC1D}Prefabs/Weapons/Misc/SpectrumDevice/Device_SpectrumDevice_base.et,cash,10000,5000,0,0,0,0,0,1,
device_spectrumdevice_ion,{5023B45AFB558D48}Prefabs/Weapons/Misc/SpectrumDevice/Device_SpectrumDevice_ion.et,cash,10000,5000,0,0,0,0,0,1,
device_spectrumdevice_ru,{B9CF147B82EA2CF0}Prefabs/Weapons/Misc/SpectrumDevice/Device_SpectrumDevice_ru.et,cash,10000,5000,0,0,0,0,0,1,
etool_alice_freeroambuilding_gadget,{6E35D94130954509}Prefabs/Items/Equipment/Accessories/ETool_ALICE/ETool_ALICE_FreeRoamBuilding_Gadget.et,cash,50,25,0,0,0,0,0,1,
etool_mpl50_freeroambuilding_gadget,{062E2F1D7F6739D6}Prefabs/Items/Equipment/Accessories/ETool_MPL50/ETool_MPL50_FreeRoamBuilding_Gadget.et,cash,50,25,0,0,0,0,0,1,
flashlight_mx991,{3A421547BC29F679}Prefabs/Items/Equipment/Flashlights/Flashlight_MX991/Flashlight_MX991.et,cash,80,40,0,0,0,0,0,1,
flashlight_soviet_01,{575EA58E67448C2A}Prefabs/Items/Equipment/Flashlights/Flashlight_Soviet_01/Flashlight_Soviet_01.et,cash,80,40,0,0,0,0,0,1,
jerrycan_01_item,{12D5AD21E383B768}Prefabs/Items/Fuel/Jerrycan_01/Jerrycan_01_item.et,cash,80,40,0,0,0,0,0,1,
mineflag_us,{EC13D4E934B2ADD8}Prefabs/Items/Demining/MineFlags/MineFlag_US.et,cash,5,2,0,0,0,0,0,1,
mineflag_ussr,{AC67BAB9763A3977}Prefabs/Items/Demining/MineFlags/MineFlag_USSR.et,cash,5,2,0,0,0,0,0,1,
part_sandbag_burlap,{07BC23F8D9223863}Prefabs/Items/Misc/Sandbags/Part_Sandbag_Burlap.et,cash,50,25,0,0,0,0,0,1,
part_sandbag_plastic,{1742632597955A55}Prefabs/Items/Misc/Sandbags/Part_Sandbag_Plastic.et,cash,50,25,0,0,0,0,0,1,
rearmingkit_01_fia,{36696C3AC01ACE96}Prefabs/Items/Equipment/Kits/RearmingKit_01/RearmingKit_01_FIA.et,cash,1500,750,0,0,0,0,0,1,
rearmingkit_01_us,{5028D9E699AE3A73}Prefabs/Items/Equipment/Kits/RearmingKit_01/RearmingKit_01_US.et,cash,1500,750,0,0,0,0,0,1,
rearmingkit_01_ussr,{CE46DE74E8896BEA}Prefabs/Items/Equipment/Kits/RearmingKit_01/RearmingKit_01_USSR.et,cash,1500,750,0,0,0,0,0,1,
repairkit_01_wrench,{33B2DFDCD0EBA3DB}Prefabs/Items/Equipment/Kits/RepairKit_01/RepairKit_01_wrench.et,cash,1000,500,0,0,0,0,0,1,
ace_captives_zipcuffs,{CBF9B9942E07B6B8}Prefabs/Items/Equipment/Accessories/ZipCuffs/ACE_Captives_ZipCuffs.et,cash,15,7,0,0,0,0,0,1,
antlers,{D70502751C4BB85F}Prefabs/Items/Equipment/Accessories/Antlers/Antlers.et,cash,15,7,0,0,0,0,0,1,
gpsradiobeacon,{BE2A47715A24AE5D}Prefabs/Items/Equipment/Accessories/GPSRadioBeacon/GPSRadioBeacon.et,cash,300,150,0,0,0,0,0,1,
l4g24_emptymount,{76E61BEE80C6172B}Prefabs/Items/Equipment/Accessories/L4G24_EmptyNVGMount/L4G24_EmptyMount.et,cash,150,75,0,0,0,0,0,1,
l4g24_emptymount_tan,{755CE97202EF4D24}Prefabs/Items/Equipment/Accessories/L4G24_EmptyNVGMount/L4G24_EmptyMount_Tan.et,cash,150,75,0,0,0,0,0,1,
neko_ears,{16340C6BB3EB1BEC}Prefabs/Items/Equipment/Accessories/Neko_Ears/Neko_Ears.et,cash,15,7,0,0,0,0,0,1,
patch_ars_arma_bear,{FD09AB7A0E9D7E2A}Prefabs/Items/Equipment/Patches/Patch_Ars_Arma_Bear.et,cash,15,7,0,0,0,0,0,1,
patch_ars_arma_cube,{C55FF0BD292542E2}Prefabs/Items/Equipment/Patches/Patch_Ars_Arma_Cube.et,cash,15,7,0,0,0,0,0,1,
patch_blood_apos,{B9E98F1464E93A9D}Prefabs/Items/Equipment/Patches/Patch_Blood_APos.et,cash,15,7,0,0,0,0,0,1,
patch_canada_flag_embroidered,{3B54BCA3D0BCEECB}Prefabs/Items/Equipment/Patches/Patch_Canada_Flag_embroidered.et,cash,15,7,0,0,0,0,0,1,
patch_canada_flag_irr,{00DAD54DC9E260ED}Prefabs/Items/Equipment/Patches/Patch_Canada_Flag_IRR.et,cash,15,7,0,0,0,0,0,1,
patch_cat_blue,{4B799DDBF2CDF294}Prefabs/Items/Equipment/Patches/Patch_Cat_Blue.et,cash,15,7,0,0,0,0,0,1,
patch_cat_green,{2F40976E11AD82CA}Prefabs/Items/Equipment/Patches/Patch_Cat_Green.et,cash,15,7,0,0,0,0,0,1,
patch_ion_black,{CAFC3C48F7E009C3}Prefabs/Items/Equipment/Patches/Patch_ION_Black.et,cash,15,7,0,0,0,0,0,1,
patch_ion_blackstatic,{DB41FC7E83B3EFDC}Prefabs/Items/Equipment/Patches/Patch_ION_BlackStatic.et,cash,15,7,0,0,0,0,0,1,
patch_ion_contrlethenoise,{711D0B97E5B0B285}Prefabs/Items/Equipment/Patches/Patch_ION_ContrleTheNoise.et,cash,15,7,0,0,0,0,0,1,
patch_kapitan_bomba,{1DC57209E16BCD52}Prefabs/Items/Equipment/Patches/Patch_Kapitan_Bomba.et,cash,15,7,0,0,0,0,0,1,
patch_rhs_20,{266C9240B1F0165F}Prefabs/Items/Equipment/Patches/Patch_RHS_20.et,cash,15,7,0,0,0,0,0,1,
patch_rhs_oldstyle,{C3596C668C12A212}Prefabs/Items/Equipment/Patches/Patch_RHS_oldstyle.et,cash,15,7,0,0,0,0,0,1,
patch_ru_berlinskaya_large,{2E2721DB0A4FB249}Prefabs/Items/Equipment/Patches/Patch_RU_Berlinskaya_Large.et,cash,15,7,0,0,0,0,0,1,
patch_ru_flag_camo,{7F43CA3BE4D42E42}Prefabs/Items/Equipment/Patches/Patch_RU_Flag_Camo.et,cash,15,7,0,0,0,0,0,1,
patch_ru_flag_camo_multicam,{140729DAE2388C8E}Prefabs/Items/Equipment/Patches/Patch_RU_Flag_Camo_multicam.et,cash,15,7,0,0,0,0,0,1,
patch_ru_flag_reflective,{FEDC7DA627D89A65}Prefabs/Items/Equipment/Patches/Patch_RU_Flag_Reflective.et,cash,15,7,0,0,0,0,0,1,
patch_ru_flag_reflective_orange,{30C3A87F16109380}Prefabs/Items/Equipment/Patches/Patch_RU_Flag_Reflective_Orange.et,cash,15,7,0,0,0,0,0,1,
patch_ru_russia_large,{984946A9BC987C2B}Prefabs/Items/Equipment/Patches/Patch_RU_Russia_Large.et,cash,15,7,0,0,0,0,0,1,
patch_sobr_big,{85EB7A7558F7B394}Prefabs/Items/Equipment/Patches/Patch_Sobr_big.et,cash,15,7,0,0,0,0,0,1,
patch_sobr_granit,{71BC9D5E9A8CC938}Prefabs/Items/Equipment/Patches/Patch_Sobr_Granit.et,cash,15,7,0,0,0,0,0,1,
patch_sobr_helmet,{74E30F08CE3087A1}Prefabs/Items/Equipment/Patches/Patch_Sobr_helmet.et,cash,15,7,0,0,0,0,0,1,
patch_sobr_svet_fg,{DF81C13377D1B40F}Prefabs/Items/Equipment/Patches/Patch_Sobr_Svet_FG.et,cash,15,7,0,0,0,0,0,1,
patch_us_flag,{EAC140671B326F58}Prefabs/Items/Equipment/Patches/Patch_US_Flag.et,cash,15,7,0,0,0,0,0,1,
patch_us_flag_inverse,{7122907EFFE9ABD1}Prefabs/Items/Equipment/Patches/Patch_US_Flag_Inverse.et,cash,15,7,0,0,0,0,0,1,
patch_usmc_id_anderson,{37195C9B2FFB3935}Prefabs/Items/Equipment/Patches/Patch_USMC_ID_Anderson.et,cash,15,7,0,0,0,0,0,1,
patch_usmc_id_bernat,{0D07F51A271B0065}Prefabs/Items/Equipment/Patches/Patch_USMC_ID_Bernat.et,cash,15,7,0,0,0,0,0,1,
patch_usmc_id_kita,{8A3F4C98645988CF}Prefabs/Items/Equipment/Patches/Patch_USMC_ID_Kita.et,cash,15,7,0,0,0,0,0,1,
patch_usmc_id_vorobiev,{39C417FDEC69C8A4}Prefabs/Items/Equipment/Patches/Patch_USMC_ID_Vorobiev.et,cash,15,7,0,0,0,0,0,1,
patch_usmc_msob,{618BF6A92A1C0B59}Prefabs/Items/Equipment/Patches/Patch_USMC_MSOB.et,cash,15,7,0,0,0,0,0,1,
patch_usmc_recon,{46822E82DB8151A4}Prefabs/Items/Equipment/Patches/Patch_USMC_Recon.et,cash,15,7,0,0,0,0,0,1,
patch_usmc_recon_black,{4135547E507D4471}Prefabs/Items/Equipment/Patches/Patch_USMC_Recon_Black.et,cash,15,7,0,0,0,0,0,1,
patch_wartech,{E10AE7ACBF1DE0E0}Prefabs/Items/Equipment/Patches/Patch_Wartech.et,cash,15,7,0,0,0,0,0,1,
patch_wartech_square,{49D40BCE978168E9}Prefabs/Items/Equipment/Patches/Patch_Wartech_square.et,cash,15,7,0,0,0,0,0,1,
ponos,{B8ABE98AE067D30B}Prefabs/Items/Equipment/Accessories/PONOS/Ponos.et,cash,15,7,0,0,0,0,0,1,
xmaslights,{B935D6C77D639F8E}Prefabs/Items/Equipment/Accessories/XmasLights/XmasLights.et,cash,15,7,0,0,0,0,0,1,
rifle_ak101,{1398CD8C6DFB61D0}Prefabs/Weapons/Rifles/AK74M/Rifle_AK101.et,cash,1520,760,2,0,235,117,0,1,{07AF951403CBAB0A}Prefabs/Weapons/Attachments/Muzzle/AK103_muzzle/RHS_AK103_muzzle.et;{2A8E14D8BD2FC423}Prefabs/Weapons/Magazines/6l29/Magazine_556x45_plastic_AK_30rnd_m855.et
rifle_ak101_npz_rail,{8A8928AB8EA8C4BE}Prefabs/Weapons/Rifles/AK74M/Rifle_AK101_npz_rail.et,cash,1520,760,2,0,235,117,0,1,{07AF951403CBAB0A}Prefabs/Weapons/Attachments/Muzzle/AK103_muzzle/RHS_AK103_muzzle.et;{2A8E14D8BD2FC423}Prefabs/Weapons/Magazines/6l29/Magazine_556x45_plastic_AK_30rnd_m855.et
rifle_ak102,{7FCCF96CD13FEEFE}Prefabs/Weapons/Rifles/AK74M/Rifle_AK102.et,cash,1520,760,2,0,235,117,0,1,{07BCACE1DE243320}Prefabs/Weapons/Attachments/Muzzle/AK105_muzzle/RHS_AK105_muzzle.et;{2A8E14D8BD2FC423}Prefabs/Weapons/Magazines/6l29/Magazine_556x45_plastic_AK_30rnd_m855.et
rifle_ak102_npz_rail,{CA289A0DB4BD37B9}Prefabs/Weapons/Rifles/AK74M/Rifle_AK102_npz_rail.et,cash,1520,760,2,0,235,117,0,1,{07BCACE1DE243320}Prefabs/Weapons/Attachments/Muzzle/AK105_muzzle/RHS_AK105_muzzle.et;{2A8E14D8BD2FC423}Prefabs/Weapons/Magazines/6l29/Magazine_556x45_plastic_AK_30rnd_m855.et
rifle_ak103,{9A50B595DDDA7995}Prefabs/Weapons/Rifles/AK74M/Rifle_AK103.et,cash,960,480,2,0,127,63,0,1,{07AF951403CBAB0A}Prefabs/Weapons/Attachments/Muzzle/AK103_muzzle/RHS_AK103_muzzle.et;{03D467E505692C3F}Prefabs/Weapons/Magazines/AK103_magazine/Magazine_762x39_plastic_AK_30rnd_57N231.et
rifle_ak103_b10_b13,{7D2496585F53B81D}Prefabs/Weapons/Rifles/AK74M/Rifle_AK103_b10_b13.et,cash,960,480,3,1,127,63,0,1,{BA49E7A971B55950}Prefabs/Weapons/Attachments/Handguards/Handguard_AK74M/Handguard_Zenitco_B10.et;{07AF951403CBAB0A}Prefabs/Weapons/Attachments/Muzzle/AK103_muzzle/RHS_AK103_muzzle.et;{03D467E505692C3F}Prefabs/Weapons/Magazines/AK103_magazine/Magazine_762x39_plastic_AK_30rnd_57N231.et
rifle_ak103_b10_b13_b9m,{D26EC112CF0431B5}Prefabs/Weapons/Rifles/AK74M/Rifle_AK103_b10_b13_b9m.et,cash,960,480,4,1,427,213,0,1,{BA49E7A971B55950}Prefabs/Weapons/Attachments/Handguards/Handguard_AK74M/Handguard_Zenitco_B10.et;{5C00FABD6129BE79}Prefabs/Weapons/Attachments/Lights/Light_klesh2_base.et;{07AF951403CBAB0A}Prefabs/Weapons/Attachments/Muzzle/AK103_muzzle/RHS_AK103_muzzle.et;{03D467E505692C3F}Prefabs/Weapons/Magazines/AK103_magazine/Magazine_762x39_plastic_AK_30rnd_57N231.et
rifle_ak103_b10_b13_b9m_b12,{97D76B564D7906E8}Prefabs/Weapons/Rifles/AK74M/Rifle_AK103_b10_b13_b9m_b12.et,cash,960,480,4,1,427,213,0,1,{E67E4B4472300D75}Prefabs/Weapons/Attachments/Handguards/Handguard_AK74M/Handguard_Zenitco_B10_B12.et;{5C00FABD6129BE79}Prefabs/Weapons/Attachments/Lights/Light_klesh2_base.et;{07AF951403CBAB0A}Prefabs/Weapons/Attachments/Muzzle/AK103_muzzle/RHS_AK103_muzzle.et;{03D467E505692C3F}Prefabs/Weapons/Magazines/AK103_magazine/Magazine_762x39_plastic_AK_30rnd_57N231.et
rifle_ak103_b10_b13_b9m_b12_pt1_rk3,{6855518948CE28C5}Prefabs/Weapons/Rifles/AK74M/Rifle_AK103_b10_b13_b9m_b12_pt1_rk3.et,cash,960,480,4,1,427,213,0,1,{E67E4B4472300D75}Prefabs/Weapons/Attachments/Handguards/Handguard_AK74M/Handguard_Zenitco_B10_B12.et;{5C00FABD6129BE79}Prefabs/Weapons/Attachments/Lights/Light_klesh2_base.et;{07AF951403CBAB0A}Prefabs/Weapons/Attachments/Muzzle/AK103_muzzle/RHS_AK103_muzzle.et;{03D467E505692C3F}Prefabs/Weapons/Magazines/AK103_magazine/Magazine_762x39_plastic_AK_30rnd_57N231.et
rifle_ak103_b10m_b19_b33_b9m,{7CF14C978179300A}Prefabs/Weapons/Rifles/AK74M/Rifle_AK103_b10m_b19_b33_b9m.et,cash,960,480,4,1,427,213,0,1,{86E71F45F9238778}Prefabs/Weapons/Attachments/Handguards/Handguard_AK74M/Handguard_Zenitco_B10M_B19.et;{5C00FABD6129BE79}Prefabs/Weapons/Attachments/Lights/Light_klesh2_base.et;{07AF951403CBAB0A}Prefabs/Weapons/Attachments/Muzzle/AK103_muzzle/RHS_AK103_muzzle.et;{03D467E505692C3F}Prefabs/Weapons/Magazines/AK103_magazine/Magazine_762x39_plastic_AK_30rnd_57N231.et
rifle_ak103_b10m_b19_b33_b9m_rk0,{74C9B1BBA219C21C}Prefabs/Weapons/Rifles/AK74M/Rifle_AK103_b10m_b19_b33_b9m_rk0.et,cash,960,480,5,1,487,243,0,1,{86E71F45F9238778}Prefabs/Weapons/Attachments/Handguards/Handguard_AK74M/Handguard_Zenitco_B10M_B19.et;{5C00FABD6129BE79}Prefabs/Weapons/Attachments/Lights/Light_klesh2_base.et;{8B408A3D9367CB43}Prefabs/Weapons/Attachments/Grips/Grip_Zenit_RK_Vertical/RHS_RK0_base.et;{07AF951403CBAB0A}Prefabs/Weapons/Attachments/Muzzle/AK103_muzzle/RHS_AK103_muzzle.et;{03D467E505692C3F}Prefabs/Weapons/Magazines/AK103_magazine/Magazine_762x39_plastic_AK_30rnd_57N231.et
rifle_ak103_b10m_b19_b33_pt1_rk3,{DC7623535FB7BD01}Prefabs/Weapons/Rifles/AK74M/Rifle_AK103_b10m_b19_b33_pt1_rk3.et,cash,960,480,3,1,127,63,0,1,{86E71F45F9238778}Prefabs/Weapons/Attachments/Handguards/Handguard_AK74M/Handguard_Zenitco_B10M_B19.et;{A35F86E4B492AE13}Prefabs/Weapons/Attachments/Muzzle/Zenit_DTK2_Muzzle/RHS_AK74M_Zenit_DTK2_Muzzle_Base.et;{03D467E505692C3F}Prefabs/Weapons/Magazines/AK103_magazine/Magazine_762x39_plastic_AK_30rnd_57N231.et
rifle_ak103_b10m_b19_b33_pt1_rk3_b9m,{8EFC31B25506958F}Prefabs/Weapons/Rifles/AK74M/Rifle_AK103_b10m_b19_b33_pt1_rk3_b9m.et,cash,960,480,4,1,427,213,0,1,{86E71F45F9238778}Prefabs/Weapons/Attachments/Handguards/Handguard_AK74M/Handguard_Zenitco_B10M_B19.et;{5C00FABD6129BE79}Prefabs/Weapons/Attachments/Lights/Light_klesh2_base.et;{A35F86E4B492AE13}Prefabs/Weapons/Attachments/Muzzle/Zenit_DTK2_Muzzle/RHS_AK74M_Zenit_DTK2_Muzzle_Base.et;{03D467E505692C3F}Prefabs/Weapons/Magazines/AK103_magazine/Magazine_762x39_plastic_AK_30rnd_57N231.et
rifle_ak103_b10m_b19_b33_pt1_rk3_b9m_fde,{32136646128C85FB}Prefabs/Weapons/Rifles/AK74M/Rifle_AK103_b10m_b19_b33_pt1_rk3_b9m_FDE.et,cash,960,480,4,1,427,213,0,1,{56835BB2493A0684}Prefabs/Weapons/Attachments/Handguards/Handguard_AK74M/Handguard_Zenitco_B10M_B19_tan.et;{5C00FABD6129BE79}Prefabs/Weapons/Attachments/Lights/Light_klesh2_base.et;{A35F86E4B492AE13}Prefabs/Weapons/Attachments/Muzzle/Zenit_DTK2_Muzzle/RHS_AK74M_Zenit_DTK2_Muzzle_Base.et;{03D467E505692C3F}Prefabs/Weapons/Magazines/AK103_magazine/Magazine_762x39_plastic_AK_30rnd_57N231.et
rifle_ak103_b10m_b19_b33_pt1_rk3_b9m_fde_rk1,{EA7BCB31D5B3F266}Prefabs/Weapons/Rifles/AK74M/Rifle_AK103_b10m_b19_b33_pt1_rk3_b9m_FDE_RK1.et,cash,960,480,5,1,487,243,0,1,{56835BB2493A0684}Prefabs/Weapons/Attachments/Handguards/Handguard_AK74M/Handguard_Zenitco_B10M_B19_tan.et;{5C00FABD6129BE79}Prefabs/Weapons/Attachments/Lights/Light_klesh2_base.et;{74C04C2D52EE4276}Prefabs/Weapons/Attachments/Grips/Grip_Zenit_RK_Vertical/RHS_RK1.et;{A35F86E4B492AE13}Prefabs/Weapons/Attachments/Muzzle/Zenit_DTK2_Muzzle/RHS_AK74M_Zenit_DTK2_Muzzle_Base.et;{03D467E505692C3F}Prefabs/Weapons/Magazines/AK103_magazine/Magazine_762x39_plastic_AK_30rnd_57N231.et
rifle_ak103_b10m_b19_b33_pt1_rk3_b9m_rk0,{A1C91BD9BAFC554B}Prefabs/Weapons/Rifles/AK74M/Rifle_AK103_b10m_b19_b33_pt1_rk3_b9m_rk0.et,cash,960,480,5,1,487,243,0,1,{86E71F45F9238778}Prefabs/Weapons/Attachments/Handguards/Handguard_AK74M/Handguard_Zenitco_B10M_B19.et;{5C00FABD6129BE79}Prefabs/Weapons/Attachments/Lights/Light_klesh2_base.et;{8B408A3D9367CB43}Prefabs/Weapons/Attachments/Grips/Grip_Zenit_RK_Vertical/RHS_RK0_base.et;{91D5624C80CD29AB}Prefabs/Weapons/Attachments/Muzzle/Zenit_DTK2_Muzzle/RHS_AK74M_Zenit_DTK1_Muzzle_Base.et;{03D467E505692C3F}Prefabs/Weapons/Magazines/AK103_magazine/Magazine_762x39_plastic_AK_30rnd_57N231.et
rifle_ak103_b10m_b19_b33_pt1_rk3_rk2,{84EF1B13DC269C1B}Prefabs/Weapons/Rifles/AK74M/Rifle_AK103_b10m_b19_b33_pt1_rk3_rk2.et,cash,960,480,4,1,187,93,0,1,{86E71F45F9238778}Prefabs/Weapons/Attachments/Handguards/Handguard_AK74M/Handguard_Zenitco_B10M_B19.et;{189478CDEE2ACD58}Prefabs/Weapons/Attachments/Grips/Grip_Zenit_RK_Vertical/RHS_RK2.et;{A35F86E4B492AE13}Prefabs/Weapons/Attachments/Muzzle/Zenit_DTK2_Muzzle/RHS_AK74M_Zenit_DTK2_Muzzle_Base.et;{03D467E505692C3F}Prefabs/Weapons/Magazines/AK103_magazine/Magazine_762x39_plastic_AK_30rnd_57N231.et
rifle_ak103_b10m_b19n_b33,{1A0183B40D962ECF}Prefabs/Weapons/Rifles/AK74M/Rifle_AK103_b10m_b19n_b33.et,cash,960,480,3,1,127,63,0,1,{8DB150C7732EC843}Prefabs/Weapons/Attachments/Handguards/Handguard_AK74M/Handguard_Zenitco_B10M_B19N.et;{07AF951403CBAB0A}Prefabs/Weapons/Attachments/Muzzle/AK103_muzzle/RHS_AK103_muzzle.et;{03D467E505692C3F}Prefabs/Weapons/Magazines/AK103_magazine/Magazine_762x39_plastic_AK_30rnd_57N231.et
rifle_ak103_b10m_b19n_b33_b9m,{31437A1CCB683B91}Prefabs/Weapons/Rifles/AK74M/Rifle_AK103_b10m_b19n_b33_b9m.et,cash,960,480,4,1,427,213,0,1,{8DB150C7732EC843}Prefabs/Weapons/Attachments/Handguards/Handguard_AK74M/Handguard_Zenitco_B10M_B19N.et;{5C00FABD6129BE79}Prefabs/Weapons/Attachments/Lights/Light_klesh2_base.et;{07AF951403CBAB0A}Prefabs/Weapons/Attachments/Muzzle/AK103_muzzle/RHS_AK103_muzzle.et;{03D467E505692C3F}Prefabs/Weapons/Magazines/AK103_magazine/Magazine_762x39_plastic_AK_30rnd_57N231.et
rifle_ak103_b10m_b19n_b33_b9m_pt1_rk3_dtk2,{CFD0040A3E30F5E3}Prefabs/Weapons/Rifles/AK74M/Rifle_AK103_b10m_b19n_b33_b9m_pt1_rk3_dtk2.et,cash,960,480,4,1,427,213,0,1,{8DB150C7732EC843}Prefabs/Weapons/Attachments/Handguards/Handguard_AK74M/Handguard_Zenitco_B10M_B19N.et;{5C00FABD6129BE79}Prefabs/Weapons/Attachments/Lights/Light_klesh2_base.et;{A35F86E4B492AE13}Prefabs/Weapons/Attachments/Muzzle/Zenit_DTK2_Muzzle/RHS_AK74M_Zenit_DTK2_Muzzle_Base.et;{03D467E505692C3F}Prefabs/Weapons/Magazines/AK103_magazine/Magazine_762x39_plastic_AK_30rnd_57N231.et
rifle_ak103_b10m_b19n_b33_b9m_pt1_rk3_dtk2_fde,{9F83FE0DD120EF92}Prefabs/Weapons/Rifles/AK74M/Rifle_AK103_b10m_b19n_b33_b9m_pt1_rk3_dtk2_FDE.et,cash,960,480,4,1,427,213,0,1,{DA1521A8DEDBE8D2}Prefabs/Weapons/Attachments/Handguards/Handguard_AK74M/Handguard_Zenitco_B10M_B19N_tan.et;{5C00FABD6129BE79}Prefabs/Weapons/Attachments/Lights/Light_klesh2_base.et;{A35F86E4B492AE13}Prefabs/Weapons/Attachments/Muzzle/Zenit_DTK2_Muzzle/RHS_AK74M_Zenit_DTK2_Muzzle_Base.et;{03D467E505692C3F}Prefabs/Weapons/Magazines/AK103_magazine/Magazine_762x39_plastic_AK_30rnd_57N231.et
rifle_ak103_b10m_b19n_b33_b9m_pt1_rk3_dtk2_fde_rk0,{2C699C4C4E87B1B3}Prefabs/Weapons/Rifles/AK74M/Rifle_AK103_b10m_b19n_b33_b9m_pt1_rk3_dtk2_FDE_rk0.et,cash,960,480,5,1,487,243,0,1,{DA1521A8DEDBE8D2}Prefabs/Weapons/Attachments/Handguards/Handguard_AK74M/Handguard_Zenitco_B10M_B19N_tan.et;{5C00FABD6129BE79}Prefabs/Weapons/Attachments/Lights/Light_klesh2_base.et;{8B408A3D9367CB43}Prefabs/Weapons/Attachments/Grips/Grip_Zenit_RK_Vertical/RHS_RK0_base.et;{91D5624C80CD29AB}Prefabs/Weapons/Attachments/Muzzle/Zenit_DTK2_Muzzle/RHS_AK74M_Zenit_DTK1_Muzzle_Base.et;{03D467E505692C3F}Prefabs/Weapons/Magazines/AK103_magazine/Magazine_762x39_plastic_AK_30rnd_57N231.et
rifle_ak103_b10m_b19n_b33_b9m_pt1_rk3_dtk2_rk6,{D4F1EA5300D9217E}Prefabs/Weapons/Rifles/AK74M/Rifle_AK103_b10m_b19n_b33_b9m_pt1_rk3_dtk2_rk6.et,cash,960,480,5,1,487,243,0,1,{8DB150C7732EC843}Prefabs/Weapons/Attachments/Handguards/Handguard_AK74M/Handguard_Zenitco_B10M_B19N.et;{5C00FABD6129BE79}Prefabs/Weapons/Attachments/Lights/Light_klesh2_base.et;{49F469152782CB41}Prefabs/Weapons/Attachments/Grips/Grip_Zenit_RK_Vertical/RHS_RK6.et;{A35F86E4B492AE13}Prefabs/Weapons/Attachments/Muzzle/Zenit_DTK2_Muzzle/RHS_AK74M_Zenit_DTK2_Muzzle_Base.et;{03D467E505692C3F}Prefabs/Weapons/Magazines/AK103_magazine/Magazine_762x39_plastic_AK_30rnd_57N231.et
rifle_ak103_b10m_b19n_b33_pt1_rk3_dtk2,{C3A7DFCD0FB9B39E}Prefabs/Weapons/Rifles/AK74M/Rifle_AK103_b10m_b19n_b33_pt1_rk3_dtk2.et,cash,960,480,3,1,127,63,0,1,{8DB150C7732EC843}Prefabs/Weapons/Attachments/Handguards/Handguard_AK74M/Handguard_Zenitco_B10M_B19N.et;{A35F86E4B492AE13}Prefabs/Weapons/Attachments/Muzzle/Zenit_DTK2_Muzzle/RHS_AK74M_Zenit_DTK2_Muzzle_Base.et;{03D467E505692C3F}Prefabs/Weapons/Magazines/AK103_magazine/Magazine_762x39_plastic_AK_30rnd_57N231.et
rifle_ak103_b13,{B671C0472500F286}Prefabs/Weapons/Rifles/AK74M/Rifle_AK103_b13.et,cash,960,480,2,0,127,63,0,1,{07AF951403CBAB0A}Prefabs/Weapons/Attachments/Muzzle/AK103_muzzle/RHS_AK103_muzzle.et;{03D467E505692C3F}Prefabs/Weapons/Magazines/AK103_magazine/Magazine_762x39_plastic_AK_30rnd_57N231.et
rifle_ak103_b30_b31_b33,{854C6A4AAF38604D}Prefabs/Weapons/Rifles/AK74M/Rifle_AK103_b30_b31_b33.et,cash,960,480,3,1,127,63,0,1,{6FD5293AF114A9D7}Prefabs/Weapons/Attachments/Handguards/Handguard_AK74M/Handguard_Zenitco_B30_B31.et;{07AF951403CBAB0A}Prefabs/Weapons/Attachments/Muzzle/AK103_muzzle/RHS_AK103_muzzle.et;{03D467E505692C3F}Prefabs/Weapons/Magazines/AK103_magazine/Magazine_762x39_plastic_AK_30rnd_57N231.et
rifle_ak103_b30_b31_b33_glcore_agr47,{78F0A488E76E5384}Prefabs/Weapons/Rifles/AK74M/Rifle_AK103_b30_b31_b33_GlCore_AGR47.et,cash,960,480,3,1,127,63,0,1,{6FD5293AF114A9D7}Prefabs/Weapons/Attachments/Handguards/Handguard_AK74M/Handguard_Zenitco_B30_B31.et;{07AF951403CBAB0A}Prefabs/Weapons/Attachments/Muzzle/AK103_muzzle/RHS_AK103_muzzle.et;{03D467E505692C3F}Prefabs/Weapons/Magazines/AK103_magazine/Magazine_762x39_plastic_AK_30rnd_57N231.et
rifle_ak103_b30_b31_b33_pt1_rk3,{357BB22ED2213793}Prefabs/Weapons/Rifles/AK74M/Rifle_AK103_b30_b31_b33_pt1_rk3.et,cash,960,480,3,1,127,63,0,1,{6FD5293AF114A9D7}Prefabs/Weapons/Attachments/Handguards/Handguard_AK74M/Handguard_Zenitco_B30_B31.et;{07AF951403CBAB0A}Prefabs/Weapons/Attachments/Muzzle/AK103_muzzle/RHS_AK103_muzzle.et;{03D467E505692C3F}Prefabs/Weapons/Magazines/AK103_magazine/Magazine_762x39_plastic_AK_30rnd_57N231.et
rifle_ak103_b30_b31_b33_pt1_rk3_rk1,{A5A2CDC0F247ED41}Prefabs/Weapons/Rifles/AK74M/Rifle_AK103_b30_b31_b33_pt1_rk3_rk1.et,cash,960,480,4,1,187,93,0,1,{6FD5293AF114A9D7}Prefabs/Weapons/Attachments/Handguards/Handguard_AK74M/Handguard_Zenitco_B30_B31.et;{74C04C2D52EE4276}Prefabs/Weapons/Attachments/Grips/Grip_Zenit_RK_Vertical/RHS_RK1.et;{07AF951403CBAB0A}Prefabs/Weapons/Attachments/Muzzle/AK103_muzzle/RHS_AK103_muzzle.et;{03D467E505692C3F}Prefabs/Weapons/Magazines/AK103_magazine/Magazine_762x39_plastic_AK_30rnd_57N231.et
rifle_ak103_b30_b31_b33_rk1,{48E38675FFD25D2A}Prefabs/Weapons/Rifles/AK74M/Rifle_AK103_b30_b31_b33_rk1.et,cash,960,480,4,1,187,93,0,1,{6FD5293AF114A9D7}Prefabs/Weapons/Attachments/Handguards/Handguard_AK74M/Handguard_Zenitco_B30_B31.et;{74C04C2D52EE4276}Prefabs/Weapons/Attachments/Grips/Grip_Zenit_RK_Vertical/RHS_RK1.et;{07AF951403CBAB0A}Prefabs/Weapons/Attachments/Muzzle/AK103_muzzle/RHS_AK103_muzzle.et;{03D467E505692C3F}Prefabs/Weapons/Magazines/AK103_magazine/Magazine_762x39_plastic_AK_30rnd_57N231.et
rifle_ak103_b30_b31s_b33,{C779B86D000E1A8F}Prefabs/Weapons/Rifles/AK74M/Rifle_AK103_b30_b31s_b33.et,cash,960,480,3,1,127,63,0,1,{9ED8CC9C9EA565E5}Prefabs/Weapons/Attachments/Handguards/Handguard_AK74M/Handguard_Zenitco_B30_B31S.et;{07AF951403CBAB0A}Prefabs/Weapons/Attachments/Muzzle/AK103_muzzle/RHS_AK103_muzzle.et;{03D467E505692C3F}Prefabs/Weapons/Magazines/AK103_magazine/Magazine_762x39_plastic_AK_30rnd_57N231.et
rifle_ak103_b30_b31s_b33_pt1_rk3,{F987F19ECCF91A47}Prefabs/Weapons/Rifles/AK74M/Rifle_AK103_b30_b31s_b33_pt1_rk3.et,cash,960,480,3,1,127,63,0,1,{9ED8CC9C9EA565E5}Prefabs/Weapons/Attachments/Handguards/Handguard_AK74M/Handguard_Zenitco_B30_B31S.et;{07AF951403CBAB0A}Prefabs/Weapons/Attachments/Muzzle/AK103_muzzle/RHS_AK103_muzzle.et;{03D467E505692C3F}Prefabs/Weapons/Magazines/AK103_magazine/Magazine_762x39_plastic_AK_30rnd_57N231.et
rifle_ak103_b30_b31s_b33_pt1_rk3_fde,{486CEA533B3B3468}Prefabs/Weapons/Rifles/AK74M/Rifle_AK103_b30_b31s_b33_pt1_rk3_FDE.et,cash,960,480,3,1,127,63,0,1,{5A8821B4F63F9319}Prefabs/Weapons/Attachments/Handguards/Handguard_AK74M/Handguard_Zenitco_B30_B31S_FDE.et;{07AF951403CBAB0A}Prefabs/Weapons/Attachments/Muzzle/AK103_muzzle/RHS_AK103_muzzle.et;{03D467E505692C3F}Prefabs/Weapons/Magazines/AK103_magazine/Magazine_762x39_plastic_AK_30rnd_57N231.et
rifle_ak103_b30_b31s_b33_pt1_rk3_fde_rk0,{DE52C9A0D60705D9}Prefabs/Weapons/Rifles/AK74M/Rifle_AK103_b30_b31s_b33_pt1_rk3_FDE_rk0.et,cash,960,480,4,1,187,93,0,1,{5A8821B4F63F9319}Prefabs/Weapons/Attachments/Handguards/Handguard_AK74M/Handguard_Zenitco_B30_B31S_FDE.et;{8B408A3D9367CB43}Prefabs/Weapons/Attachments/Grips/Grip_Zenit_RK_Vertical/RHS_RK0_base.et;{07AF951403CBAB0A}Prefabs/Weapons/Attachments/Muzzle/AK103_muzzle/RHS_AK103_muzzle.et;{03D467E505692C3F}Prefabs/Weapons/Magazines/AK103_magazine/Magazine_762x39_plastic_AK_30rnd_57N231.et
rifle_ak103_b30_b31s_b33_pt1_rk3_railcover,{5CBD4D7A1FCBD82A}Prefabs/Weapons/Rifles/AK74M/Rifle_AK103_b30_b31s_b33_pt1_rk3_RailCover.et,cash,960,480,8,2,2287,1143,1,1,{9ED8CC9C9EA565E5}Prefabs/Weapons/Attachments/Handguards/Handguard_AK74M/Handguard_Zenitco_B30_B31S.et;{9C42803E49305273}Prefabs/Weapons/Attachments/Optics/exps/Optic_EXPS3-1.et;{CB8AB382E3F45336}Prefabs/Weapons/Attachments/Lasers/perst_classic/Laser_perst_classic_base.et;{5C00FABD6129BE79}Prefabs/Weapons/Attachments/Lights/Light_klesh2_base.et;{03F516FBF9B10E89}Prefabs/Weapons/Attachments/Misc/KacRailCover/KacRailCover_AK_Zenit_B30_BLK.et;{74C04C2D52EE4276}Prefabs/Weapons/Attachments/Grips/Grip_Zenit_RK_Vertical/RHS_RK1.et;{A35F86E4B492AE13}Prefabs/Weapons/Attachments/Muzzle/Zenit_DTK2_Muzzle/RHS_AK74M_Zenit_DTK2_Muzzle_Base.et;{03D467E505692C3F}Prefabs/Weapons/Magazines/AK103_magazine/Magazine_762x39_plastic_AK_30rnd_57N231.et
rifle_ak103_b30_b31s_b33_pt1_rk3_rk1,{DBB697CC934BE4D8}Prefabs/Weapons/Rifles/AK74M/Rifle_AK103_b30_b31s_b33_pt1_rk3_rk1.et,cash,960,480,4,1,187,93,0,1,{9ED8CC9C9EA565E5}Prefabs/Weapons/Attachments/Handguards/Handguard_AK74M/Handguard_Zenitco_B30_B31S.et;{74C04C2D52EE4276}Prefabs/Weapons/Attachments/Grips/Grip_Zenit_RK_Vertical/RHS_RK1.et;{91D5624C80CD29AB}Prefabs/Weapons/Attachments/Muzzle/Zenit_DTK2_Muzzle/RHS_AK74M_Zenit_DTK1_Muzzle_Base.et;{03D467E505692C3F}Prefabs/Weapons/Magazines/AK103_magazine/Magazine_762x39_plastic_AK_30rnd_57N231.et
rifle_ak103_b30_b31s_pdc_glcore_agr47,{B00384C3258F6918}Prefabs/Weapons/Rifles/AK74M/Rifle_AK103_b30_b31s_PDC_GLCore_AGR47.et,cash,960,480,3,1,127,63,0,1,{9ED8CC9C9EA565E5}Prefabs/Weapons/Attachments/Handguards/Handguard_AK74M/Handguard_Zenitco_B30_B31S.et;{07AF951403CBAB0A}Prefabs/Weapons/Attachments/Muzzle/AK103_muzzle/RHS_AK103_muzzle.et;{03D467E505692C3F}Prefabs/Weapons/Magazines/AK103_magazine/Magazine_762x39_plastic_AK_30rnd_57N231.et
rifle_ak103_b30_b31s_pdc_glcore_agr47_fde,{262D0B02BA5D7F2A}Prefabs/Weapons/Rifles/AK74M/Rifle_AK103_b30_b31s_pdc_GLcore_AGR47_FDE.et,cash,960,480,3,1,127,63,0,1,{5A8821B4F63F9319}Prefabs/Weapons/Attachments/Handguards/Handguard_AK74M/Handguard_Zenitco_B30_B31S_FDE.et;{07AF951403CBAB0A}Prefabs/Weapons/Attachments/Muzzle/AK103_muzzle/RHS_AK103_muzzle.et;{03D467E505692C3F}Prefabs/Weapons/Magazines/AK103_magazine/Magazine_762x39_plastic_AK_30rnd_57N231.et
rifle_ak103_b30u_b31n_b33,{E8ADD99A5456E38D}Prefabs/Weapons/Rifles/AK74M/Rifle_AK103_b30u_b31n_b33.et,cash,960,480,3,1,127,63,0,1,{DA891FBDB202D966}Prefabs/Weapons/Attachments/Handguards/Handguard_AK74M/Handguard_Zenitco_B30U_B31N.et;{07AF951403CBAB0A}Prefabs/Weapons/Attachments/Muzzle/AK103_muzzle/RHS_AK103_muzzle.et;{03D467E505692C3F}Prefabs/Weapons/Magazines/AK103_magazine/Magazine_762x39_plastic_AK_30rnd_57N231.et
rifle_ak103_b30u_b31n_b33_pt1_rk3_dtk2,{DF3C3C25691A5180}Prefabs/Weapons/Rifles/AK74M/Rifle_AK103_b30u_b31n_b33_pt1_rk3_dtk2.et,cash,960,480,3,1,127,63,0,1,{DA891FBDB202D966}Prefabs/Weapons/Attachments/Handguards/Handguard_AK74M/Handguard_Zenitco_B30U_B31N.et;{A35F86E4B492AE13}Prefabs/Weapons/Attachments/Muzzle/Zenit_DTK2_Muzzle/RHS_AK74M_Zenit_DTK2_Muzzle_Base.et;{03D467E505692C3F}Prefabs/Weapons/Magazines/AK103_magazine/Magazine_762x39_plastic_AK_30rnd_57N231.et
rifle_ak103_b30u_b31n_b33_pt1_rk3_dtk2_fde,{5A3F21CCA6CB23EA}Prefabs/Weapons/Rifles/AK74M/Rifle_AK103_b30u_b31n_b33_pt1_rk3_dtk2_FDE.et,cash,960,480,3,1,127,63,0,1,{28B97B86871B2591}Prefabs/Weapons/Attachments/Handguards/Handguard_AK74M/Handguard_Zenitco_B30U_B31N_tan.et;{A35F86E4B492AE13}Prefabs/Weapons/Attachments/Muzzle/Zenit_DTK2_Muzzle/RHS_AK74M_Zenit_DTK2_Muzzle_Base.et;{03D467E505692C3F}Prefabs/Weapons/Magazines/AK103_magazine/Magazine_762x39_plastic_AK_30rnd_57N231.et
rifle_ak103_b30u_b31n_b33_pt1_rk3_dtk2_fde_rk0,{DFA259BBFF2F25CF}Prefabs/Weapons/Rifles/AK74M/Rifle_AK103_b30u_b31n_b33_pt1_rk3_dtk2_FDE_rk0.et,cash,960,480,4,1,187,93,0,1,{28B97B86871B2591}Prefabs/Weapons/Attachments/Handguards/Handguard_AK74M/Handguard_Zenitco_B30U_B31N_tan.et;{8B408A3D9367CB43}Prefabs/Weapons/Attachments/Grips/Grip_Zenit_RK_Vertical/RHS_RK0_base.et;{A35F86E4B492AE13}Prefabs/Weapons/Attachments/Muzzle/Zenit_DTK2_Muzzle/RHS_AK74M_Zenit_DTK2_Muzzle_Base.et;{03D467E505692C3F}Prefabs/Weapons/Magazines/AK103_magazine/Magazine_762x39_plastic_AK_30rnd_57N231.et
rifle_ak103_b30u_b31n_b33_pt1_rk3_dtk2_rk6,{114D35927732ED06}Prefabs/Weapons/Rifles/AK74M/Rifle_AK103_b30u_b31n_b33_pt1_rk3_dtk2_rk6.et,cash,960,480,4,1,187,93,0,1,{DA891FBDB202D966}Prefabs/Weapons/Attachments/Handguards/Handguard_AK74M/Handguard_Zenitco_B30U_B31N.et;{49F469152782CB41}Prefabs/Weapons/Attachments/Grips/Grip_Zenit_RK_Vertical/RHS_RK6.et;{91D5624C80CD29AB}Prefabs/Weapons/Attachments/Muzzle/Zenit_DTK2_Muzzle/RHS_AK74M_Zenit_DTK1_Muzzle_Base.et;{03D467E505692C3F}Prefabs/Weapons/Magazines/AK103_magazine/Magazine_762x39_plastic_AK_30rnd_57N231.et
rifle_ak103_b30u_b31n_pdc_glcore_agr47,{62E5F6FDBC2F0309}Prefabs/Weapons/Rifles/AK74M/Rifle_AK103_b30u_b31n_pdc_GLCore_AGR47.et,cash,960,480,3,1,127,63,0,1,{DA891FBDB202D966}Prefabs/Weapons/Attachments/Handguards/Handguard_AK74M/Handguard_Zenitco_B30U_B31N.et;{A35F86E4B492AE13}Prefabs/Weapons/Attachments/Muzzle/Zenit_DTK2_Muzzle/RHS_AK74M_Zenit_DTK2_Muzzle_Base.et;{03D467E505692C3F}Prefabs/Weapons/Magazines/AK103_magazine/Magazine_762x39_plastic_AK_30rnd_57N231.et
rifle_ak104,{A76490ADA8B6F0A2}Prefabs/Weapons/Rifles/AK74M/Rifle_AK104.et,cash,960,480,2,0,127,63,0,1,{07BCACE1DE243320}Prefabs/Weapons/Attachments/Muzzle/AK105_muzzle/RHS_AK105_muzzle.et;{03D467E505692C3F}Prefabs/Weapons/Magazines/AK103_magazine/Magazine_762x39_plastic_AK_30rnd_57N231.et
rifle_ak104_b10m_b19_b33,{AABCE5ABF9A66AD6}Prefabs/Weapons/Rifles/AK74M/Rifle_AK104_b10m_b19_b33.et,cash,960,480,3,1,127,63,0,1,{86E71F45F9238778}Prefabs/Weapons/Attachments/Handguards/Handguard_AK74M/Handguard_Zenitco_B10M_B19.et;{07BCACE1DE243320}Prefabs/Weapons/Attachments/Muzzle/AK105_muzzle/RHS_AK105_muzzle.et;{03D467E505692C3F}Prefabs/Weapons/Magazines/AK103_magazine/Magazine_762x39_plastic_AK_30rnd_57N231.et
rifle_ak104_b10m_b19_b33_b9m,{9D38C24135F1FDE0}Prefabs/Weapons/Rifles/AK74M/Rifle_AK104_b10m_b19_b33_b9m.et,cash,960,480,4,1,427,213,0,1,{86E71F45F9238778}Prefabs/Weapons/Attachments/Handguards/Handguard_AK74M/Handguard_Zenitco_B10M_B19.et;{5C00FABD6129BE79}Prefabs/Weapons/Attachments/Lights/Light_klesh2_base.et;{07BCACE1DE243320}Prefabs/Weapons/Attachments/Muzzle/AK105_muzzle/RHS_AK105_muzzle.et;{03D467E505692C3F}Prefabs/Weapons/Magazines/AK103_magazine/Magazine_762x39_plastic_AK_30rnd_57N231.et
rifle_ak104_b10m_b19_b33_b9m_pt1_rk3_dtk2_b9m,{FF8CB48328C14692}Prefabs/Weapons/Rifles/AK74M/Rifle_AK104_b10m_b19_b33_b9m_pt1_rk3_dtk2_b9m.et,cash,960,480,4,1,427,213,0,1,{86E71F45F9238778}Prefabs/Weapons/Attachments/Handguards/Handguard_AK74M/Handguard_Zenitco_B10M_B19.et;{5C00FABD6129BE79}Prefabs/Weapons/Attachments/Lights/Light_klesh2_base.et;{A35F86E4B492AE13}Prefabs/Weapons/Attachments/Muzzle/Zenit_DTK2_Muzzle/RHS_AK74M_Zenit_DTK2_Muzzle_Base.et;{03D467E505692C3F}Prefabs/Weapons/Magazines/AK103_magazine/Magazine_762x39_plastic_AK_30rnd_57N231.et
rifle_ak104_b10m_b19_b33_b9m_pt1_rk3_dtk2_b9m_fde,{AEE52FE857728506}Prefabs/Weapons/Rifles/AK74M/Rifle_AK104_b10m_b19_b33_b9m_pt1_rk3_dtk2_b9m_FDE.et,cash,960,480,4,1,427,213,0,1,{56835BB2493A0684}Prefabs/Weapons/Attachments/Handguards/Handguard_AK74M/Handguard_Zenitco_B10M_B19_tan.et;{5C00FABD6129BE79}Prefabs/Weapons/Attachments/Lights/Light_klesh2_base.et;{A35F86E4B492AE13}Prefabs/Weapons/Attachments/Muzzle/Zenit_DTK2_Muzzle/RHS_AK74M_Zenit_DTK2_Muzzle_Base.et;{03D467E505692C3F}Prefabs/Weapons/Magazines/AK103_magazine/Magazine_762x39_plastic_AK_30rnd_57N231.et
rifle_ak104_b10m_b19_b33_b9m_pt1_rk3_dtk2_b9m_fde_rk1,{7DA40E45E41F4FB7}Prefabs/Weapons/Rifles/AK74M/Rifle_AK104_b10m_b19_b33_b9m_pt1_rk3_dtk2_b9m_FDE_rk1.et,cash,960,480,5,1,487,243,0,1,{56835BB2493A0684}Prefabs/Weapons/Attachments/Handguards/Handguard_AK74M/Handguard_Zenitco_B10M_B19_tan.et;{5C00FABD6129BE79}Prefabs/Weapons/Attachments/Lights/Light_klesh2_base.et;{74C04C2D52EE4276}Prefabs/Weapons/Attachments/Grips/Grip_Zenit_RK_Vertical/RHS_RK1.et;{A35F86E4B492AE13}Prefabs/Weapons/Attachments/Muzzle/Zenit_DTK2_Muzzle/RHS_AK74M_Zenit_DTK2_Muzzle_Base.et;{03D467E505692C3F}Prefabs/Weapons/Magazines/AK103_magazine/Magazine_762x39_plastic_AK_30rnd_57N231.et
rifle_ak104_b10m_b19_b33_b9m_pt1_rk3_dtk2_b9m_rk0,{3D3F5277FF0255B6}Prefabs/Weapons/Rifles/AK74M/Rifle_AK104_b10m_b19_b33_b9m_pt1_rk3_dtk2_b9m_rk0.et,cash,960,480,5,1,487,243,0,1,{86E71F45F9238778}Prefabs/Weapons/Attachments/Handguards/Handguard_AK74M/Handguard_Zenitco_B10M_B19.et;{5C00FABD6129BE79}Prefabs/Weapons/Attachments/Lights/Light_klesh2_base.et;{8B408A3D9367CB43}Prefabs/Weapons/Attachments/Grips/Grip_Zenit_RK_Vertical/RHS_RK0_base.et;{91D5624C80CD29AB}Prefabs/Weapons/Attachments/Muzzle/Zenit_DTK2_Muzzle/RHS_AK74M_Zenit_DTK1_Muzzle_Base.et;{03D467E505692C3F}Prefabs/Weapons/Magazines/AK103_magazine/Magazine_762x39_plastic_AK_30rnd_57N231.et
rifle_ak104_b10m_b19_b33_rk3_pt1_dtk2,{032BB0FAE26F81E7}Prefabs/Weapons/Rifles/AK74M/Rifle_AK104_b10m_b19_b33_rk3_pt1_dtk2.et,cash,960,480,3,1,127,63,0,1,{86E71F45F9238778}Prefabs/Weapons/Attachments/Handguards/Handguard_AK74M/Handguard_Zenitco_B10M_B19.et;{A35F86E4B492AE13}Prefabs/Weapons/Attachments/Muzzle/Zenit_DTK2_Muzzle/RHS_AK74M_Zenit_DTK2_Muzzle_Base.et;{03D467E505692C3F}Prefabs/Weapons/Magazines/AK103_magazine/Magazine_762x39_plastic_AK_30rnd_57N231.et
rifle_ak104_b10m_b19n_b33,{AABCE5ABF9A66AD7}Prefabs/Weapons/Rifles/AK74M/Rifle_AK104_b10m_b19n_b33.et,cash,960,480,3,1,127,63,0,1,{8DB150C7732EC843}Prefabs/Weapons/Attachments/Handguards/Handguard_AK74M/Handguard_Zenitco_B10M_B19N.et;{07BCACE1DE243320}Prefabs/Weapons/Attachments/Muzzle/AK105_muzzle/RHS_AK105_muzzle.et;{03D467E505692C3F}Prefabs/Weapons/Magazines/AK103_magazine/Magazine_762x39_plastic_AK_30rnd_57N231.et
rifle_ak104_b10m_b19n_b33_b9m,{9D38C24135F1FDE1}Prefabs/Weapons/Rifles/AK74M/Rifle_AK104_b10m_b19n_b33_b9m.et,cash,960,480,4,1,427,213,0,1,{8DB150C7732EC843}Prefabs/Weapons/Attachments/Handguards/Handguard_AK74M/Handguard_Zenitco_B10M_B19N.et;{5C00FABD6129BE79}Prefabs/Weapons/Attachments/Lights/Light_klesh2_base.et;{07BCACE1DE243320}Prefabs/Weapons/Attachments/Muzzle/AK105_muzzle/RHS_AK105_muzzle.et;{03D467E505692C3F}Prefabs/Weapons/Magazines/AK103_magazine/Magazine_762x39_plastic_AK_30rnd_57N231.et
rifle_ak104_b10m_b19n_b33_b9m_pt1_rk3_dtk2,{FF8CB48328C14693}Prefabs/Weapons/Rifles/AK74M/Rifle_AK104_b10m_b19n_b33_b9m_pt1_rk3_dtk2.et,cash,960,480,4,1,427,213,0,1,{8DB150C7732EC843}Prefabs/Weapons/Attachments/Handguards/Handguard_AK74M/Handguard_Zenitco_B10M_B19N.et;{5C00FABD6129BE79}Prefabs/Weapons/Attachments/Lights/Light_klesh2_base.et;{A35F86E4B492AE13}Prefabs/Weapons/Attachments/Muzzle/Zenit_DTK2_Muzzle/RHS_AK74M_Zenit_DTK2_Muzzle_Base.et;{03D467E505692C3F}Prefabs/Weapons/Magazines/AK103_magazine/Magazine_762x39_plastic_AK_30rnd_57N231.et
rifle_ak104_b10m_b19n_b33_b9m_pt1_rk3_dtk2_fde,{7C676CA333FBF055}Prefabs/Weapons/Rifles/AK74M/Rifle_AK104_b10m_b19n_b33_b9m_pt1_rk3_dtk2_FDE.et,cash,960,480,4,1,427,213,0,1,{DA1521A8DEDBE8D2}Prefabs/Weapons/Attachments/Handguards/Handguard_AK74M/Handguard_Zenitco_B10M_B19N_tan.et;{5C00FABD6129BE79}Prefabs/Weapons/Attachments/Lights/Light_klesh2_base.et;{A35F86E4B492AE13}Prefabs/Weapons/Attachments/Muzzle/Zenit_DTK2_Muzzle/RHS_AK74M_Zenit_DTK2_Muzzle_Base.et;{03D467E505692C3F}Prefabs/Weapons/Magazines/AK103_magazine/Magazine_762x39_plastic_AK_30rnd_57N231.et
rifle_ak104_b10m_b19n_b33_b9m_pt1_rk3_dtk2_fde_rk6,{7C476106BB29621D}Prefabs/Weapons/Rifles/AK74M/Rifle_AK104_b10m_b19n_b33_b9m_pt1_rk3_dtk2_FDE_RK6.et,cash,960,480,5,1,487,243,0,1,{DA1521A8DEDBE8D2}Prefabs/Weapons/Attachments/Handguards/Handguard_AK74M/Handguard_Zenitco_B10M_B19N_tan.et;{5C00FABD6129BE79}Prefabs/Weapons/Attachments/Lights/Light_klesh2_base.et;{49F469152782CB41}Prefabs/Weapons/Attachments/Grips/Grip_Zenit_RK_Vertical/RHS_RK6.et;{91D5624C80CD29AB}Prefabs/Weapons/Attachments/Muzzle/Zenit_DTK2_Muzzle/RHS_AK74M_Zenit_DTK1_Muzzle_Base.et;{03D467E505692C3F}Prefabs/Weapons/Magazines/AK103_magazine/Magazine_762x39_plastic_AK_30rnd_57N231.et
rifle_ak104_b10m_b19n_b33_b9m_pt1_rk3_dtk2_rk1,{0A215DC5976EB78E}Prefabs/Weapons/Rifles/AK74M/Rifle_AK104_b10m_b19n_b33_b9m_pt1_rk3_dtk2_rk1.et,cash,960,480,5,1,487,243,0,1,{8DB150C7732EC843}Prefabs/Weapons/Attachments/Handguards/Handguard_AK74M/Handguard_Zenitco_B10M_B19N.et;{5C00FABD6129BE79}Prefabs/Weapons/Attachments/Lights/Light_klesh2_base.et;{74C04C2D52EE4276}Prefabs/Weapons/Attachments/Grips/Grip_Zenit_RK_Vertical/RHS_RK1.et;{91D5624C80CD29AB}Prefabs/Weapons/Attachments/Muzzle/Zenit_DTK2_Muzzle/RHS_AK74M_Zenit_DTK1_Muzzle_Base.et;{03D467E505692C3F}Prefabs/Weapons/Magazines/AK103_magazine/Magazine_762x39_plastic_AK_30rnd_57N231.et
rifle_ak104_b10m_b19n_b33_glcore_agr47,{672A71C73BA946BA}Prefabs/Weapons/Rifles/AK74M/Rifle_AK104_b10m_b19n_b33_GLCore_AGR47.et,cash,960,480,3,1,127,63,0,1,{8DB150C7732EC843}Prefabs/Weapons/Attachments/Handguards/Handguard_AK74M/Handguard_Zenitco_B10M_B19N.et;{07BCACE1DE243320}Prefabs/Weapons/Attachments/Muzzle/AK105_muzzle/RHS_AK105_muzzle.et;{03D467E505692C3F}Prefabs/Weapons/Magazines/AK103_magazine/Magazine_762x39_plastic_AK_30rnd_57N231.et
rifle_ak104_b10m_b19n_b33_pt1_dtk2_rk3,{CDF002721ECBE3A7}Prefabs/Weapons/Rifles/AK74M/Rifle_AK104_b10m_b19n_b33_pt1_dtk2_rk3.et,cash,960,480,3,1,127,63,0,1,{8DB150C7732EC843}Prefabs/Weapons/Attachments/Handguards/Handguard_AK74M/Handguard_Zenitco_B10M_B19N.et;{A35F86E4B492AE13}Prefabs/Weapons/Attachments/Muzzle/Zenit_DTK2_Muzzle/RHS_AK74M_Zenit_DTK2_Muzzle_Base.et;{03D467E505692C3F}Prefabs/Weapons/Magazines/AK103_magazine/Magazine_762x39_plastic_AK_30rnd_57N231.et
rifle_ak104_b10m_b19n_b33_pt1_dtk2_rk3_rk2,{DF6498AC7922243E}Prefabs/Weapons/Rifles/AK74M/Rifle_AK104_b10m_b19n_b33_pt1_dtk2_rk3_rk2.et,cash,960,480,4,1,187,93,0,1,{8DB150C7732EC843}Prefabs/Weapons/Attachments/Handguards/Handguard_AK74M/Handguard_Zenitco_B10M_B19N.et;{189478CDEE2ACD58}Prefabs/Weapons/Attachments/Grips/Grip_Zenit_RK_Vertical/RHS_RK2.et;{A35F86E4B492AE13}Prefabs/Weapons/Attachments/Muzzle/Zenit_DTK2_Muzzle/RHS_AK74M_Zenit_DTK2_Muzzle_Base.et;{03D467E505692C3F}Prefabs/Weapons/Magazines/AK103_magazine/Magazine_762x39_plastic_AK_30rnd_57N231.et
rifle_ak104_b30_b31s_b33,{6CA6F2F196406036}Prefabs/Weapons/Rifles/AK74M/Rifle_AK104_b30_b31s_b33.et,cash,960,480,3,1,127,63,0,1,{9ED8CC9C9EA565E5}Prefabs/Weapons/Attachments/Handguards/Handguard_AK74M/Handguard_Zenitco_B30_B31S.et;{07BCACE1DE243320}Prefabs/Weapons/Attachments/Muzzle/AK105_muzzle/RHS_AK105_muzzle.et;{03D467E505692C3F}Prefabs/Weapons/Magazines/AK103_magazine/Magazine_762x39_plastic_AK_30rnd_57N231.et
rifle_ak104_b30_b31s_b33_pt1_rk3,{1E349A438A6BC305}Prefabs/Weapons/Rifles/AK74M/Rifle_AK104_b30_b31s_b33_pt1_rk3.et,cash,960,480,3,1,127,63,0,1,{9ED8CC9C9EA565E5}Prefabs/Weapons/Attachments/Handguards/Handguard_AK74M/Handguard_Zenitco_B30_B31S.et;{07BCACE1DE243320}Prefabs/Weapons/Attachments/Muzzle/AK105_muzzle/RHS_AK105_muzzle.et;{03D467E505692C3F}Prefabs/Weapons/Magazines/AK103_magazine/Magazine_762x39_plastic_AK_30rnd_57N231.et
rifle_ak104_b30_b31s_b33_pt1_rk3_fde,{E5643CFA1828936C}Prefabs/Weapons/Rifles/AK74M/Rifle_AK104_b30_b31s_b33_pt1_rk3_FDE.et,cash,960,480,3,1,127,63,0,1,{5A8821B4F63F9319}Prefabs/Weapons/Attachments/Handguards/Handguard_AK74M/Handguard_Zenitco_B30_B31S_FDE.et;{07BCACE1DE243320}Prefabs/Weapons/Attachments/Muzzle/AK105_muzzle/RHS_AK105_muzzle.et;{03D467E505692C3F}Prefabs/Weapons/Magazines/AK103_magazine/Magazine_762x39_plastic_AK_30rnd_57N231.et
rifle_ak104_b30_b31s_b33_pt1_rk3_fde_railcover,{FB718BF035621FAC}Prefabs/Weapons/Rifles/AK74M/Rifle_AK104_b30_b31s_b33_pt1_rk3_FDE_RailCover.et,cash,960,480,8,3,1987,993,1,1,{5A8821B4F63F9319}Prefabs/Weapons/Attachments/Handguards/Handguard_AK74M/Handguard_Zenitco_B30_B31S_FDE.et;{CB8AB382E3F45336}Prefabs/Weapons/Attachments/Lasers/perst_classic/Laser_perst_classic_base.et;{4268B2077766E8C7}Prefabs/Weapons/Attachments/Optics/aimpoint_t1/Optic_t1_high.et;{17A5656F850F6FB8}Prefabs/Weapons/Attachments/Lights/Light_m300c_base.et;{21129ADBBD796072}Prefabs/Weapons/Attachments/Misc/KacRailCover/KacRailCover_AK_Zenit_B30_Grip.et;{8B408A3D9367CB43}Prefabs/Weapons/Attachments/Grips/Grip_Zenit_RK_Vertical/RHS_RK0_base.et;{91D5624C80CD29AB}Prefabs/Weapons/Attachments/Muzzle/Zenit_DTK2_Muzzle/RHS_AK74M_Zenit_DTK1_Muzzle_Base.et;{03D467E505692C3F}Prefabs/Weapons/Magazines/AK103_magazine/Magazine_762x39_plastic_AK_30rnd_57N231.et
rifle_ak104_b30_b31s_b33_pt1_rk3_fde_rk1,{A606B9DC77034405}Prefabs/Weapons/Rifles/AK74M/Rifle_AK104_b30_b31s_b33_pt1_rk3_FDE_rk1.et,cash,960,480,4,1,187,93,0,1,{5A8821B4F63F9319}Prefabs/Weapons/Attachments/Handguards/Handguard_AK74M/Handguard_Zenitco_B30_B31S_FDE.et;{74C04C2D52EE4276}Prefabs/Weapons/Attachments/Grips/Grip_Zenit_RK_Vertical/RHS_RK1.et;{07BCACE1DE243320}Prefabs/Weapons/Attachments/Muzzle/AK105_muzzle/RHS_AK105_muzzle.et;{03D467E505692C3F}Prefabs/Weapons/Magazines/AK103_magazine/Magazine_762x39_plastic_AK_30rnd_57N231.et
rifle_ak104_b30_b31s_b33_pt1_rk3_rk0,{93220D9CBCBDD4B7}Prefabs/Weapons/Rifles/AK74M/Rifle_AK104_b30_b31s_b33_pt1_rk3_rk0.et,cash,960,480,4,1,187,93,0,1,{9ED8CC9C9EA565E5}Prefabs/Weapons/Attachments/Handguards/Handguard_AK74M/Handguard_Zenitco_B30_B31S.et;{8B408A3D9367CB43}Prefabs/Weapons/Attachments/Grips/Grip_Zenit_RK_Vertical/RHS_RK0_base.et;{07BCACE1DE243320}Prefabs/Weapons/Attachments/Muzzle/AK105_muzzle/RHS_AK105_muzzle.et;{03D467E505692C3F}Prefabs/Weapons/Magazines/AK103_magazine/Magazine_762x39_plastic_AK_30rnd_57N231.et
rifle_ak104_b30_b31s_pdc_glcore_rk3,{1BF072FBD1F411F9}Prefabs/Weapons/Rifles/AK74M/Rifle_AK104_b30_b31s_PDC_GLCore_RK3.et,cash,960,480,3,1,127,63,0,1,{9ED8CC9C9EA565E5}Prefabs/Weapons/Attachments/Handguards/Handguard_AK74M/Handguard_Zenitco_B30_B31S.et;{07BCACE1DE243320}Prefabs/Weapons/Attachments/Muzzle/AK105_muzzle/RHS_AK105_muzzle.et;{03D467E505692C3F}Prefabs/Weapons/Magazines/AK103_magazine/Magazine_762x39_plastic_AK_30rnd_57N231.et
rifle_ak104_b30u_b31n_b33,{5810BF85A066A795}Prefabs/Weapons/Rifles/AK74M/Rifle_AK104_b30u_b31n_b33.et,cash,960,480,3,1,127,63,0,1,{DA891FBDB202D966}Prefabs/Weapons/Attachments/Handguards/Handguard_AK74M/Handguard_Zenitco_B30U_B31N.et;{07BCACE1DE243320}Prefabs/Weapons/Attachments/Muzzle/AK105_muzzle/RHS_AK105_muzzle.et;{03D467E505692C3F}Prefabs/Weapons/Magazines/AK103_magazine/Magazine_762x39_plastic_AK_30rnd_57N231.et
rifle_ak104_b30u_b31n_b33_pt1_dtk2_rk3,{D16BE19A786801B9}Prefabs/Weapons/Rifles/AK74M/Rifle_AK104_b30u_b31n_b33_pt1_dtk2_rk3.et,cash,960,480,3,1,127,63,0,1,{DA891FBDB202D966}Prefabs/Weapons/Attachments/Handguards/Handguard_AK74M/Handguard_Zenitco_B30U_B31N.et;{A35F86E4B492AE13}Prefabs/Weapons/Attachments/Muzzle/Zenit_DTK2_Muzzle/RHS_AK74M_Zenit_DTK2_Muzzle_Base.et;{03D467E505692C3F}Prefabs/Weapons/Magazines/AK103_magazine/Magazine_762x39_plastic_AK_30rnd_57N231.et
rifle_ak104_b30u_b31n_b33_pt1_dtk2_rk3_fde,{A2863BA1F46A9269}Prefabs/Weapons/Rifles/AK74M/Rifle_AK104_b30u_b31n_b33_pt1_dtk2_rk3_FDE.et,cash,960,480,3,1,127,63,0,1,{28B97B86871B2591}Prefabs/Weapons/Attachments/Handguards/Handguard_AK74M/Handguard_Zenitco_B30U_B31N_tan.et;{A35F86E4B492AE13}Prefabs/Weapons/Attachments/Muzzle/Zenit_DTK2_Muzzle/RHS_AK74M_Zenit_DTK2_Muzzle_Base.et;{03D467E505692C3F}Prefabs/Weapons/Magazines/AK103_magazine/Magazine_762x39_plastic_AK_30rnd_57N231.et
rifle_ak104_b30u_b31n_b33_pt1_dtk2_rk3_fde_rk2,{FD9E44DA4C4062AB}Prefabs/Weapons/Rifles/AK74M/Rifle_AK104_b30u_b31n_b33_pt1_dtk2_rk3_FDE_rk2.et,cash,960,480,4,1,187,93,0,1,{28B97B86871B2591}Prefabs/Weapons/Attachments/Handguards/Handguard_AK74M/Handguard_Zenitco_B30U_B31N_tan.et;{189478CDEE2ACD58}Prefabs/Weapons/Attachments/Grips/Grip_Zenit_RK_Vertical/RHS_RK2.et;{A35F86E4B492AE13}Prefabs/Weapons/Attachments/Muzzle/Zenit_DTK2_Muzzle/RHS_AK74M_Zenit_DTK2_Muzzle_Base.et;{03D467E505692C3F}Prefabs/Weapons/Magazines/AK103_magazine/Magazine_762x39_plastic_AK_30rnd_57N231.et
rifle_ak104_b30u_b31n_b33_pt1_dtk2_rk3_rk6,{B8943E27EC3B5A9C}Prefabs/Weapons/Rifles/AK74M/Rifle_AK104_b30u_b31n_b33_pt1_dtk2_rk3_rk6.et,cash,960,480,4,1,187,93,0,1,{DA891FBDB202D966}Prefabs/Weapons/Attachments/Handguards/Handguard_AK74M/Handguard_Zenitco_B30U_B31N.et;{49F469152782CB41}Prefabs/Weapons/Attachments/Grips/Grip_Zenit_RK_Vertical/RHS_RK6.et;{91D5624C80CD29AB}Prefabs/Weapons/Attachments/Muzzle/Zenit_DTK2_Muzzle/RHS_AK74M_Zenit_DTK1_Muzzle_Base.et;{03D467E505692C3F}Prefabs/Weapons/Magazines/AK103_magazine/Magazine_762x39_plastic_AK_30rnd_57N231.et
rifle_ak104_b30u_b31n_pdc_glcore_dtk2_agr47_fde,{14FCB2BB952F4A33}Prefabs/Weapons/Rifles/AK74M/Rifle_AK104_b30u_b31n_PDC_GLCore_dtk2_AGR47_FDE.et,cash,960,480,3,1,127,63,0,1,{28B97B86871B2591}Prefabs/Weapons/Attachments/Handguards/Handguard_AK74M/Handguard_Zenitco_B30U_B31N_tan.et;{A35F86E4B492AE13}Prefabs/Weapons/Attachments/Muzzle/Zenit_DTK2_Muzzle/RHS_AK74M_Zenit_DTK2_Muzzle_Base.et;{03D467E505692C3F}Prefabs/Weapons/Magazines/AK103_magazine/Magazine_762x39_plastic_AK_30rnd_57N231.et
rifle_ak105,{42F8DC54A45367C9}Prefabs/Weapons/Rifles/AK74M/Rifle_AK105.et,cash,960,480,2,0,127,63,0,1,{07BCACE1DE243320}Prefabs/Weapons/Attachments/Muzzle/AK105_muzzle/RHS_AK105_muzzle.et;{DFEBDFD73BFD9501}Prefabs/Weapons/Magazines/6l23_plum/Magazine_545x39_plum_AK_30rnd_Last_5Tracer.et
rifle_ak105_b10m_b19_b33,{FF7313E9DC3A6975}Prefabs/Weapons/Rifles/AK74M/Rifle_AK105_b10m_b19_b33.et,cash,960,480,3,1,127,63,0,1,{86E71F45F9238778}Prefabs/Weapons/Attachments/Handguards/Handguard_AK74M/Handguard_Zenitco_B10M_B19.et;{07BCACE1DE243320}Prefabs/Weapons/Attachments/Muzzle/AK105_muzzle/RHS_AK105_muzzle.et;{FD34D121FA55CB10}Prefabs/Weapons/Magazines/6l23_plastic/Magazine_545x39_plastic_AK_30rnd_Last_5Tracer.et
rifle_ak105_b10m_b19_b33_b9m,{E225CD9A94B2887B}Prefabs/Weapons/Rifles/AK74M/Rifle_AK105_b10m_b19_b33_b9m.et,cash,960,480,4,1,427,213,0,1,{86E71F45F9238778}Prefabs/Weapons/Attachments/Handguards/Handguard_AK74M/Handguard_Zenitco_B10M_B19.et;{5C00FABD6129BE79}Prefabs/Weapons/Attachments/Lights/Light_klesh2_base.et;{07BCACE1DE243320}Prefabs/Weapons/Attachments/Muzzle/AK105_muzzle/RHS_AK105_muzzle.et;{FD34D121FA55CB10}Prefabs/Weapons/Magazines/6l23_plastic/Magazine_545x39_plastic_AK_30rnd_Last_5Tracer.et
rifle_ak105_b10m_b19_b33_b9m_rk3_glcore,{A6DFDA054EE828D5}Prefabs/Weapons/Rifles/AK74M/Rifle_AK105_b10m_b19_b33_b9m_rk3_GlCore.et,cash,960,480,4,1,427,213,0,1,{86E71F45F9238778}Prefabs/Weapons/Attachments/Handguards/Handguard_AK74M/Handguard_Zenitco_B10M_B19.et;{5C00FABD6129BE79}Prefabs/Weapons/Attachments/Lights/Light_klesh2_base.et;{A35F86E4B492AE13}Prefabs/Weapons/Attachments/Muzzle/Zenit_DTK2_Muzzle/RHS_AK74M_Zenit_DTK2_Muzzle_Base.et;{FD34D121FA55CB10}Prefabs/Weapons/Magazines/6l23_plastic/Magazine_545x39_plastic_AK_30rnd_Last_5Tracer.et
rifle_ak105_b10m_b19_b33_b9m_rk3_pt1,{550F9ED7313D6986}Prefabs/Weapons/Rifles/AK74M/Rifle_AK105_b10m_b19_b33_b9m_rk3_pt1.et,cash,960,480,4,1,427,213,0,1,{86E71F45F9238778}Prefabs/Weapons/Attachments/Handguards/Handguard_AK74M/Handguard_Zenitco_B10M_B19.et;{5C00FABD6129BE79}Prefabs/Weapons/Attachments/Lights/Light_klesh2_base.et;{A35F86E4B492AE13}Prefabs/Weapons/Attachments/Muzzle/Zenit_DTK2_Muzzle/RHS_AK74M_Zenit_DTK2_Muzzle_Base.et;{FD34D121FA55CB10}Prefabs/Weapons/Magazines/6l23_plastic/Magazine_545x39_plastic_AK_30rnd_Last_5Tracer.et
rifle_ak105_b10m_b19_b33_b9m_rk3_pt1_fde,{DB32E03F6EC56BD8}Prefabs/Weapons/Rifles/AK74M/Rifle_AK105_b10m_b19_b33_b9m_rk3_pt1_FDE.et,cash,960,480,4,1,427,213,0,1,{56835BB2493A0684}Prefabs/Weapons/Attachments/Handguards/Handguard_AK74M/Handguard_Zenitco_B10M_B19_tan.et;{5C00FABD6129BE79}Prefabs/Weapons/Attachments/Lights/Light_klesh2_base.et;{A35F86E4B492AE13}Prefabs/Weapons/Attachments/Muzzle/Zenit_DTK2_Muzzle/RHS_AK74M_Zenit_DTK2_Muzzle_Base.et;{FD34D121FA55CB10}Prefabs/Weapons/Magazines/6l23_plastic/Magazine_545x39_plastic_AK_30rnd_Last_5Tracer.et
rifle_ak105_b10m_b19_b33_b9m_rk3_pt1_fde_rk2,{B7CB8DF975FED5F9}Prefabs/Weapons/Rifles/AK74M/Rifle_AK105_b10m_b19_b33_b9m_rk3_pt1_FDE_rk2.et,cash,960,480,5,1,487,243,0,1,{56835BB2493A0684}Prefabs/Weapons/Attachments/Handguards/Handguard_AK74M/Handguard_Zenitco_B10M_B19_tan.et;{5C00FABD6129BE79}Prefabs/Weapons/Attachments/Lights/Light_klesh2_base.et;{189478CDEE2ACD58}Prefabs/Weapons/Attachments/Grips/Grip_Zenit_RK_Vertical/RHS_RK2.et;{A35F86E4B492AE13}Prefabs/Weapons/Attachments/Muzzle/Zenit_DTK2_Muzzle/RHS_AK74M_Zenit_DTK2_Muzzle_Base.et;{FD34D121FA55CB10}Prefabs/Weapons/Magazines/6l23_plastic/Magazine_545x39_plastic_AK_30rnd_Last_5Tracer.et
rifle_ak105_b10m_b19_b33_b9m_rk3_pt1_rk6,{9040F461BF3CA534}Prefabs/Weapons/Rifles/AK74M/Rifle_AK105_b10m_b19_b33_b9m_rk3_pt1_rk6.et,cash,960,480,5,1,487,243,0,1,{86E71F45F9238778}Prefabs/Weapons/Attachments/Handguards/Handguard_AK74M/Handguard_Zenitco_B10M_B19.et;{5C00FABD6129BE79}Prefabs/Weapons/Attachments/Lights/Light_klesh2_base.et;{49F469152782CB41}Prefabs/Weapons/Attachments/Grips/Grip_Zenit_RK_Vertical/RHS_RK6.et;{91D5624C80CD29AB}Prefabs/Weapons/Attachments/Muzzle/Zenit_DTK2_Muzzle/RHS_AK74M_Zenit_DTK1_Muzzle_Base.et;{FD34D121FA55CB10}Prefabs/Weapons/Magazines/6l23_plastic/Magazine_545x39_plastic_AK_30rnd_Last_5Tracer.et
rifle_ak105_b10m_b19_b33_rk3_pt1,{29AF02A4DC708B52}Prefabs/Weapons/Rifles/AK74M/Rifle_AK105_b10m_b19_b33_rk3_pt1.et,cash,960,480,3,1,127,63,0,1,{86E71F45F9238778}Prefabs/Weapons/Attachments/Handguards/Handguard_AK74M/Handguard_Zenitco_B10M_B19.et;{A35F86E4B492AE13}Prefabs/Weapons/Attachments/Muzzle/Zenit_DTK2_Muzzle/RHS_AK74M_Zenit_DTK2_Muzzle_Base.et;{FD34D121FA55CB10}Prefabs/Weapons/Magazines/6l23_plastic/Magazine_545x39_plastic_AK_30rnd_Last_5Tracer.et
rifle_ak105_b10m_b19n_b33,{9735297405AD1DBE}Prefabs/Weapons/Rifles/AK74M/Rifle_AK105_b10m_b19n_b33.et,cash,960,480,3,1,127,63,0,1,{8DB150C7732EC843}Prefabs/Weapons/Attachments/Handguards/Handguard_AK74M/Handguard_Zenitco_B10M_B19N.et;{07BCACE1DE243320}Prefabs/Weapons/Attachments/Muzzle/AK105_muzzle/RHS_AK105_muzzle.et;{FD34D121FA55CB10}Prefabs/Weapons/Magazines/6l23_plastic/Magazine_545x39_plastic_AK_30rnd_Last_5Tracer.et
rifle_ak105_b10m_b19n_b33_b9m,{2710FBD441167A49}Prefabs/Weapons/Rifles/AK74M/Rifle_AK105_b10m_b19n_b33_b9m.et,cash,960,480,4,1,427,213,0,1,{8DB150C7732EC843}Prefabs/Weapons/Attachments/Handguards/Handguard_AK74M/Handguard_Zenitco_B10M_B19N.et;{5C00FABD6129BE79}Prefabs/Weapons/Attachments/Lights/Light_klesh2_base.et;{07BCACE1DE243320}Prefabs/Weapons/Attachments/Muzzle/AK105_muzzle/RHS_AK105_muzzle.et;{FD34D121FA55CB10}Prefabs/Weapons/Magazines/6l23_plastic/Magazine_545x39_plastic_AK_30rnd_Last_5Tracer.et
rifle_ak105_b10m_b19n_b33_b9m_pt1_rk3_dtk2,{6E955F09BCEEBEBE}Prefabs/Weapons/Rifles/AK74M/Rifle_AK105_b10m_b19n_b33_b9m_pt1_rk3_dtk2.et,cash,960,480,4,1,427,213,0,1,{8DB150C7732EC843}Prefabs/Weapons/Attachments/Handguards/Handguard_AK74M/Handguard_Zenitco_B10M_B19N.et;{5C00FABD6129BE79}Prefabs/Weapons/Attachments/Lights/Light_klesh2_base.et;{A35F86E4B492AE13}Prefabs/Weapons/Attachments/Muzzle/Zenit_DTK2_Muzzle/RHS_AK74M_Zenit_DTK2_Muzzle_Base.et;{FD34D121FA55CB10}Prefabs/Weapons/Magazines/6l23_plastic/Magazine_545x39_plastic_AK_30rnd_Last_5Tracer.et
rifle_ak105_b10m_b19n_b33_b9m_pt1_rk3_dtk2_fde,{B0BDC7B00E22E0AE}Prefabs/Weapons/Rifles/AK74M/Rifle_AK105_b10m_b19n_b33_b9m_pt1_rk3_dtk2_FDE.et,cash,960,480,4,1,427,213,0,1,{DA1521A8DEDBE8D2}Prefabs/Weapons/Attachments/Handguards/Handguard_AK74M/Handguard_Zenitco_B10M_B19N_tan.et;{5C00FABD6129BE79}Prefabs/Weapons/Attachments/Lights/Light_klesh2_base.et;{A35F86E4B492AE13}Prefabs/Weapons/Attachments/Muzzle/Zenit_DTK2_Muzzle/RHS_AK74M_Zenit_DTK2_Muzzle_Base.et;{FD34D121FA55CB10}Prefabs/Weapons/Magazines/6l23_plastic/Magazine_545x39_plastic_AK_30rnd_Last_5Tracer.et
rifle_ak105_b10m_b19n_b33_b9m_pt1_rk3_dtk2_fde_rk6,{D3AD3057AA413EDC}Prefabs/Weapons/Rifles/AK74M/Rifle_AK105_b10m_b19n_b33_b9m_pt1_rk3_dtk2_FDE_rk6.et,cash,960,480,5,1,487,243,0,1,{DA1521A8DEDBE8D2}Prefabs/Weapons/Attachments/Handguards/Handguard_AK74M/Handguard_Zenitco_B10M_B19N_tan.et;{5C00FABD6129BE79}Prefabs/Weapons/Attachments/Lights/Light_klesh2_base.et;{49F469152782CB41}Prefabs/Weapons/Attachments/Grips/Grip_Zenit_RK_Vertical/RHS_RK6.et;{A35F86E4B492AE13}Prefabs/Weapons/Attachments/Muzzle/Zenit_DTK2_Muzzle/RHS_AK74M_Zenit_DTK2_Muzzle_Base.et;{FD34D121FA55CB10}Prefabs/Weapons/Magazines/6l23_plastic/Magazine_545x39_plastic_AK_30rnd_Last_5Tracer.et
rifle_ak105_b10m_b19n_b33_pt1_rk3_dtk2,{6D7D30CFE35B70EE}Prefabs/Weapons/Rifles/AK74M/Rifle_AK105_b10m_b19n_b33_pt1_rk3_dtk2.et,cash,960,480,3,1,127,63,0,1,{8DB150C7732EC843}Prefabs/Weapons/Attachments/Handguards/Handguard_AK74M/Handguard_Zenitco_B10M_B19N.et;{A35F86E4B492AE13}Prefabs/Weapons/Attachments/Muzzle/Zenit_DTK2_Muzzle/RHS_AK74M_Zenit_DTK2_Muzzle_Base.et;{FD34D121FA55CB10}Prefabs/Weapons/Magazines/6l23_plastic/Magazine_545x39_plastic_AK_30rnd_Last_5Tracer.et
rifle_ak105_b10m_b19n_b33_pt1_rk3_dtk2_rk2,{8698D9C2A95DDEE0}Prefabs/Weapons/Rifles/AK74M/Rifle_AK105_b10m_b19n_b33_pt1_rk3_dtk2_rk2.et,cash,960,480,4,1,187,93,0,1,{8DB150C7732EC843}Prefabs/Weapons/Attachments/Handguards/Handguard_AK74M/Handguard_Zenitco_B10M_B19N.et;{189478CDEE2ACD58}Prefabs/Weapons/Attachments/Grips/Grip_Zenit_RK_Vertical/RHS_RK2.et;{91D5624C80CD29AB}Prefabs/Weapons/Attachments/Muzzle/Zenit_DTK2_Muzzle/RHS_AK74M_Zenit_DTK1_Muzzle_Base.et;{FD34D121FA55CB10}Prefabs/Weapons/Magazines/6l23_plastic/Magazine_545x39_plastic_AK_30rnd_Last_5Tracer.et
rifle_ak105_b30_b31s_b33,{221FCA5644171438}Prefabs/Weapons/Rifles/AK74M/Rifle_AK105_b30_b31s_b33.et,cash,960,480,3,1,127,63,0,1,{9ED8CC9C9EA565E5}Prefabs/Weapons/Attachments/Handguards/Handguard_AK74M/Handguard_Zenitco_B30_B31S.et;{07BCACE1DE243320}Prefabs/Weapons/Attachments/Muzzle/AK105_muzzle/RHS_AK105_muzzle.et;{FD34D121FA55CB10}Prefabs/Weapons/Magazines/6l23_plastic/Magazine_545x39_plastic_AK_30rnd_Last_5Tracer.et
rifle_ak105_b30_b31s_b33_glcore_agr47,{D013BE12836505EA}Prefabs/Weapons/Rifles/AK74M/Rifle_AK105_b30_b31s_b33_GLCore_AGR47.et,cash,960,480,3,1,127,63,0,1,{9ED8CC9C9EA565E5}Prefabs/Weapons/Attachments/Handguards/Handguard_AK74M/Handguard_Zenitco_B30_B31S.et;{07BCACE1DE243320}Prefabs/Weapons/Attachments/Muzzle/AK105_muzzle/RHS_AK105_muzzle.et;{FD34D121FA55CB10}Prefabs/Weapons/Magazines/6l23_plastic/Magazine_545x39_plastic_AK_30rnd_Last_5Tracer.et
rifle_ak105_b30_b31s_b33_pt1_rk3,{492F7449A8153A2E}Prefabs/Weapons/Rifles/AK74M/Rifle_AK105_b30_b31s_b33_pt1_rk3.et,cash,960,480,3,1,127,63,0,1,{9ED8CC9C9EA565E5}Prefabs/Weapons/Attachments/Handguards/Handguard_AK74M/Handguard_Zenitco_B30_B31S.et;{07BCACE1DE243320}Prefabs/Weapons/Attachments/Muzzle/AK105_muzzle/RHS_AK105_muzzle.et;{FD34D121FA55CB10}Prefabs/Weapons/Magazines/6l23_plastic/Magazine_545x39_plastic_AK_30rnd_Last_5Tracer.et
rifle_ak105_b30_b31s_b33_pt1_rk3_fde,{46D71BA65DFCDAE7}Prefabs/Weapons/Rifles/AK74M/Rifle_AK105_b30_b31s_b33_pt1_rk3_FDE.et,cash,960,480,3,1,127,63,0,1,{5A8821B4F63F9319}Prefabs/Weapons/Attachments/Handguards/Handguard_AK74M/Handguard_Zenitco_B30_B31S_FDE.et;{07BCACE1DE243320}Prefabs/Weapons/Attachments/Muzzle/AK105_muzzle/RHS_AK105_muzzle.et;{FD34D121FA55CB10}Prefabs/Weapons/Magazines/6l23_plastic/Magazine_545x39_plastic_AK_30rnd_Last_5Tracer.et
rifle_ak105_b30_b31s_b33_pt1_rk3_fde_rk0,{072407877A53F362}Prefabs/Weapons/Rifles/AK74M/Rifle_AK105_b30_b31s_b33_pt1_rk3_FDE_rk0.et,cash,960,480,4,1,187,93,0,1,{5A8821B4F63F9319}Prefabs/Weapons/Attachments/Handguards/Handguard_AK74M/Handguard_Zenitco_B30_B31S_FDE.et;{74C04C2D52EE4276}Prefabs/Weapons/Attachments/Grips/Grip_Zenit_RK_Vertical/RHS_RK1.et;{07BCACE1DE243320}Prefabs/Weapons/Attachments/Muzzle/AK105_muzzle/RHS_AK105_muzzle.et;{FD34D121FA55CB10}Prefabs/Weapons/Magazines/6l23_plastic/Magazine_545x39_plastic_AK_30rnd_Last_5Tracer.et
rifle_ak105_b30_b31s_b33_pt1_rk3_railcover,{FDF816799D159377}Prefabs/Weapons/Rifles/AK74M/Rifle_AK105_b30_b31s_b33_pt1_rk3_RailCover.et,cash,960,480,8,2,2287,1143,1,1,{B8BE3D139591CA3D}Prefabs/Weapons/Attachments/Optics/exps/Optic_EXPS3-2_tan.et;{5A8821B4F63F9319}Prefabs/Weapons/Attachments/Handguards/Handguard_AK74M/Handguard_Zenitco_B30_B31S_FDE.et;{CB8AB382E3F45336}Prefabs/Weapons/Attachments/Lasers/perst_classic/Laser_perst_classic_base.et;{5C00FABD6129BE79}Prefabs/Weapons/Attachments/Lights/Light_klesh2_base.et;{03F516FBF9B10E89}Prefabs/Weapons/Attachments/Misc/KacRailCover/KacRailCover_AK_Zenit_B30_BLK.et;{49F469152782CB41}Prefabs/Weapons/Attachments/Grips/Grip_Zenit_RK_Vertical/RHS_RK6.et;{91D5624C80CD29AB}Prefabs/Weapons/Attachments/Muzzle/Zenit_DTK2_Muzzle/RHS_AK74M_Zenit_DTK1_Muzzle_Base.et;{FD34D121FA55CB10}Prefabs/Weapons/Magazines/6l23_plastic/Magazine_545x39_plastic_AK_30rnd_Last_5Tracer.et
rifle_ak105_b30_b31s_b33_pt1_rk3_rk1,{30912AC0F9699D3C}Prefabs/Weapons/Rifles/AK74M/Rifle_AK105_b30_b31s_b33_pt1_rk3_rk1.et,cash,960,480,4,1,187,93,0,1,{9ED8CC9C9EA565E5}Prefabs/Weapons/Attachments/Handguards/Handguard_AK74M/Handguard_Zenitco_B30_B31S.et;{74C04C2D52EE4276}Prefabs/Weapons/Attachments/Grips/Grip_Zenit_RK_Vertical/RHS_RK1.et;{91D5624C80CD29AB}Prefabs/Weapons/Attachments/Muzzle/Zenit_DTK2_Muzzle/RHS_AK74M_Zenit_DTK1_Muzzle_Base.et;{FD34D121FA55CB10}Prefabs/Weapons/Magazines/6l23_plastic/Magazine_545x39_plastic_AK_30rnd_Last_5Tracer.et
rifle_ak105_b30u_b31n_b33,{63CA2D84029CBD7C}Prefabs/Weapons/Rifles/AK74M/Rifle_AK105_b30u_b31n_b33.et,cash,960,480,3,1,127,63,0,1,{DA891FBDB202D966}Prefabs/Weapons/Attachments/Handguards/Handguard_AK74M/Handguard_Zenitco_B30U_B31N.et;{07BCACE1DE243320}Prefabs/Weapons/Attachments/Muzzle/AK105_muzzle/RHS_AK105_muzzle.et;{FD34D121FA55CB10}Prefabs/Weapons/Magazines/6l23_plastic/Magazine_545x39_plastic_AK_30rnd_Last_5Tracer.et
rifle_ak105_b30u_b31n_b33_pt1_rk3_dtk2,{63145BC58C35EE14}Prefabs/Weapons/Rifles/AK74M/Rifle_AK105_b30u_b31n_b33_pt1_rk3_dtk2.et,cash,960,480,3,1,127,63,0,1,{DA891FBDB202D966}Prefabs/Weapons/Attachments/Handguards/Handguard_AK74M/Handguard_Zenitco_B30U_B31N.et;{A35F86E4B492AE13}Prefabs/Weapons/Attachments/Muzzle/Zenit_DTK2_Muzzle/RHS_AK74M_Zenit_DTK2_Muzzle_Base.et;{FD34D121FA55CB10}Prefabs/Weapons/Magazines/6l23_plastic/Magazine_545x39_plastic_AK_30rnd_Last_5Tracer.et
rifle_ak105_b30u_b31n_b33_pt1_rk3_dtk2_fde,{FB7A7ACF241568B7}Prefabs/Weapons/Rifles/AK74M/Rifle_AK105_b30u_b31n_b33_pt1_rk3_dtk2_FDE.et,cash,960,480,3,1,127,63,0,1,{28B97B86871B2591}Prefabs/Weapons/Attachments/Handguards/Handguard_AK74M/Handguard_Zenitco_B30U_B31N_tan.et;{A35F86E4B492AE13}Prefabs/Weapons/Attachments/Muzzle/Zenit_DTK2_Muzzle/RHS_AK74M_Zenit_DTK2_Muzzle_Base.et;{FD34D121FA55CB10}Prefabs/Weapons/Magazines/6l23_plastic/Magazine_545x39_plastic_AK_30rnd_Last_5Tracer.et
rifle_ak105_b30u_b31n_b33_pt1_rk3_fde_rk0,{FFD07FE361AF5024}Prefabs/Weapons/Rifles/AK74M/Rifle_AK105_b30u_b31n_b33_pt1_rk3_FDE_rk0.et,cash,960,480,4,1,187,93,0,1,{28B97B86871B2591}Prefabs/Weapons/Attachments/Handguards/Handguard_AK74M/Handguard_Zenitco_B30U_B31N_tan.et;{8B408A3D9367CB43}Prefabs/Weapons/Attachments/Grips/Grip_Zenit_RK_Vertical/RHS_RK0_base.et;{07BCACE1DE243320}Prefabs/Weapons/Attachments/Muzzle/AK105_muzzle/RHS_AK105_muzzle.et;{FD34D121FA55CB10}Prefabs/Weapons/Magazines/6l23_plastic/Magazine_545x39_plastic_AK_30rnd_Last_5Tracer.et
rifle_ak105_b30u_b31n_pdc_glcore_rk3_dtk2,{3FB6389DA4968A3D}Prefabs/Weapons/Rifles/AK74M/Rifle_AK105_b30u_b31n_PDC_GLCore_RK3_dtk2.et,cash,960,480,3,1,127,63,0,1,{DA891FBDB202D966}Prefabs/Weapons/Attachments/Handguards/Handguard_AK74M/Handguard_Zenitco_B30U_B31N.et;{A35F86E4B492AE13}Prefabs/Weapons/Attachments/Muzzle/Zenit_DTK2_Muzzle/RHS_AK74M_Zenit_DTK2_Muzzle_Base.et;{FD34D121FA55CB10}Prefabs/Weapons/Magazines/6l23_plastic/Magazine_545x39_plastic_AK_30rnd_Last_5Tracer.et
rifle_ak200,{A8ECA836DE9378B4}Prefabs/Weapons/Rifles/AK200/Rifle_AK200.et,cash,1100,550,2,0,127,63,0,1,{0147EC1780C80AEF}Prefabs/Weapons/Attachments/Muzzle/AK200_muzzle/RHS_AK200_muzzle.et;{B39F57E7FB003434}Prefabs/Weapons/Magazines/AK12_magazine/Magazine_545x39_AK12_30rnd_Base.et
rifle_ak200_b10m_b19,{40B328E889C88D6C}Prefabs/Weapons/Rifles/AK200/Rifle_AK200_B10M_B19.et,cash,1100,550,3,1,127,63,0,1,{86E71F45F9238778}Prefabs/Weapons/Attachments/Handguards/Handguard_AK74M/Handguard_Zenitco_B10M_B19.et;{0147EC1780C80AEF}Prefabs/Weapons/Attachments/Muzzle/AK200_muzzle/RHS_AK200_muzzle.et;{B39F57E7FB003434}Prefabs/Weapons/Magazines/AK12_magazine/Magazine_545x39_AK12_30rnd_Base.et
rifle_ak200_b10m_b19_b9m,{42611210BBA9BDF6}Prefabs/Weapons/Rifles/AK200/Rifle_AK200_B10M_B19_B9M.et,cash,1100,550,4,1,427,213,0,1,{86E71F45F9238778}Prefabs/Weapons/Attachments/Handguards/Handguard_AK74M/Handguard_Zenitco_B10M_B19.et;{5C00FABD6129BE79}Prefabs/Weapons/Attachments/Lights/Light_klesh2_base.et;{0147EC1780C80AEF}Prefabs/Weapons/Attachments/Muzzle/AK200_muzzle/RHS_AK200_muzzle.et;{B39F57E7FB003434}Prefabs/Weapons/Magazines/AK12_magazine/Magazine_545x39_AK12_30rnd_Base.et
rifle_ak200_b10m_b19_b9m_rk1,{8D3E423720B9731F}Prefabs/Weapons/Rifles/AK200/Rifle_AK200_B10M_B19_B9M_RK1.et,cash,1100,550,5,1,487,243,0,1,{86E71F45F9238778}Prefabs/Weapons/Attachments/Handguards/Handguard_AK74M/Handguard_Zenitco_B10M_B19.et;{5C00FABD6129BE79}Prefabs/Weapons/Attachments/Lights/Light_klesh2_base.et;{74C04C2D52EE4276}Prefabs/Weapons/Attachments/Grips/Grip_Zenit_RK_Vertical/RHS_RK1.et;{0147EC1780C80AEF}Prefabs/Weapons/Attachments/Muzzle/AK200_muzzle/RHS_AK200_muzzle.et;{B39F57E7FB003434}Prefabs/Weapons/Magazines/AK12_magazine/Magazine_545x39_AK12_30rnd_Base.et
rifle_ak200_b10m_b19_rk3_pt1,{C230574EA96C160A}Prefabs/Weapons/Rifles/AK200/Rifle_AK200_B10M_B19_RK3_PT1.et,cash,1100,550,3,1,127,63,0,1,{86E71F45F9238778}Prefabs/Weapons/Attachments/Handguards/Handguard_AK74M/Handguard_Zenitco_B10M_B19.et;{A35F86E4B492AE13}Prefabs/Weapons/Attachments/Muzzle/Zenit_DTK2_Muzzle/RHS_AK74M_Zenit_DTK2_Muzzle_Base.et;{B39F57E7FB003434}Prefabs/Weapons/Magazines/AK12_magazine/Magazine_545x39_AK12_30rnd_Base.et
rifle_ak200_b10m_b19_rk3_pt1_b9m,{5026ABA824E635FB}Prefabs/Weapons/Rifles/AK200/Rifle_AK200_B10M_B19_RK3_PT1_B9M.et,cash,1100,550,4,1,427,213,0,1,{86E71F45F9238778}Prefabs/Weapons/Attachments/Handguards/Handguard_AK74M/Handguard_Zenitco_B10M_B19.et;{5C00FABD6129BE79}Prefabs/Weapons/Attachments/Lights/Light_klesh2_base.et;{A35F86E4B492AE13}Prefabs/Weapons/Attachments/Muzzle/Zenit_DTK2_Muzzle/RHS_AK74M_Zenit_DTK2_Muzzle_Base.et;{B39F57E7FB003434}Prefabs/Weapons/Magazines/AK12_magazine/Magazine_545x39_AK12_30rnd_Base.et
rifle_ak200_b10m_b19_rk3_pt1_b9m_fde,{A0E98668765413B3}Prefabs/Weapons/Rifles/AK200/Rifle_AK200_B10M_B19_RK3_PT1_B9M_FDE.et,cash,1100,550,4,1,427,213,0,1,{56835BB2493A0684}Prefabs/Weapons/Attachments/Handguards/Handguard_AK74M/Handguard_Zenitco_B10M_B19_tan.et;{5C00FABD6129BE79}Prefabs/Weapons/Attachments/Lights/Light_klesh2_base.et;{A35F86E4B492AE13}Prefabs/Weapons/Attachments/Muzzle/Zenit_DTK2_Muzzle/RHS_AK74M_Zenit_DTK2_Muzzle_Base.et;{B39F57E7FB003434}Prefabs/Weapons/Magazines/AK12_magazine/Magazine_545x39_AK12_30rnd_Base.et
rifle_ak200_b10m_b19_rk3_pt1_b9m_fde_rk6,{DE23D688F5CAE730}Prefabs/Weapons/Rifles/AK200/Rifle_AK200_B10M_B19_RK3_PT1_B9M_FDE_RK6.et,cash,1100,550,5,1,487,243,0,1,{56835BB2493A0684}Prefabs/Weapons/Attachments/Handguards/Handguard_AK74M/Handguard_Zenitco_B10M_B19_tan.et;{5C00FABD6129BE79}Prefabs/Weapons/Attachments/Lights/Light_klesh2_base.et;{49F469152782CB41}Prefabs/Weapons/Attachments/Grips/Grip_Zenit_RK_Vertical/RHS_RK6.et;{91D5624C80CD29AB}Prefabs/Weapons/Attachments/Muzzle/Zenit_DTK2_Muzzle/RHS_AK74M_Zenit_DTK1_Muzzle_Base.et;{B39F57E7FB003434}Prefabs/Weapons/Magazines/AK12_magazine/Magazine_545x39_AK12_30rnd_Base.et
rifle_ak200_b10m_b19_rk3_pt1_b9m_rk2,{BAFB83EE6E05DB46}Prefabs/Weapons/Rifles/AK200/Rifle_AK200_B10M_B19_RK3_PT1_B9M_RK2.et,cash,1100,550,5,1,487,243,0,1,{86E71F45F9238778}Prefabs/Weapons/Attachments/Handguards/Handguard_AK74M/Handguard_Zenitco_B10M_B19.et;{5C00FABD6129BE79}Prefabs/Weapons/Attachments/Lights/Light_klesh2_base.et;{189478CDEE2ACD58}Prefabs/Weapons/Attachments/Grips/Grip_Zenit_RK_Vertical/RHS_RK2.et;{A35F86E4B492AE13}Prefabs/Weapons/Attachments/Muzzle/Zenit_DTK2_Muzzle/RHS_AK74M_Zenit_DTK2_Muzzle_Base.et;{B39F57E7FB003434}Prefabs/Weapons/Magazines/AK12_magazine/Magazine_545x39_AK12_30rnd_Base.et
rifle_ak200_b30_b31,{D5DE045E16ADF813}Prefabs/Weapons/Rifles/AK200/Rifle_AK200_B30_B31.et,cash,1100,550,3,1,127,63,0,1,{6FD5293AF114A9D7}Prefabs/Weapons/Attachments/Handguards/Handguard_AK74M/Handguard_Zenitco_B30_B31.et;{0147EC1780C80AEF}Prefabs/Weapons/Attachments/Muzzle/AK200_muzzle/RHS_AK200_muzzle.et;{B39F57E7FB003434}Prefabs/Weapons/Magazines/AK12_magazine/Magazine_545x39_AK12_30rnd_Base.et
rifle_ak200_b30_b31_pt1_rk3,{ECAA7D096999014E}Prefabs/Weapons/Rifles/AK200/Rifle_AK200_B30_B31_PT1_RK3.et,cash,1100,550,3,1,127,63,0,1,{6FD5293AF114A9D7}Prefabs/Weapons/Attachments/Handguards/Handguard_AK74M/Handguard_Zenitco_B30_B31.et;{0147EC1780C80AEF}Prefabs/Weapons/Attachments/Muzzle/AK200_muzzle/RHS_AK200_muzzle.et;{B39F57E7FB003434}Prefabs/Weapons/Magazines/AK12_magazine/Magazine_545x39_AK12_30rnd_Base.et
rifle_ak200_b30_b31s,{DECFCBE6A4B5EF81}Prefabs/Weapons/Rifles/AK200/Rifle_AK200_B30_B31S.et,cash,1100,550,3,1,127,63,0,1,{9ED8CC9C9EA565E5}Prefabs/Weapons/Attachments/Handguards/Handguard_AK74M/Handguard_Zenitco_B30_B31S.et;{0147EC1780C80AEF}Prefabs/Weapons/Attachments/Muzzle/AK200_muzzle/RHS_AK200_muzzle.et;{B39F57E7FB003434}Prefabs/Weapons/Magazines/AK12_magazine/Magazine_545x39_AK12_30rnd_Base.et
rifle_ak200_b30_b31s_pt1_rk3,{DF6F6ECCDBFF9BD6}Prefabs/Weapons/Rifles/AK200/Rifle_AK200_B30_B31S_PT1_RK3.et,cash,1100,550,3,1,127,63,0,1,{9ED8CC9C9EA565E5}Prefabs/Weapons/Attachments/Handguards/Handguard_AK74M/Handguard_Zenitco_B30_B31S.et;{0147EC1780C80AEF}Prefabs/Weapons/Attachments/Muzzle/AK200_muzzle/RHS_AK200_muzzle.et;{B39F57E7FB003434}Prefabs/Weapons/Magazines/AK12_magazine/Magazine_545x39_AK12_30rnd_Base.et
rifle_ak200_b30_b31s_pt1_rk3_fde,{CD47C058E0223586}Prefabs/Weapons/Rifles/AK200/Rifle_AK200_B30_B31S_PT1_RK3_FDE.et,cash,1100,550,3,1,127,63,0,1,{5A8821B4F63F9319}Prefabs/Weapons/Attachments/Handguards/Handguard_AK74M/Handguard_Zenitco_B30_B31S_FDE.et;{0147EC1780C80AEF}Prefabs/Weapons/Attachments/Muzzle/AK200_muzzle/RHS_AK200_muzzle.et;{B39F57E7FB003434}Prefabs/Weapons/Magazines/AK12_magazine/Magazine_545x39_AK12_30rnd_Base.et
rifle_ak200_b30_b31s_railcover,{483961E053510D90}Prefabs/Weapons/Rifles/AK200/Rifle_AK200_B30_B31S_RailCover.et,cash,1100,550,7,2,2227,1113,1,1,{9C42803E49305273}Prefabs/Weapons/Attachments/Optics/exps/Optic_EXPS3-1.et;{CB8AB382E3F45336}Prefabs/Weapons/Attachments/Lasers/perst_classic/Laser_perst_classic_base.et;{9ED8CC9C9EA565E5}Prefabs/Weapons/Attachments/Handguards/Handguard_AK74M/Handguard_Zenitco_B30_B31S.et;{5C00FABD6129BE79}Prefabs/Weapons/Attachments/Lights/Light_klesh2_base.et;{03F516FBF9B10E89}Prefabs/Weapons/Attachments/Misc/KacRailCover/KacRailCover_AK_Zenit_B30_BLK.et;{91D5624C80CD29AB}Prefabs/Weapons/Attachments/Muzzle/Zenit_DTK2_Muzzle/RHS_AK74M_Zenit_DTK1_Muzzle_Base.et;{B39F57E7FB003434}Prefabs/Weapons/Magazines/AK12_magazine/Magazine_545x39_AK12_30rnd_Base.et
rifle_ak200_b30_b31s_rk0,{53C941F06D6E0E7A}Prefabs/Weapons/Rifles/AK200/Rifle_AK200_B30_B31S_RK0.et,cash,1100,550,4,1,187,93,0,1,{9ED8CC9C9EA565E5}Prefabs/Weapons/Attachments/Handguards/Handguard_AK74M/Handguard_Zenitco_B30_B31S.et;{8B408A3D9367CB43}Prefabs/Weapons/Attachments/Grips/Grip_Zenit_RK_Vertical/RHS_RK0_base.et;{0147EC1780C80AEF}Prefabs/Weapons/Attachments/Muzzle/AK200_muzzle/RHS_AK200_muzzle.et;{B39F57E7FB003434}Prefabs/Weapons/Magazines/AK12_magazine/Magazine_545x39_AK12_30rnd_Base.et
rifle_ak200_b30_b31s_rk0_pt1_rk3,{C1940C74F15CD945}Prefabs/Weapons/Rifles/AK200/Rifle_AK200_B30_B31S_RK0_PT1_RK3.et,cash,1100,550,4,1,187,93,0,1,{9ED8CC9C9EA565E5}Prefabs/Weapons/Attachments/Handguards/Handguard_AK74M/Handguard_Zenitco_B30_B31S.et;{8B408A3D9367CB43}Prefabs/Weapons/Attachments/Grips/Grip_Zenit_RK_Vertical/RHS_RK0_base.et;{91D5624C80CD29AB}Prefabs/Weapons/Attachments/Muzzle/Zenit_DTK2_Muzzle/RHS_AK74M_Zenit_DTK1_Muzzle_Base.et;{B39F57E7FB003434}Prefabs/Weapons/Magazines/AK12_magazine/Magazine_545x39_AK12_30rnd_Base.et
rifle_ak200_b30_b31s_rk2,{DA0139E9DD4F163F}Prefabs/Weapons/Rifles/AK200/Rifle_AK200_B30_B31S_RK2.et,cash,1100,550,4,1,187,93,0,1,{9ED8CC9C9EA565E5}Prefabs/Weapons/Attachments/Handguards/Handguard_AK74M/Handguard_Zenitco_B30_B31S.et;{189478CDEE2ACD58}Prefabs/Weapons/Attachments/Grips/Grip_Zenit_RK_Vertical/RHS_RK2.et;{0147EC1780C80AEF}Prefabs/Weapons/Attachments/Muzzle/AK200_muzzle/RHS_AK200_muzzle.et;{B39F57E7FB003434}Prefabs/Weapons/Magazines/AK12_magazine/Magazine_545x39_AK12_30rnd_Base.et
rifle_ak200_b30u_b31n,{178B679248E49C49}Prefabs/Weapons/Rifles/AK200/Rifle_AK200_B30U_B31N.et,cash,1100,550,3,1,127,63,0,1,{DA891FBDB202D966}Prefabs/Weapons/Attachments/Handguards/Handguard_AK74M/Handguard_Zenitco_B30U_B31N.et;{0147EC1780C80AEF}Prefabs/Weapons/Attachments/Muzzle/AK200_muzzle/RHS_AK200_muzzle.et;{B39F57E7FB003434}Prefabs/Weapons/Magazines/AK12_magazine/Magazine_545x39_AK12_30rnd_Base.et
rifle_ak200_b30u_b31n_pt1_rk3,{7116DB6F7F5D95D5}Prefabs/Weapons/Rifles/AK200/Rifle_AK200_B30U_B31N_PT1_RK3.et,cash,1100,550,3,1,127,63,0,1,{DA891FBDB202D966}Prefabs/Weapons/Attachments/Handguards/Handguard_AK74M/Handguard_Zenitco_B30U_B31N.et;{0147EC1780C80AEF}Prefabs/Weapons/Attachments/Muzzle/AK200_muzzle/RHS_AK200_muzzle.et;{B39F57E7FB003434}Prefabs/Weapons/Magazines/AK12_magazine/Magazine_545x39_AK12_30rnd_Base.et
rifle_ak200_b30u_b31n_pt1_rk3_fde,{0FD835CAB8E29FC9}Prefabs/Weapons/Rifles/AK200/Rifle_AK200_B30U_B31N_PT1_RK3_FDE.et,cash,1100,550,3,1,127,63,0,1,{28B97B86871B2591}Prefabs/Weapons/Attachments/Handguards/Handguard_AK74M/Handguard_Zenitco_B30U_B31N_tan.et;{0147EC1780C80AEF}Prefabs/Weapons/Attachments/Muzzle/AK200_muzzle/RHS_AK200_muzzle.et;{B39F57E7FB003434}Prefabs/Weapons/Magazines/AK12_magazine/Magazine_545x39_AK12_30rnd_Base.et
rifle_ak200_b9m,{29727DA3D5DC5C70}Prefabs/Weapons/Rifles/AK200/Rifle_AK200_B9M.et,cash,1100,550,3,0,427,213,0,1,{5C00FABD6129BE79}Prefabs/Weapons/Attachments/Lights/Light_klesh2_base.et;{0147EC1780C80AEF}Prefabs/Weapons/Attachments/Muzzle/AK200_muzzle/RHS_AK200_muzzle.et;{B39F57E7FB003434}Prefabs/Weapons/Magazines/AK12_magazine/Magazine_545x39_AK12_30rnd_Base.et
rifle_ak205,{E000BED2BF9509AA}Prefabs/Weapons/Rifles/AK200/Rifle_AK205.et,cash,1100,550,2,0,127,63,0,1,{0147EC1780C80AEF}Prefabs/Weapons/Attachments/Muzzle/AK200_muzzle/RHS_AK200_muzzle.et;{B39F57E7FB003434}Prefabs/Weapons/Magazines/AK12_magazine/Magazine_545x39_AK12_30rnd_Base.et
rifle_ak205_b10m_b19,{0712CFD58D0D1815}Prefabs/Weapons/Rifles/AK200/Rifle_AK205_B10M_B19.et,cash,1100,550,3,1,127,63,0,1,{86E71F45F9238778}Prefabs/Weapons/Attachments/Handguards/Handguard_AK74M/Handguard_Zenitco_B10M_B19.et;{0147EC1780C80AEF}Prefabs/Weapons/Attachments/Muzzle/AK200_muzzle/RHS_AK200_muzzle.et;{B39F57E7FB003434}Prefabs/Weapons/Magazines/AK12_magazine/Magazine_545x39_AK12_30rnd_Base.et
rifle_ak205_b10m_b19_b9m,{74CC29C389492F53}Prefabs/Weapons/Rifles/AK200/Rifle_AK205_B10M_B19_B9M.et,cash,1100,550,4,1,427,213,0,1,{86E71F45F9238778}Prefabs/Weapons/Attachments/Handguards/Handguard_AK74M/Handguard_Zenitco_B10M_B19.et;{5C00FABD6129BE79}Prefabs/Weapons/Attachments/Lights/Light_klesh2_base.et;{0147EC1780C80AEF}Prefabs/Weapons/Attachments/Muzzle/AK200_muzzle/RHS_AK200_muzzle.et;{B39F57E7FB003434}Prefabs/Weapons/Magazines/AK12_magazine/Magazine_545x39_AK12_30rnd_Base.et
rifle_ak205_b10m_b19_rk3_pt1,{10281D0E43CCD043}Prefabs/Weapons/Rifles/AK200/Rifle_AK205_B10M_B19_RK3_PT1.et,cash,1100,550,3,1,127,63,0,1,{86E71F45F9238778}Prefabs/Weapons/Attachments/Handguards/Handguard_AK74M/Handguard_Zenitco_B10M_B19.et;{A35F86E4B492AE13}Prefabs/Weapons/Attachments/Muzzle/Zenit_DTK2_Muzzle/RHS_AK74M_Zenit_DTK2_Muzzle_Base.et;{B39F57E7FB003434}Prefabs/Weapons/Magazines/AK12_magazine/Magazine_545x39_AK12_30rnd_Base.et
rifle_ak205_b10m_b19_rk3_pt1_b9m,{19A21C6126891EEF}Prefabs/Weapons/Rifles/AK200/Rifle_AK205_B10M_B19_RK3_PT1_B9M.et,cash,1100,550,4,1,427,213,0,1,{86E71F45F9238778}Prefabs/Weapons/Attachments/Handguards/Handguard_AK74M/Handguard_Zenitco_B10M_B19.et;{5C00FABD6129BE79}Prefabs/Weapons/Attachments/Lights/Light_klesh2_base.et;{A35F86E4B492AE13}Prefabs/Weapons/Attachments/Muzzle/Zenit_DTK2_Muzzle/RHS_AK74M_Zenit_DTK2_Muzzle_Base.et;{B39F57E7FB003434}Prefabs/Weapons/Magazines/AK12_magazine/Magazine_545x39_AK12_30rnd_Base.et
rifle_ak205_b10m_b19_rk3_pt1_b9m_fde,{0877FF9277051132}Prefabs/Weapons/Rifles/AK200/Rifle_AK205_B10M_B19_RK3_PT1_B9M_FDE.et,cash,1100,550,4,1,427,213,0,1,{56835BB2493A0684}Prefabs/Weapons/Attachments/Handguards/Handguard_AK74M/Handguard_Zenitco_B10M_B19_tan.et;{5C00FABD6129BE79}Prefabs/Weapons/Attachments/Lights/Light_klesh2_base.et;{A35F86E4B492AE13}Prefabs/Weapons/Attachments/Muzzle/Zenit_DTK2_Muzzle/RHS_AK74M_Zenit_DTK2_Muzzle_Base.et;{B39F57E7FB003434}Prefabs/Weapons/Magazines/AK12_magazine/Magazine_545x39_AK12_30rnd_Base.et
rifle_ak205_b10m_b19_rk3_pt1_rk1,{30FADAC764864745}Prefabs/Weapons/Rifles/AK200/Rifle_AK205_B10M_B19_RK3_PT1_RK1.et,cash,1100,550,4,1,187,93,0,1,{86E71F45F9238778}Prefabs/Weapons/Attachments/Handguards/Handguard_AK74M/Handguard_Zenitco_B10M_B19.et;{74C04C2D52EE4276}Prefabs/Weapons/Attachments/Grips/Grip_Zenit_RK_Vertical/RHS_RK1.et;{A35F86E4B492AE13}Prefabs/Weapons/Attachments/Muzzle/Zenit_DTK2_Muzzle/RHS_AK74M_Zenit_DTK2_Muzzle_Base.et;{B39F57E7FB003434}Prefabs/Weapons/Magazines/AK12_magazine/Magazine_545x39_AK12_30rnd_Base.et
rifle_ak205_b30_b31s,{1F2D1C0CEA8BFA88}Prefabs/Weapons/Rifles/AK200/Rifle_AK205_B30_B31S.et,cash,1100,550,3,1,127,63,0,1,{9ED8CC9C9EA565E5}Prefabs/Weapons/Attachments/Handguards/Handguard_AK74M/Handguard_Zenitco_B30_B31S.et;{0147EC1780C80AEF}Prefabs/Weapons/Attachments/Muzzle/AK200_muzzle/RHS_AK200_muzzle.et;{B39F57E7FB003434}Prefabs/Weapons/Magazines/AK12_magazine/Magazine_545x39_AK12_30rnd_Base.et
rifle_ak205_b30_b31s_pt1_rk3,{0D77248C315F5D9F}Prefabs/Weapons/Rifles/AK200/Rifle_AK205_B30_B31S_PT1_RK3.et,cash,1100,550,3,1,127,63,0,1,{9ED8CC9C9EA565E5}Prefabs/Weapons/Attachments/Handguards/Handguard_AK74M/Handguard_Zenitco_B30_B31S.et;{0147EC1780C80AEF}Prefabs/Weapons/Attachments/Muzzle/AK200_muzzle/RHS_AK200_muzzle.et;{B39F57E7FB003434}Prefabs/Weapons/Magazines/AK12_magazine/Magazine_545x39_AK12_30rnd_Base.et
rifle_ak205_b30_b31s_pt1_rk3_fde,{84C37791E24D1E92}Prefabs/Weapons/Rifles/AK200/Rifle_AK205_B30_B31S_PT1_RK3_FDE.et,cash,1100,550,3,1,127,63,0,1,{5A8821B4F63F9319}Prefabs/Weapons/Attachments/Handguards/Handguard_AK74M/Handguard_Zenitco_B30_B31S_FDE.et;{0147EC1780C80AEF}Prefabs/Weapons/Attachments/Muzzle/AK200_muzzle/RHS_AK200_muzzle.et;{B39F57E7FB003434}Prefabs/Weapons/Magazines/AK12_magazine/Magazine_545x39_AK12_30rnd_Base.et
rifle_ak205_b30_b31s_pt1_rk3_fde_rk6,{40615C45E049441E}Prefabs/Weapons/Rifles/AK200/Rifle_AK205_B30_B31S_PT1_RK3_FDE_RK6.et,cash,1100,550,4,1,187,93,0,1,{5A8821B4F63F9319}Prefabs/Weapons/Attachments/Handguards/Handguard_AK74M/Handguard_Zenitco_B30_B31S_FDE.et;{49F469152782CB41}Prefabs/Weapons/Attachments/Grips/Grip_Zenit_RK_Vertical/RHS_RK6.et;{91D5624C80CD29AB}Prefabs/Weapons/Attachments/Muzzle/Zenit_DTK2_Muzzle/RHS_AK74M_Zenit_DTK1_Muzzle_Base.et;{B39F57E7FB003434}Prefabs/Weapons/Magazines/AK12_magazine/Magazine_545x39_AK12_30rnd_Base.et
rifle_ak205_b30_b31s_pt1_rk3_rk0,{17190A0E4A3DCE22}Prefabs/Weapons/Rifles/AK200/Rifle_AK205_B30_B31S_PT1_RK3_RK0.et,cash,1100,550,4,1,187,93,0,1,{9ED8CC9C9EA565E5}Prefabs/Weapons/Attachments/Handguards/Handguard_AK74M/Handguard_Zenitco_B30_B31S.et;{8B408A3D9367CB43}Prefabs/Weapons/Attachments/Grips/Grip_Zenit_RK_Vertical/RHS_RK0_base.et;{91D5624C80CD29AB}Prefabs/Weapons/Attachments/Muzzle/Zenit_DTK2_Muzzle/RHS_AK74M_Zenit_DTK1_Muzzle_Base.et;{B39F57E7FB003434}Prefabs/Weapons/Magazines/AK12_magazine/Magazine_545x39_AK12_30rnd_Base.et
rifle_ak205_b9m,{BCFB5B759CD03E4B}Prefabs/Weapons/Rifles/AK200/Rifle_AK205_B9M.et,cash,1100,550,3,0,427,213,0,1,{5C00FABD6129BE79}Prefabs/Weapons/Attachments/Lights/Light_klesh2_base.et;{0147EC1780C80AEF}Prefabs/Weapons/Attachments/Muzzle/AK200_muzzle/RHS_AK200_muzzle.et;{B39F57E7FB003434}Prefabs/Weapons/Magazines/AK12_magazine/Magazine_545x39_AK12_30rnd_Base.et
rifle_ak205_b9m_rk1,{140F9FC29A8168A6}Prefabs/Weapons/Rifles/AK200/Rifle_AK205_B9M_RK1.et,cash,1100,550,4,0,487,243,0,1,{5C00FABD6129BE79}Prefabs/Weapons/Attachments/Lights/Light_klesh2_base.et;{74C04C2D52EE4276}Prefabs/Weapons/Attachments/Grips/Grip_Zenit_RK_Vertical/RHS_RK1.et;{0147EC1780C80AEF}Prefabs/Weapons/Attachments/Muzzle/AK200_muzzle/RHS_AK200_muzzle.et;{B39F57E7FB003434}Prefabs/Weapons/Magazines/AK12_magazine/Magazine_545x39_AK12_30rnd_Base.et
rifle_ak74,{FA5C25BF66A53DCF}Prefabs/Weapons/Rifles/AK74/Rifle_AK74.et,cash,600,300,2,0,127,63,0,1,{4A815EB8B824974A}Prefabs/Weapons/Attachments/Muzzle/FlashHider_AK74/FlashHider_AK74.et;{0A84AA5A3884176F}Prefabs/Weapons/Magazines/Magazine_545x39_AK_30rnd_Last_5Tracer.et
rifle_ak74_gp25,{63E8322E2ADD4AA7}Prefabs/Weapons/Rifles/AK74/Rifle_AK74_GP25.et,cash,600,300,5,0,690,344,1,1,{1ABABE3551512B0A}Prefabs/Weapons/Attachments/Underbarrel/UGL_GP25.et;{262F0D09C4130826}Prefabs/Weapons/Ammo/Ammo_Grenade_HE_VOG25.et;{D901305DD97960AD}Prefabs/Weapons/Attachments/Misc/AkGpButtPad/akGPbutt.et;{4A815EB8B824974A}Prefabs/Weapons/Attachments/Muzzle/FlashHider_AK74/FlashHider_AK74.et;{0A84AA5A3884176F}Prefabs/Weapons/Magazines/Magazine_545x39_AK_30rnd_Last_5Tracer.et
rifle_ak74_rhsmag,{6408F2C84AE5DBD0}Prefabs/Weapons/Rifles/AK74/Rifle_AK74_RHSMag.et,cash,600,300,2,0,127,63,0,1,{4A815EB8B824974A}Prefabs/Weapons/Attachments/Muzzle/FlashHider_AK74/FlashHider_AK74.et;{DFEBDFD73BFD9501}Prefabs/Weapons/Magazines/6l23_plum/Magazine_545x39_plum_AK_30rnd_Last_5Tracer.et
rifle_ak74m,{FA8BE6075AFFBCA8}Prefabs/Weapons/Rifles/AK74M/Rifle_AK74M.et,cash,800,400,2,0,127,63,0,1,{07AF951403CBAB0A}Prefabs/Weapons/Attachments/Muzzle/AK103_muzzle/RHS_AK103_muzzle.et;{FD34D121FA55CB10}Prefabs/Weapons/Magazines/6l23_plastic/Magazine_545x39_plastic_AK_30rnd_Last_5Tracer.et
rifle_ak74m_b10m,{C2CDF83301AC8CA0}Prefabs/Weapons/Rifles/AK74M/Rifle_AK74M_b10m.et,cash,960,480,3,1,127,63,0,1,{3E0FAB60FAD1D43D}Prefabs/Weapons/Attachments/Handguards/Handguard_AK74M/Handguard_Zenitco_B10M.et;{07AF951403CBAB0A}Prefabs/Weapons/Attachments/Muzzle/AK103_muzzle/RHS_AK103_muzzle.et;{FD34D121FA55CB10}Prefabs/Weapons/Magazines/6l23_plastic/Magazine_545x39_plastic_AK_30rnd_Last_5Tracer.et
rifle_ak74m_b10m_b19,{2B18494875AF9C42}Prefabs/Weapons/Rifles/AK74M/Rifle_AK74M_b10m_b19.et,cash,960,480,3,1,127,63,0,1,{86E71F45F9238778}Prefabs/Weapons/Attachments/Handguards/Handguard_AK74M/Handguard_Zenitco_B10M_B19.et;{07AF951403CBAB0A}Prefabs/Weapons/Attachments/Muzzle/AK103_muzzle/RHS_AK103_muzzle.et;{FD34D121FA55CB10}Prefabs/Weapons/Magazines/6l23_plastic/Magazine_545x39_plastic_AK_30rnd_Last_5Tracer.et
rifle_ak74m_b10m_b19_b33,{08FAEE073BE261B4}Prefabs/Weapons/Rifles/AK74M/Rifle_AK74M_b10m_b19_b33.et,cash,960,480,3,1,127,63,0,1,{86E71F45F9238778}Prefabs/Weapons/Attachments/Handguards/Handguard_AK74M/Handguard_Zenitco_B10M_B19.et;{07AF951403CBAB0A}Prefabs/Weapons/Attachments/Muzzle/AK103_muzzle/RHS_AK103_muzzle.et;{FD34D121FA55CB10}Prefabs/Weapons/Magazines/6l23_plastic/Magazine_545x39_plastic_AK_30rnd_Last_5Tracer.et
rifle_ak74m_b10m_b19_b33_b9m,{63AD273BFE354AE1}Prefabs/Weapons/Rifles/AK74M/Rifle_AK74M_b10m_b19_b33_b9m.et,cash,960,480,4,1,427,213,0,1,{86E71F45F9238778}Prefabs/Weapons/Attachments/Handguards/Handguard_AK74M/Handguard_Zenitco_B10M_B19.et;{5C00FABD6129BE79}Prefabs/Weapons/Attachments/Lights/Light_klesh2_base.et;{07AF951403CBAB0A}Prefabs/Weapons/Attachments/Muzzle/AK103_muzzle/RHS_AK103_muzzle.et;{FD34D121FA55CB10}Prefabs/Weapons/Magazines/6l23_plastic/Magazine_545x39_plastic_AK_30rnd_Last_5Tracer.et
rifle_ak74m_b10m_b19_b33_b9m_glcore_agr47_rk0,{157DCDCB7022FF1A}Prefabs/Weapons/Rifles/AK74M/Rifle_AK74M_b10m_b19_b33_b9m_GLCore_AGR47_rk0.et,cash,960,480,5,1,487,243,0,1,{86E71F45F9238778}Prefabs/Weapons/Attachments/Handguards/Handguard_AK74M/Handguard_Zenitco_B10M_B19.et;{5C00FABD6129BE79}Prefabs/Weapons/Attachments/Lights/Light_klesh2_base.et;{8B408A3D9367CB43}Prefabs/Weapons/Attachments/Grips/Grip_Zenit_RK_Vertical/RHS_RK0_base.et;{91D5624C80CD29AB}Prefabs/Weapons/Attachments/Muzzle/Zenit_DTK2_Muzzle/RHS_AK74M_Zenit_DTK1_Muzzle_Base.et;{FD34D121FA55CB10}Prefabs/Weapons/Magazines/6l23_plastic/Magazine_545x39_plastic_AK_30rnd_Last_5Tracer.et
rifle_ak74m_b10m_b19_b33_b9m_pt1_rk3,{FCD4D37E9A4BFC5A}Prefabs/Weapons/Rifles/AK74M/Rifle_AK74M_b10m_b19_b33_b9m_pt1_rk3.et,cash,960,480,4,1,427,213,0,1,{86E71F45F9238778}Prefabs/Weapons/Attachments/Handguards/Handguard_AK74M/Handguard_Zenitco_B10M_B19.et;{5C00FABD6129BE79}Prefabs/Weapons/Attachments/Lights/Light_klesh2_base.et;{07AF951403CBAB0A}Prefabs/Weapons/Attachments/Muzzle/AK103_muzzle/RHS_AK103_muzzle.et;{FD34D121FA55CB10}Prefabs/Weapons/Magazines/6l23_plastic/Magazine_545x39_plastic_AK_30rnd_Last_5Tracer.et
rifle_ak74m_b10m_b19_b33_b9m_pt1_rk3_fde,{6DE0C9821811ED45}Prefabs/Weapons/Rifles/AK74M/Rifle_AK74M_b10m_b19_b33_b9m_pt1_rk3_FDE.et,cash,960,480,4,1,427,213,0,1,{56835BB2493A0684}Prefabs/Weapons/Attachments/Handguards/Handguard_AK74M/Handguard_Zenitco_B10M_B19_tan.et;{5C00FABD6129BE79}Prefabs/Weapons/Attachments/Lights/Light_klesh2_base.et;{07AF951403CBAB0A}Prefabs/Weapons/Attachments/Muzzle/AK103_muzzle/RHS_AK103_muzzle.et;{DFEBDFD73BFD9501}Prefabs/Weapons/Magazines/6l23_plum/Magazine_545x39_plum_AK_30rnd_Last_5Tracer.et
rifle_ak74m_b10m_b19_b33_b9m_pt1_rk3_fde_rk1,{95E5CA0F720C12F0}Prefabs/Weapons/Rifles/AK74M/Rifle_AK74M_b10m_b19_b33_b9m_pt1_rk3_FDE_rk1.et,cash,960,480,5,1,487,243,0,1,{56835BB2493A0684}Prefabs/Weapons/Attachments/Handguards/Handguard_AK74M/Handguard_Zenitco_B10M_B19_tan.et;{5C00FABD6129BE79}Prefabs/Weapons/Attachments/Lights/Light_klesh2_base.et;{74C04C2D52EE4276}Prefabs/Weapons/Attachments/Grips/Grip_Zenit_RK_Vertical/RHS_RK1.et;{07AF951403CBAB0A}Prefabs/Weapons/Attachments/Muzzle/AK103_muzzle/RHS_AK103_muzzle.et;{DFEBDFD73BFD9501}Prefabs/Weapons/Magazines/6l23_plum/Magazine_545x39_plum_AK_30rnd_Last_5Tracer.et
rifle_ak74m_b10m_b19_b33_b9m_pt1_rk3_rk0,{FE3AB41DB0613DF5}Prefabs/Weapons/Rifles/AK74M/Rifle_AK74M_b10m_b19_b33_b9m_pt1_rk3_rk0.et,cash,960,480,5,1,487,243,0,1,{86E71F45F9238778}Prefabs/Weapons/Attachments/Handguards/Handguard_AK74M/Handguard_Zenitco_B10M_B19.et;{5C00FABD6129BE79}Prefabs/Weapons/Attachments/Lights/Light_klesh2_base.et;{8B408A3D9367CB43}Prefabs/Weapons/Attachments/Grips/Grip_Zenit_RK_Vertical/RHS_RK0_base.et;{91D5624C80CD29AB}Prefabs/Weapons/Attachments/Muzzle/Zenit_DTK2_Muzzle/RHS_AK74M_Zenit_DTK1_Muzzle_Base.et;{FD34D121FA55CB10}Prefabs/Weapons/Magazines/6l23_plastic/Magazine_545x39_plastic_AK_30rnd_Last_5Tracer.et
rifle_ak74m_b10m_b19_b33_pt1_rk3,{CF8B2943BFE54684}Prefabs/Weapons/Rifles/AK74M/Rifle_AK74M_b10m_b19_b33_pt1_rk3.et,cash,960,480,3,1,127,63,0,1,{86E71F45F9238778}Prefabs/Weapons/Attachments/Handguards/Handguard_AK74M/Handguard_Zenitco_B10M_B19.et;{07AF951403CBAB0A}Prefabs/Weapons/Attachments/Muzzle/AK103_muzzle/RHS_AK103_muzzle.et;{FD34D121FA55CB10}Prefabs/Weapons/Magazines/6l23_plastic/Magazine_545x39_plastic_AK_30rnd_Last_5Tracer.et
rifle_ak74m_b10m_b19_b33_rk1,{4AF5E19DBC3A134B}Prefabs/Weapons/Rifles/AK74M/Rifle_AK74M_b10m_b19_b33_rk1.et,cash,960,480,4,1,187,93,0,1,{86E71F45F9238778}Prefabs/Weapons/Attachments/Handguards/Handguard_AK74M/Handguard_Zenitco_B10M_B19.et;{74C04C2D52EE4276}Prefabs/Weapons/Attachments/Grips/Grip_Zenit_RK_Vertical/RHS_RK1.et;{07AF951403CBAB0A}Prefabs/Weapons/Attachments/Muzzle/AK103_muzzle/RHS_AK103_muzzle.et;{FD34D121FA55CB10}Prefabs/Weapons/Magazines/6l23_plastic/Magazine_545x39_plastic_AK_30rnd_Last_5Tracer.et
rifle_ak74m_b10m_b19_pdc_b9m,{3EB6153500859320}Prefabs/Weapons/Rifles/AK74M/Rifle_AK74M_b10m_b19_PDC_b9m.et,cash,960,480,4,1,427,213,0,1,{86E71F45F9238778}Prefabs/Weapons/Attachments/Handguards/Handguard_AK74M/Handguard_Zenitco_B10M_B19.et;{5C00FABD6129BE79}Prefabs/Weapons/Attachments/Lights/Light_klesh2_base.et;{07AF951403CBAB0A}Prefabs/Weapons/Attachments/Muzzle/AK103_muzzle/RHS_AK103_muzzle.et;{FD34D121FA55CB10}Prefabs/Weapons/Magazines/6l23_plastic/Magazine_545x39_plastic_AK_30rnd_Last_5Tracer.et
rifle_ak74m_b10m_b19n,{D1C2025018E98EA2}Prefabs/Weapons/Rifles/AK74M/Rifle_AK74M_b10m_b19n.et,cash,960,480,3,1,127,63,0,1,{8DB150C7732EC843}Prefabs/Weapons/Attachments/Handguards/Handguard_AK74M/Handguard_Zenitco_B10M_B19N.et;{07AF951403CBAB0A}Prefabs/Weapons/Attachments/Muzzle/AK103_muzzle/RHS_AK103_muzzle.et;{FD34D121FA55CB10}Prefabs/Weapons/Magazines/6l23_plastic/Magazine_545x39_plastic_AK_30rnd_Last_5Tracer.et
rifle_ak74m_b10m_b19n_b33,{1652ED3F0FA5B007}Prefabs/Weapons/Rifles/AK74M/Rifle_AK74M_b10m_b19n_b33.et,cash,960,480,3,1,127,63,0,1,{8DB150C7732EC843}Prefabs/Weapons/Attachments/Handguards/Handguard_AK74M/Handguard_Zenitco_B10M_B19N.et;{07AF951403CBAB0A}Prefabs/Weapons/Attachments/Muzzle/AK103_muzzle/RHS_AK103_muzzle.et;{FD34D121FA55CB10}Prefabs/Weapons/Magazines/6l23_plastic/Magazine_545x39_plastic_AK_30rnd_Last_5Tracer.et
rifle_ak74m_b10m_b19n_b33_b9m,{72157593113CB640}Prefabs/Weapons/Rifles/AK74M/Rifle_AK74M_b10m_b19n_b33_b9m.et,cash,960,480,4,1,427,213,0,1,{8DB150C7732EC843}Prefabs/Weapons/Attachments/Handguards/Handguard_AK74M/Handguard_Zenitco_B10M_B19N.et;{5C00FABD6129BE79}Prefabs/Weapons/Attachments/Lights/Light_klesh2_base.et;{07AF951403CBAB0A}Prefabs/Weapons/Attachments/Muzzle/AK103_muzzle/RHS_AK103_muzzle.et;{FD34D121FA55CB10}Prefabs/Weapons/Magazines/6l23_plastic/Magazine_545x39_plastic_AK_30rnd_Last_5Tracer.et
rifle_ak74m_b10m_b19n_b33_b9m_pt1_rk3,{72CB2E60F28C035F}Prefabs/Weapons/Rifles/AK74M/Rifle_AK74M_b10m_b19n_b33_b9m_pt1_rk3.et,cash,960,480,4,1,427,213,0,1,{8DB150C7732EC843}Prefabs/Weapons/Attachments/Handguards/Handguard_AK74M/Handguard_Zenitco_B10M_B19N.et;{5C00FABD6129BE79}Prefabs/Weapons/Attachments/Lights/Light_klesh2_base.et;{07AF951403CBAB0A}Prefabs/Weapons/Attachments/Muzzle/AK103_muzzle/RHS_AK103_muzzle.et;{FD34D121FA55CB10}Prefabs/Weapons/Magazines/6l23_plastic/Magazine_545x39_plastic_AK_30rnd_Last_5Tracer.et
rifle_ak74m_b10m_b19n_b33_b9m_pt1_rk3_fde,{161E792E5579C4A8}Prefabs/Weapons/Rifles/AK74M/Rifle_AK74M_b10m_b19n_b33_b9m_pt1_rk3_FDE.et,cash,960,480,4,1,427,213,0,1,{DA1521A8DEDBE8D2}Prefabs/Weapons/Attachments/Handguards/Handguard_AK74M/Handguard_Zenitco_B10M_B19N_tan.et;{5C00FABD6129BE79}Prefabs/Weapons/Attachments/Lights/Light_klesh2_base.et;{07AF951403CBAB0A}Prefabs/Weapons/Attachments/Muzzle/AK103_muzzle/RHS_AK103_muzzle.et;{DFEBDFD73BFD9501}Prefabs/Weapons/Magazines/6l23_plum/Magazine_545x39_plum_AK_30rnd_Last_5Tracer.et
rifle_ak74m_b10m_b19n_b33_b9m_pt1_rk3_fde_rk6,{A4C5303202E4781F}Prefabs/Weapons/Rifles/AK74M/Rifle_AK74M_b10m_b19n_b33_b9m_pt1_rk3_FDE_rk6.et,cash,960,480,5,1,487,243,0,1,{DA1521A8DEDBE8D2}Prefabs/Weapons/Attachments/Handguards/Handguard_AK74M/Handguard_Zenitco_B10M_B19N_tan.et;{5C00FABD6129BE79}Prefabs/Weapons/Attachments/Lights/Light_klesh2_base.et;{49F469152782CB41}Prefabs/Weapons/Attachments/Grips/Grip_Zenit_RK_Vertical/RHS_RK6.et;{07AF951403CBAB0A}Prefabs/Weapons/Attachments/Muzzle/AK103_muzzle/RHS_AK103_muzzle.et;{DFEBDFD73BFD9501}Prefabs/Weapons/Magazines/6l23_plum/Magazine_545x39_plum_AK_30rnd_Last_5Tracer.et
rifle_ak74m_b10m_b19n_b33_b9m_pt1_rk3_rk2,{0C0C7CA84D280C5D}Prefabs/Weapons/Rifles/AK74M/Rifle_AK74M_b10m_b19n_b33_b9m_pt1_rk3_rk2.et,cash,960,480,5,1,487,243,0,1,{8DB150C7732EC843}Prefabs/Weapons/Attachments/Handguards/Handguard_AK74M/Handguard_Zenitco_B10M_B19N.et;{5C00FABD6129BE79}Prefabs/Weapons/Attachments/Lights/Light_klesh2_base.et;{189478CDEE2ACD58}Prefabs/Weapons/Attachments/Grips/Grip_Zenit_RK_Vertical/RHS_RK2.et;{07AF951403CBAB0A}Prefabs/Weapons/Attachments/Muzzle/AK103_muzzle/RHS_AK103_muzzle.et;{FD34D121FA55CB10}Prefabs/Weapons/Magazines/6l23_plastic/Magazine_545x39_plastic_AK_30rnd_Last_5Tracer.et
rifle_ak74m_b10m_b19n_b33_b9m_rk3_camo,{821907C48DD5D8A7}Prefabs/Weapons/Rifles/AK74M/Rifle_AK74M_b10m_b19n_b33_b9m_rk3_camo.et,cash,960,480,4,1,427,213,0,1,{8DB150C7732EC843}Prefabs/Weapons/Attachments/Handguards/Handguard_AK74M/Handguard_Zenitco_B10M_B19N.et;{5C00FABD6129BE79}Prefabs/Weapons/Attachments/Lights/Light_klesh2_base.et;{07AF951403CBAB0A}Prefabs/Weapons/Attachments/Muzzle/AK103_muzzle/RHS_AK103_muzzle.et;{59015F7C36DE86C2}Prefabs/Weapons/Magazines/6l23_plastic/Magazine_545x39_plastic_AK_30rnd_Tracer_camo.et
rifle_ak74m_b10m_b19n_b33_b9m_rk3_camo_rk0,{6ED6D00648E8C271}Prefabs/Weapons/Rifles/AK74M/Rifle_AK74M_b10m_b19n_b33_b9m_rk3_camo_rk0.et,cash,960,480,5,1,487,243,0,1,{8DB150C7732EC843}Prefabs/Weapons/Attachments/Handguards/Handguard_AK74M/Handguard_Zenitco_B10M_B19N.et;{5C00FABD6129BE79}Prefabs/Weapons/Attachments/Lights/Light_klesh2_base.et;{8B408A3D9367CB43}Prefabs/Weapons/Attachments/Grips/Grip_Zenit_RK_Vertical/RHS_RK0_base.et;{07AF951403CBAB0A}Prefabs/Weapons/Attachments/Muzzle/AK103_muzzle/RHS_AK103_muzzle.et;{59015F7C36DE86C2}Prefabs/Weapons/Magazines/6l23_plastic/Magazine_545x39_plastic_AK_30rnd_Tracer_camo.et
rifle_ak74m_b10m_b19n_b33_glcore,{508D380C91F09CD0}Prefabs/Weapons/Rifles/AK74M/Rifle_AK74M_b10m_b19n_b33_GLCore.et,cash,960,480,3,1,127,63,0,1,{8DB150C7732EC843}Prefabs/Weapons/Attachments/Handguards/Handguard_AK74M/Handguard_Zenitco_B10M_B19N.et;{07AF951403CBAB0A}Prefabs/Weapons/Attachments/Muzzle/AK103_muzzle/RHS_AK103_muzzle.et;{FD34D121FA55CB10}Prefabs/Weapons/Magazines/6l23_plastic/Magazine_545x39_plastic_AK_30rnd_Last_5Tracer.et
rifle_ak74m_b10m_b19n_b33_pt1_rk3,{3C346BD8192F6B6C}Prefabs/Weapons/Rifles/AK74M/Rifle_AK74M_b10m_b19n_b33_pt1_rk3.et,cash,960,480,3,1,127,63,0,1,{8DB150C7732EC843}Prefabs/Weapons/Attachments/Handguards/Handguard_AK74M/Handguard_Zenitco_B10M_B19N.et;{07AF951403CBAB0A}Prefabs/Weapons/Attachments/Muzzle/AK103_muzzle/RHS_AK103_muzzle.et;{FD34D121FA55CB10}Prefabs/Weapons/Magazines/6l23_plastic/Magazine_545x39_plastic_AK_30rnd_Last_5Tracer.et
rifle_ak74m_b10m_b19n_pdc_glcore_agr47,{D84C414BC980404B}Prefabs/Weapons/Rifles/AK74M/Rifle_AK74M_b10m_b19n_PDC_GLCore_AGR47.et,cash,960,480,3,1,127,63,0,1,{8DB150C7732EC843}Prefabs/Weapons/Attachments/Handguards/Handguard_AK74M/Handguard_Zenitco_B10M_B19N.et;{07AF951403CBAB0A}Prefabs/Weapons/Attachments/Muzzle/AK103_muzzle/RHS_AK103_muzzle.et;{FD34D121FA55CB10}Prefabs/Weapons/Magazines/6l23_plastic/Magazine_545x39_plastic_AK_30rnd_Last_5Tracer.et
rifle_ak74m_b30_b31_b33,{BBAA7625626B909D}Prefabs/Weapons/Rifles/AK74M/Rifle_AK74M_b30_b31_b33.et,cash,960,480,3,1,127,63,0,1,{6FD5293AF114A9D7}Prefabs/Weapons/Attachments/Handguards/Handguard_AK74M/Handguard_Zenitco_B30_B31.et;{07AF951403CBAB0A}Prefabs/Weapons/Attachments/Muzzle/AK103_muzzle/RHS_AK103_muzzle.et;{FD34D121FA55CB10}Prefabs/Weapons/Magazines/6l23_plastic/Magazine_545x39_plastic_AK_30rnd_Last_5Tracer.et
rifle_ak74m_b30_b31_b33_camo,{0D59F616A35705A3}Prefabs/Weapons/Rifles/AK74M/Rifle_AK74M_b30_b31_b33_camo.et,cash,960,480,3,1,127,63,0,1,{6FD5293AF114A9D7}Prefabs/Weapons/Attachments/Handguards/Handguard_AK74M/Handguard_Zenitco_B30_B31.et;{07AF951403CBAB0A}Prefabs/Weapons/Attachments/Muzzle/AK103_muzzle/RHS_AK103_muzzle.et;{DD810D0313E8C01A}Prefabs/Weapons/Magazines/6l23_plastic/Magazine_545x39_plastic_AK_30rnd_Ball_camo.et
rifle_ak74m_b30_b31_b33_camo_railcover,{6363C717D9BE436B}Prefabs/Weapons/Rifles/AK74M/Rifle_AK74M_b30_b31_b33_camo_RailCover.et,cash,960,480,7,3,1927,963,1,1,{E35250A515F71A22}Prefabs/Weapons/Attachments/Optics/1p87/Optic_1P87_1P90.et;{6FD5293AF114A9D7}Prefabs/Weapons/Attachments/Handguards/Handguard_AK74M/Handguard_Zenitco_B30_B31.et;{17A5656F850F6FB8}Prefabs/Weapons/Attachments/Lights/Light_m300c_base.et;{CB8AB382E3F45336}Prefabs/Weapons/Attachments/Lasers/perst_classic/Laser_perst_classic_base.et;{03F516FBF9B10E89}Prefabs/Weapons/Attachments/Misc/KacRailCover/KacRailCover_AK_Zenit_B30_BLK.et;{91D5624C80CD29AB}Prefabs/Weapons/Attachments/Muzzle/Zenit_DTK2_Muzzle/RHS_AK74M_Zenit_DTK1_Muzzle_Base.et;{DD810D0313E8C01A}Prefabs/Weapons/Magazines/6l23_plastic/Magazine_545x39_plastic_AK_30rnd_Ball_camo.et
rifle_ak74m_b30_b31_b33_camo_rk1,{5526E72945415AC3}Prefabs/Weapons/Rifles/AK74M/Rifle_AK74M_b30_b31_b33_camo_rk1.et,cash,960,480,4,1,187,93,0,1,{6FD5293AF114A9D7}Prefabs/Weapons/Attachments/Handguards/Handguard_AK74M/Handguard_Zenitco_B30_B31.et;{74C04C2D52EE4276}Prefabs/Weapons/Attachments/Grips/Grip_Zenit_RK_Vertical/RHS_RK1.et;{07AF951403CBAB0A}Prefabs/Weapons/Attachments/Muzzle/AK103_muzzle/RHS_AK103_muzzle.et;{DD810D0313E8C01A}Prefabs/Weapons/Magazines/6l23_plastic/Magazine_545x39_plastic_AK_30rnd_Ball_camo.et
rifle_ak74m_b30_b31_b33_pt1_rk3,{3A9F023ACB1DB29C}Prefabs/Weapons/Rifles/AK74M/Rifle_AK74M_b30_b31_b33_pt1_rk3.et,cash,960,480,3,1,127,63,0,1,{6FD5293AF114A9D7}Prefabs/Weapons/Attachments/Handguards/Handguard_AK74M/Handguard_Zenitco_B30_B31.et;{07AF951403CBAB0A}Prefabs/Weapons/Attachments/Muzzle/AK103_muzzle/RHS_AK103_muzzle.et;{FD34D121FA55CB10}Prefabs/Weapons/Magazines/6l23_plastic/Magazine_545x39_plastic_AK_30rnd_Last_5Tracer.et
rifle_ak74m_b30_b31_b33_rk1,{F2C22EE7CB7C0632}Prefabs/Weapons/Rifles/AK74M/Rifle_AK74M_b30_b31_b33_rk1.et,cash,960,480,4,1,187,93,0,1,{6FD5293AF114A9D7}Prefabs/Weapons/Attachments/Handguards/Handguard_AK74M/Handguard_Zenitco_B30_B31.et;{74C04C2D52EE4276}Prefabs/Weapons/Attachments/Grips/Grip_Zenit_RK_Vertical/RHS_RK1.et;{07AF951403CBAB0A}Prefabs/Weapons/Attachments/Muzzle/AK103_muzzle/RHS_AK103_muzzle.et;{FD34D121FA55CB10}Prefabs/Weapons/Magazines/6l23_plastic/Magazine_545x39_plastic_AK_30rnd_Last_5Tracer.et
rifle_ak74m_b30_b31_b33_rk1_glcore,{885085D430E9C647}Prefabs/Weapons/Rifles/AK74M/Rifle_AK74M_b30_b31_b33_rk1_GLCore.et,cash,960,480,4,1,187,93,0,1,{6FD5293AF114A9D7}Prefabs/Weapons/Attachments/Handguards/Handguard_AK74M/Handguard_Zenitco_B30_B31.et;{74C04C2D52EE4276}Prefabs/Weapons/Attachments/Grips/Grip_Zenit_RK_Vertical/RHS_RK1.et;{07AF951403CBAB0A}Prefabs/Weapons/Attachments/Muzzle/AK103_muzzle/RHS_AK103_muzzle.et;{FD34D121FA55CB10}Prefabs/Weapons/Magazines/6l23_plastic/Magazine_545x39_plastic_AK_30rnd_Last_5Tracer.et
rifle_ak74m_b30_b31s_b33,{D59637B8A3CF1CF9}Prefabs/Weapons/Rifles/AK74M/Rifle_AK74M_b30_b31s_b33.et,cash,960,480,3,1,127,63,0,1,{9ED8CC9C9EA565E5}Prefabs/Weapons/Attachments/Handguards/Handguard_AK74M/Handguard_Zenitco_B30_B31S.et;{07AF951403CBAB0A}Prefabs/Weapons/Attachments/Muzzle/AK103_muzzle/RHS_AK103_muzzle.et;{FD34D121FA55CB10}Prefabs/Weapons/Magazines/6l23_plastic/Magazine_545x39_plastic_AK_30rnd_Last_5Tracer.et
rifle_ak74m_b30_b31s_b33_agr47_glcore,{9C7EA1D6A2E132A7}Prefabs/Weapons/Rifles/AK74M/Rifle_AK74M_b30_b31s_b33_AGR47_GLCore.et,cash,960,480,3,1,127,63,0,1,{9ED8CC9C9EA565E5}Prefabs/Weapons/Attachments/Handguards/Handguard_AK74M/Handguard_Zenitco_B30_B31S.et;{07AF951403CBAB0A}Prefabs/Weapons/Attachments/Muzzle/AK103_muzzle/RHS_AK103_muzzle.et;{FD34D121FA55CB10}Prefabs/Weapons/Magazines/6l23_plastic/Magazine_545x39_plastic_AK_30rnd_Last_5Tracer.et
rifle_ak74m_b30_b31s_b33_rk3_pt1,{AF0B5FAECB80F7F8}Prefabs/Weapons/Rifles/AK74M/Rifle_AK74M_b30_b31s_b33_rk3_pt1.et,cash,960,480,3,1,127,63,0,1,{9ED8CC9C9EA565E5}Prefabs/Weapons/Attachments/Handguards/Handguard_AK74M/Handguard_Zenitco_B30_B31S.et;{07AF951403CBAB0A}Prefabs/Weapons/Attachments/Muzzle/AK103_muzzle/RHS_AK103_muzzle.et;{FD34D121FA55CB10}Prefabs/Weapons/Magazines/6l23_plastic/Magazine_545x39_plastic_AK_30rnd_Last_5Tracer.et
rifle_ak74m_b30_b31s_b33_rk3_pt1_fde,{4DF3BCD2A0B1E04B}Prefabs/Weapons/Rifles/AK74M/Rifle_AK74M_b30_b31s_b33_rk3_pt1_FDE.et,cash,960,480,3,1,127,63,0,1,{5A8821B4F63F9319}Prefabs/Weapons/Attachments/Handguards/Handguard_AK74M/Handguard_Zenitco_B30_B31S_FDE.et;{07AF951403CBAB0A}Prefabs/Weapons/Attachments/Muzzle/AK103_muzzle/RHS_AK103_muzzle.et;{DFEBDFD73BFD9501}Prefabs/Weapons/Magazines/6l23_plum/Magazine_545x39_plum_AK_30rnd_Last_5Tracer.et
rifle_ak74m_b30_b31s_b33_rk3_pt1_fde_railcover,{8E9CFFEFE3BFB72A}Prefabs/Weapons/Rifles/AK74M/Rifle_AK74M_b30_b31s_b33_rk3_pt1_FDE_RailCover.et,cash,960,480,8,2,2293,1146,1,1,{0A697FF8CA33F9A5}Prefabs/Weapons/Attachments/Optics/exps/Optic_EXPS3-1_tan.et;{5A8821B4F63F9319}Prefabs/Weapons/Attachments/Handguards/Handguard_AK74M/Handguard_Zenitco_B30_B31S_FDE.et;{CB8AB382E3F45336}Prefabs/Weapons/Attachments/Lasers/perst_classic/Laser_perst_classic_base.et;{C32EC74B4B0C8CA1}Prefabs/Weapons/Attachments/Lights/Light_m300c_blk.et;{21129ADBBD796072}Prefabs/Weapons/Attachments/Misc/KacRailCover/KacRailCover_AK_Zenit_B30_Grip.et;{74C04C2D52EE4276}Prefabs/Weapons/Attachments/Grips/Grip_Zenit_RK_Vertical/RHS_RK1.et;{91D5624C80CD29AB}Prefabs/Weapons/Attachments/Muzzle/Zenit_DTK2_Muzzle/RHS_AK74M_Zenit_DTK1_Muzzle_Base.et;{DBDDFA7E6E392CBF}Prefabs/Weapons/Magazines/6l26/Magazine_545x39_plastic_6l26_45_ball.et
rifle_ak74m_b30_b31s_b33_rk3_pt1_fde_rk1,{E4988C20FC495CD4}Prefabs/Weapons/Rifles/AK74M/Rifle_AK74M_b30_b31s_b33_rk3_pt1_FDE_rk1.et,cash,960,480,4,1,187,93,0,1,{5A8821B4F63F9319}Prefabs/Weapons/Attachments/Handguards/Handguard_AK74M/Handguard_Zenitco_B30_B31S_FDE.et;{74C04C2D52EE4276}Prefabs/Weapons/Attachments/Grips/Grip_Zenit_RK_Vertical/RHS_RK1.et;{07AF951403CBAB0A}Prefabs/Weapons/Attachments/Muzzle/AK103_muzzle/RHS_AK103_muzzle.et;{DFEBDFD73BFD9501}Prefabs/Weapons/Magazines/6l23_plum/Magazine_545x39_plum_AK_30rnd_Last_5Tracer.et
rifle_ak74m_b30_b31s_b33_rk3_pt1_rk0,{DE29C14D08C130FB}Prefabs/Weapons/Rifles/AK74M/Rifle_AK74M_b30_b31s_b33_rk3_pt1_rk0.et,cash,960,480,4,1,187,93,0,1,{9ED8CC9C9EA565E5}Prefabs/Weapons/Attachments/Handguards/Handguard_AK74M/Handguard_Zenitco_B30_B31S.et;{8B408A3D9367CB43}Prefabs/Weapons/Attachments/Grips/Grip_Zenit_RK_Vertical/RHS_RK0_base.et;{07AF951403CBAB0A}Prefabs/Weapons/Attachments/Muzzle/AK103_muzzle/RHS_AK103_muzzle.et;{FD34D121FA55CB10}Prefabs/Weapons/Magazines/6l23_plastic/Magazine_545x39_plastic_AK_30rnd_Last_5Tracer.et
rifle_ak74m_b30_b31s_pdc_agr47_glcore,{192B077982F68912}Prefabs/Weapons/Rifles/AK74M/Rifle_AK74M_b30_b31s_PDC_AGR47_GLCore.et,cash,960,480,3,1,127,63,0,1,{9ED8CC9C9EA565E5}Prefabs/Weapons/Attachments/Handguards/Handguard_AK74M/Handguard_Zenitco_B30_B31S.et;{07AF951403CBAB0A}Prefabs/Weapons/Attachments/Muzzle/AK103_muzzle/RHS_AK103_muzzle.et;{FD34D121FA55CB10}Prefabs/Weapons/Magazines/6l23_plastic/Magazine_545x39_plastic_AK_30rnd_Last_5Tracer.et
rifle_ak74m_b30u_b31n,{86FA4D2AD9C59F87}Prefabs/Weapons/Rifles/AK74M/Rifle_AK74M_b30u_b31n.et,cash,960,480,3,1,127,63,0,1,{DA891FBDB202D966}Prefabs/Weapons/Attachments/Handguards/Handguard_AK74M/Handguard_Zenitco_B30U_B31N.et;{07AF951403CBAB0A}Prefabs/Weapons/Attachments/Muzzle/AK103_muzzle/RHS_AK103_muzzle.et;{FD34D121FA55CB10}Prefabs/Weapons/Magazines/6l23_plastic/Magazine_545x39_plastic_AK_30rnd_Last_5Tracer.et
rifle_ak74m_b30u_b31n_b33,{E4FEB71156657D44}Prefabs/Weapons/Rifles/AK74M/Rifle_AK74M_b30u_b31n_b33.et,cash,960,480,3,1,127,63,0,1,{DA891FBDB202D966}Prefabs/Weapons/Attachments/Handguards/Handguard_AK74M/Handguard_Zenitco_B30U_B31N.et;{07AF951403CBAB0A}Prefabs/Weapons/Attachments/Muzzle/AK103_muzzle/RHS_AK103_muzzle.et;{FD34D121FA55CB10}Prefabs/Weapons/Magazines/6l23_plastic/Magazine_545x39_plastic_AK_30rnd_Last_5Tracer.et
rifle_ak74m_b30u_b31n_b33_glcore_agr47_fde,{36B0B7F63E76331B}Prefabs/Weapons/Rifles/AK74M/Rifle_AK74M_b30u_b31n_b33_glCore_AGR47_FDE.et,cash,960,480,3,1,127,63,0,1,{28B97B86871B2591}Prefabs/Weapons/Attachments/Handguards/Handguard_AK74M/Handguard_Zenitco_B30U_B31N_tan.et;{07AF951403CBAB0A}Prefabs/Weapons/Attachments/Muzzle/AK103_muzzle/RHS_AK103_muzzle.et;{DFEBDFD73BFD9501}Prefabs/Weapons/Magazines/6l23_plum/Magazine_545x39_plum_AK_30rnd_Last_5Tracer.et
rifle_ak74m_b30u_b31n_b33_pt1_rk3,{84A8148976F2053C}Prefabs/Weapons/Rifles/AK74M/Rifle_AK74M_b30u_b31n_b33_pt1_rk3.et,cash,960,480,3,1,127,63,0,1,{DA891FBDB202D966}Prefabs/Weapons/Attachments/Handguards/Handguard_AK74M/Handguard_Zenitco_B30U_B31N.et;{07AF951403CBAB0A}Prefabs/Weapons/Attachments/Muzzle/AK103_muzzle/RHS_AK103_muzzle.et;{FD34D121FA55CB10}Prefabs/Weapons/Magazines/6l23_plastic/Magazine_545x39_plastic_AK_30rnd_Last_5Tracer.et
rifle_ak74m_b30u_b31n_b33_pt1_rk3_fde,{6996B4654F39B19E}Prefabs/Weapons/Rifles/AK74M/Rifle_AK74M_b30u_b31n_b33_pt1_rk3_FDE.et,cash,960,480,3,1,127,63,0,1,{28B97B86871B2591}Prefabs/Weapons/Attachments/Handguards/Handguard_AK74M/Handguard_Zenitco_B30U_B31N_tan.et;{07AF951403CBAB0A}Prefabs/Weapons/Attachments/Muzzle/AK103_muzzle/RHS_AK103_muzzle.et;{DFEBDFD73BFD9501}Prefabs/Weapons/Magazines/6l23_plum/Magazine_545x39_plum_AK_30rnd_Last_5Tracer.et
rifle_ak74m_b30u_b31n_b33_pt1_rk3_fde_rk0,{E11BA68D084B9840}Prefabs/Weapons/Rifles/AK74M/Rifle_AK74M_b30u_b31n_b33_pt1_rk3_FDE_rk0.et,cash,960,480,4,1,187,93,0,1,{28B97B86871B2591}Prefabs/Weapons/Attachments/Handguards/Handguard_AK74M/Handguard_Zenitco_B30U_B31N_tan.et;{8B408A3D9367CB43}Prefabs/Weapons/Attachments/Grips/Grip_Zenit_RK_Vertical/RHS_RK0_base.et;{07AF951403CBAB0A}Prefabs/Weapons/Attachments/Muzzle/AK103_muzzle/RHS_AK103_muzzle.et;{DFEBDFD73BFD9501}Prefabs/Weapons/Magazines/6l23_plum/Magazine_545x39_plum_AK_30rnd_Last_5Tracer.et
rifle_ak74m_b30u_b31n_b33_pt1_rk3_rk6,{22E4A03B9EC07F72}Prefabs/Weapons/Rifles/AK74M/Rifle_AK74M_b30u_b31n_b33_pt1_rk3_rk6.et,cash,960,480,4,1,187,93,0,1,{DA891FBDB202D966}Prefabs/Weapons/Attachments/Handguards/Handguard_AK74M/Handguard_Zenitco_B30U_B31N.et;{49F469152782CB41}Prefabs/Weapons/Attachments/Grips/Grip_Zenit_RK_Vertical/RHS_RK6.et;{07AF951403CBAB0A}Prefabs/Weapons/Attachments/Muzzle/AK103_muzzle/RHS_AK103_muzzle.et;{FD34D121FA55CB10}Prefabs/Weapons/Magazines/6l23_plastic/Magazine_545x39_plastic_AK_30rnd_Last_5Tracer.et
rifle_ak74m_b30u_b31n_pdc_glcore_agr47_fde,{D941272FAF1B06CF}Prefabs/Weapons/Rifles/AK74M/Rifle_AK74M_b30u_b31n_PDC_glCore_AGR47_FDE.et,cash,960,480,3,1,127,63,0,1,{28B97B86871B2591}Prefabs/Weapons/Attachments/Handguards/Handguard_AK74M/Handguard_Zenitco_B30U_B31N_tan.et;{07AF951403CBAB0A}Prefabs/Weapons/Attachments/Muzzle/AK103_muzzle/RHS_AK103_muzzle.et;{DFEBDFD73BFD9501}Prefabs/Weapons/Magazines/6l23_plum/Magazine_545x39_plum_AK_30rnd_Last_5Tracer.et
rifle_ak74m_camo,{B295CF28DE7F95B0}Prefabs/Weapons/Rifles/AK74M/Rifle_AK74M_camo.et,cash,800,400,2,0,127,63,0,1,{07AF951403CBAB0A}Prefabs/Weapons/Attachments/Muzzle/AK103_muzzle/RHS_AK103_muzzle.et;{0FD71EAC637C1624}Prefabs/Weapons/Magazines/6l23_plastic/Magazine_545x39_plastic_AK_30rnd_Last_5Tracer_camo.et
rifle_ak74m_npz_rail,{B02FA54EB2427627}Prefabs/Weapons/Rifles/AK74M/Rifle_AK74M_npz_rail.et,cash,960,480,2,0,127,63,0,1,{07AF951403CBAB0A}Prefabs/Weapons/Attachments/Muzzle/AK103_muzzle/RHS_AK103_muzzle.et;{FD34D121FA55CB10}Prefabs/Weapons/Magazines/6l23_plastic/Magazine_545x39_plastic_AK_30rnd_Last_5Tracer.et
rifle_ak74m_npz_rail_camo,{7701C6F717D852C6}Prefabs/Weapons/Rifles/AK74M/Rifle_AK74M_npz_rail_camo.et,cash,960,480,2,0,127,63,0,1,{07AF951403CBAB0A}Prefabs/Weapons/Attachments/Muzzle/AK103_muzzle/RHS_AK103_muzzle.et;{0FD71EAC637C1624}Prefabs/Weapons/Magazines/6l23_plastic/Magazine_545x39_plastic_AK_30rnd_Last_5Tracer_camo.et
rifle_ak74n,{96DFD2E7E63B3386}Prefabs/Weapons/Rifles/AK74/Rifle_AK74N.et,cash,1800,900,2,0,127,63,0,1,{4A815EB8B824974A}Prefabs/Weapons/Attachments/Muzzle/FlashHider_AK74/FlashHider_AK74.et;{0A84AA5A3884176F}Prefabs/Weapons/Magazines/Magazine_545x39_AK_30rnd_Last_5Tracer.et
rifle_ak74n_gp25,{BC6C9476FB3219A7}Prefabs/Weapons/Rifles/AK74/Rifle_AK74N_GP25.et,cash,1800,900,4,0,660,329,0,1,{1ABABE3551512B0A}Prefabs/Weapons/Attachments/Underbarrel/UGL_GP25.et;{262F0D09C4130826}Prefabs/Weapons/Ammo/Ammo_Grenade_HE_VOG25.et;{4A815EB8B824974A}Prefabs/Weapons/Attachments/Muzzle/FlashHider_AK74/FlashHider_AK74.et;{0A84AA5A3884176F}Prefabs/Weapons/Magazines/Magazine_545x39_AK_30rnd_Last_5Tracer.et
rifle_ak74n_pbs4,{43D001A8797EA5C9}Prefabs/Weapons/Rifles/AK74/Variants/Rifle_AK74N_PBS4.et,cash,1800,900,2,0,1227,613,0,1,{3B96FAC169E27037}Prefabs/Weapons/Attachments/Muzzle/Suppressor_PBS4/Suppressor_PBS4.et;{BBB50A815A2F916B}Prefabs/Weapons/Magazines/Magazine_545x39_AK_30rnd_Ball.et
rifle_ak74n_pbs4_1p29,{1B332B99C72DAF8B}Prefabs/Weapons/Rifles/AK74/Variants/Rifle_AK74N_PBS4_1P29.et,cash,1800,900,3,0,1577,788,0,1,{ACDF49FACD0701A8}Prefabs/Weapons/Attachments/Optics/Optic_1P29/Optic_1P29.et;{3B96FAC169E27037}Prefabs/Weapons/Attachments/Muzzle/Suppressor_PBS4/Suppressor_PBS4.et;{BBB50A815A2F916B}Prefabs/Weapons/Magazines/Magazine_545x39_AK_30rnd_Ball.et
rifle_ak74n_pbs4_gp25,{4C1FF226DDA3017C}Prefabs/Weapons/Rifles/AK74/Variants/Rifle_AK74N_PBS4_GP25.et,cash,1800,900,4,0,1760,879,0,1,{1ABABE3551512B0A}Prefabs/Weapons/Attachments/Underbarrel/UGL_GP25.et;{262F0D09C4130826}Prefabs/Weapons/Ammo/Ammo_Grenade_HE_VOG25.et;{3B96FAC169E27037}Prefabs/Weapons/Attachments/Muzzle/Suppressor_PBS4/Suppressor_PBS4.et;{BBB50A815A2F916B}Prefabs/Weapons/Magazines/Magazine_545x39_AK_30rnd_Ball.et
rifle_ak74n_rhsmag,{6733EB7DB00E7067}Prefabs/Weapons/Rifles/AK74/Rifle_AK74N_RHSMag.et,cash,600,300,2,0,127,63,0,1,{4A815EB8B824974A}Prefabs/Weapons/Attachments/Muzzle/FlashHider_AK74/FlashHider_AK74.et;{DFEBDFD73BFD9501}Prefabs/Weapons/Magazines/6l23_plum/Magazine_545x39_plum_AK_30rnd_Last_5Tracer.et
rifle_aks74u,{BFEA719491610A45}Prefabs/Weapons/Rifles/AKS74U/Rifle_AKS74U.et,cash,700,350,2,0,127,63,0,1,{06D4C36A6D585275}Prefabs/Weapons/Attachments/Muzzle/FlashHider_AKS74u/FlashHider_AKS74u.et;{0A84AA5A3884176F}Prefabs/Weapons/Magazines/Magazine_545x39_AK_30rnd_Last_5Tracer.et
rifle_aks74un,{FA0E25CE35EE945F}Prefabs/Weapons/Rifles/AKS74U/Rifle_AKS74UN.et,cash,1900,950,2,0,127,63,0,1,{06D4C36A6D585275}Prefabs/Weapons/Attachments/Muzzle/FlashHider_AKS74u/FlashHider_AKS74u.et;{0A84AA5A3884176F}Prefabs/Weapons/Magazines/Magazine_545x39_AK_30rnd_Last_5Tracer.et
rifle_aks74un_3FA38ECE,{3FA38ECE65392FC3}Prefabs/Weapons/Rifles/AKS74UN/Rifle_AKS74UN.et,cash,800,400,2,0,127,63,0,1,{BAC59BF0DF432D43}Prefabs/Weapons/Attachments/Muzzle/RHS_PGS64.et;{BBB50A815A2F916C}Prefabs/Weapons/Magazines/6l23_plum/Magazine_545x39_plum_AK_30rnd_Ball.et
rifle_aks74un_b18,{53F72BF37E1A67D0}Prefabs/Weapons/Rifles/AKS74UN/Rifle_AKS74UN_b18.et,cash,800,400,2,0,127,63,0,1,{BAC59BF0DF432D43}Prefabs/Weapons/Attachments/Muzzle/RHS_PGS64.et;{BBB50A815A2F916C}Prefabs/Weapons/Magazines/6l23_plum/Magazine_545x39_plum_AK_30rnd_Ball.et
rifle_aks74un_b18_b11u,{E102C0788D5192DA}Prefabs/Weapons/Rifles/AKS74UN/Rifle_AKS74UN_b18_b11u.et,cash,800,400,2,0,127,63,0,1,{BAC59BF0DF432D43}Prefabs/Weapons/Attachments/Muzzle/RHS_PGS64.et;{BBB50A815A2F916C}Prefabs/Weapons/Magazines/6l23_plum/Magazine_545x39_plum_AK_30rnd_Ball.et
rifle_aks74un_b18_b11u_agr_glcore,{2393FAB2C72D4777}Prefabs/Weapons/Rifles/AKS74UN/Rifle_AKS74UN_b18_b11u_agr_GLCore.et,cash,800,400,2,0,127,63,0,1,{BAC59BF0DF432D43}Prefabs/Weapons/Attachments/Muzzle/RHS_PGS64.et;{BBB50A815A2F916C}Prefabs/Weapons/Magazines/6l23_plum/Magazine_545x39_plum_AK_30rnd_Ball.et
rifle_aks74un_b18_b11u_b19,{5F24EB45F16BB755}Prefabs/Weapons/Rifles/AKS74UN/Rifle_AKS74UN_b18_b11u_b19.et,cash,800,400,2,0,127,63,0,1,{BAC59BF0DF432D43}Prefabs/Weapons/Attachments/Muzzle/RHS_PGS64.et;{BBB50A815A2F916C}Prefabs/Weapons/Magazines/6l23_plum/Magazine_545x39_plum_AK_30rnd_Ball.et
rifle_aks74un_b18_b11u_b19_agr47_glcore,{B7648678CB91F871}Prefabs/Weapons/Rifles/AKS74UN/Rifle_AKS74UN_b18_b11u_b19_agr47_glcore.et,cash,800,400,2,0,127,63,0,1,{BAC59BF0DF432D43}Prefabs/Weapons/Attachments/Muzzle/RHS_PGS64.et;{BBB50A815A2F916C}Prefabs/Weapons/Magazines/6l23_plum/Magazine_545x39_plum_AK_30rnd_Ball.et
rifle_aks74un_b18_b11u_b19_pt1_rk3,{7A907C5EFDE15D16}Prefabs/Weapons/Rifles/AKS74UN/Rifle_AKS74UN_b18_b11u_b19_pt1_rk3.et,cash,800,400,2,0,127,63,0,1,{BAC59BF0DF432D43}Prefabs/Weapons/Attachments/Muzzle/RHS_PGS64.et;{BBB50A815A2F916C}Prefabs/Weapons/Magazines/6l23_plum/Magazine_545x39_plum_AK_30rnd_Ball.et
rifle_aks74un_b18_b11u_b19n,{D411E28489CEDA63}Prefabs/Weapons/Rifles/AKS74UN/Rifle_AKS74UN_b18_b11u_b19n.et,cash,800,400,2,0,127,63,0,1,{BAC59BF0DF432D43}Prefabs/Weapons/Attachments/Muzzle/RHS_PGS64.et;{BBB50A815A2F916C}Prefabs/Weapons/Magazines/6l23_plum/Magazine_545x39_plum_AK_30rnd_Ball.et
rifle_aks74un_b18_b11u_b19n_agr47_glcore,{B89FCE4D4E97EAA5}Prefabs/Weapons/Rifles/AKS74UN/Rifle_AKS74UN_b18_b11u_b19n_agr47_glcore.et,cash,800,400,2,0,127,63,0,1,{BAC59BF0DF432D43}Prefabs/Weapons/Attachments/Muzzle/RHS_PGS64.et;{BBB50A815A2F916C}Prefabs/Weapons/Magazines/6l23_plum/Magazine_545x39_plum_AK_30rnd_Ball.et
rifle_aks74un_b18_b11u_b19n_pt1_rk3,{8B15A93EC8C9000E}Prefabs/Weapons/Rifles/AKS74UN/Rifle_AKS74UN_b18_b11u_b19n_pt1_rk3.et,cash,800,400,2,0,127,63,0,1,{BAC59BF0DF432D43}Prefabs/Weapons/Attachments/Muzzle/RHS_PGS64.et;{BBB50A815A2F916C}Prefabs/Weapons/Magazines/6l23_plum/Magazine_545x39_plum_AK_30rnd_Ball.et
rifle_aks74un_b18_b11u_pt1,{B90ED74AF5BAD4C1}Prefabs/Weapons/Rifles/AKS74UN/Rifle_AKS74UN_b18_b11u_pt1.et,cash,800,400,2,0,127,63,0,1,{BAC59BF0DF432D43}Prefabs/Weapons/Attachments/Muzzle/RHS_PGS64.et;{BBB50A815A2F916C}Prefabs/Weapons/Magazines/6l23_plum/Magazine_545x39_plum_AK_30rnd_Ball.et
rifle_aks74un_b18_ltsu,{015B446AFEB40F0D}Prefabs/Weapons/Rifles/AKS74UN/Rifle_AKS74UN_b18_LTSU.et,cash,800,400,3,1,127,63,0,1,{D98FE847837E0709}Prefabs/Weapons/Attachments/Lasers/aksu_ltsu/Laser_LTSU_base.et;{BAC59BF0DF432D43}Prefabs/Weapons/Attachments/Muzzle/RHS_PGS64.et;{BBB50A815A2F916C}Prefabs/Weapons/Magazines/6l23_plum/Magazine_545x39_plum_AK_30rnd_Ball.et
rifle_aks74un_b18_t1,{2259092E586DD78B}Prefabs/Weapons/Rifles/AKS74UN/Rifle_AKS74UN_b18_t1.et,cash,800,400,3,0,1027,513,1,1,{1DAEA9434BBB003E}Prefabs/Weapons/Attachments/Optics/aimpoint_t1/Optic_t1_low.et;{BAC59BF0DF432D43}Prefabs/Weapons/Attachments/Muzzle/RHS_PGS64.et;{BBB50A815A2F916C}Prefabs/Weapons/Magazines/6l23_plum/Magazine_545x39_plum_AK_30rnd_Ball.et
rifle_aks74un_b33,{7377EDB3B8CB3A2C}Prefabs/Weapons/Rifles/AKS74UN/Rifle_AKS74UN_B33.et,cash,800,400,2,0,127,63,0,1,{BAC59BF0DF432D43}Prefabs/Weapons/Attachments/Muzzle/RHS_PGS64.et;{BBB50A815A2F916C}Prefabs/Weapons/Magazines/6l23_plum/Magazine_545x39_plum_AK_30rnd_Ball.et
rifle_aks74un_b33_b11,{26E7884BB705F9C4}Prefabs/Weapons/Rifles/AKS74UN/Rifle_AKS74UN_B33_B11.et,cash,800,400,2,0,127,63,0,1,{BAC59BF0DF432D43}Prefabs/Weapons/Attachments/Muzzle/RHS_PGS64.et;{BBB50A815A2F916C}Prefabs/Weapons/Magazines/6l23_plum/Magazine_545x39_plum_AK_30rnd_Ball.et
rifle_aks74un_b33_b11_b19,{1A2D30DCE99DF975}Prefabs/Weapons/Rifles/AKS74UN/Rifle_AKS74UN_B33_B11_B19.et,cash,800,400,2,0,127,63,0,1,{BAC59BF0DF432D43}Prefabs/Weapons/Attachments/Muzzle/RHS_PGS64.et;{BBB50A815A2F916C}Prefabs/Weapons/Magazines/6l23_plum/Magazine_545x39_plum_AK_30rnd_Ball.et
rifle_aks74un_b33_b11_b19_agr_glcore,{565F3653B3CF1097}Prefabs/Weapons/Rifles/AKS74UN/Rifle_AKS74UN_B33_B11_B19_AGR_GLCORE.et,cash,800,400,2,0,127,63,0,1,{BAC59BF0DF432D43}Prefabs/Weapons/Attachments/Muzzle/RHS_PGS64.et;{BBB50A815A2F916C}Prefabs/Weapons/Magazines/6l23_plum/Magazine_545x39_plum_AK_30rnd_Ball.et
rifle_aks74un_b33_b11_b19_rk3_pt1,{BC0B6D7E31A57346}Prefabs/Weapons/Rifles/AKS74UN/Rifle_AKS74UN_B33_B11_B19_RK3_PT1.et,cash,800,400,2,0,127,63,0,1,{BAC59BF0DF432D43}Prefabs/Weapons/Attachments/Muzzle/RHS_PGS64.et;{BBB50A815A2F916C}Prefabs/Weapons/Magazines/6l23_plum/Magazine_545x39_plum_AK_30rnd_Ball.et
rifle_aks74un_b33_b11_b19n,{0C0CFE2732440100}Prefabs/Weapons/Rifles/AKS74UN/Rifle_AKS74UN_B33_B11_B19N.et,cash,800,400,2,0,127,63,0,1,{BAC59BF0DF432D43}Prefabs/Weapons/Attachments/Muzzle/RHS_PGS64.et;{BBB50A815A2F916C}Prefabs/Weapons/Magazines/6l23_plum/Magazine_545x39_plum_AK_30rnd_Ball.et
rifle_aks74un_b33_b11_b19n_agr_glcore,{8B57D0B851F1765A}Prefabs/Weapons/Rifles/AKS74UN/Rifle_AKS74UN_B33_B11_B19N_AGR_GLCORE.et,cash,800,400,2,0,127,63,0,1,{BAC59BF0DF432D43}Prefabs/Weapons/Attachments/Muzzle/RHS_PGS64.et;{BBB50A815A2F916C}Prefabs/Weapons/Magazines/6l23_plum/Magazine_545x39_plum_AK_30rnd_Ball.et
rifle_aks74un_b33_b11_b19n_rk3_pt1,{42575E9B8D44442A}Prefabs/Weapons/Rifles/AKS74UN/Rifle_AKS74UN_B33_B11_B19N_RK3_PT1.et,cash,800,400,2,0,127,63,0,1,{BAC59BF0DF432D43}Prefabs/Weapons/Attachments/Muzzle/RHS_PGS64.et;{BBB50A815A2F916C}Prefabs/Weapons/Magazines/6l23_plum/Magazine_545x39_plum_AK_30rnd_Ball.et
rifle_aks74un_ltsu,{FD71C5FC9269957B}Prefabs/Weapons/Rifles/AKS74UN/Rifle_AKS74UN_LTSU.et,cash,800,400,3,1,127,63,0,1,{D98FE847837E0709}Prefabs/Weapons/Attachments/Lasers/aksu_ltsu/Laser_LTSU_base.et;{BAC59BF0DF432D43}Prefabs/Weapons/Attachments/Muzzle/RHS_PGS64.et;{BBB50A815A2F916C}Prefabs/Weapons/Magazines/6l23_plum/Magazine_545x39_plum_AK_30rnd_Ball.et
rifle_aks74un_pbs4,{5F3661399CE6BEE6}Prefabs/Weapons/Rifles/AKS74U/Variants/Rifle_AKS74UN_PBS4.et,cash,1900,950,2,0,1227,613,0,1,{3B96FAC169E27037}Prefabs/Weapons/Attachments/Muzzle/Suppressor_PBS4/Suppressor_PBS4.et;{BBB50A815A2F916B}Prefabs/Weapons/Magazines/Magazine_545x39_AK_30rnd_Ball.et
rifle_aks74un_pbs4_67D71FE4,{67D71FE468E4DA15}Prefabs/Weapons/Rifles/AKS74UN/Rifle_AKS74UN_pbs4.et,cash,800,400,2,0,1227,613,1,1,{3D2940A7E1E36F87}Prefabs/Weapons/Attachments/Muzzle/PBS4/RHS_PBS4.et;{943357591ECF8025}Prefabs/Weapons/Magazines/6l23_plum/Magazine_545x39_plum_AK_30rnd_subsonic.et
rifle_an94,{177CF9EA974446D1}Prefabs/Weapons/Rifles/AN94/Rifle_AN94.et,cash,2000,1000,1,0,27,13,0,1,{BBB50A815A2F916C}Prefabs/Weapons/Magazines/6l23_plum/Magazine_545x39_plum_AK_30rnd_Ball.et
rifle_an94_camo,{069C2E02FB3883DB}Prefabs/Weapons/Rifles/AN94/Rifle_AN94_camo.et,cash,2000,1000,1,0,27,13,0,1,{0FD71EAC637C1624}Prefabs/Weapons/Magazines/6l23_plastic/Magazine_545x39_plastic_AK_30rnd_Last_5Tracer_camo.et
rifle_an94_gp25,{4DD6EB8D32EEBFCA}Prefabs/Weapons/Rifles/AN94/Rifle_AN94_GP25.et,cash,2000,1000,4,0,590,294,0,1,{1ABABE3551512B0A}Prefabs/Weapons/Attachments/Underbarrel/UGL_GP25.et;{262F0D09C4130826}Prefabs/Weapons/Ammo/Ammo_Grenade_HE_VOG25.et;{D901305DD97960AD}Prefabs/Weapons/Attachments/Misc/AkGpButtPad/akGPbutt.et;{BBB50A815A2F916C}Prefabs/Weapons/Magazines/6l23_plum/Magazine_545x39_plum_AK_30rnd_Ball.et
rifle_an94_valday_rail,{38437E3FB513AE68}Prefabs/Weapons/Rifles/AN94/Rifle_AN94_valday_rail.et,cash,2000,1000,1,0,27,13,0,1,{FD34D121FA55CB10}Prefabs/Weapons/Magazines/6l23_plastic/Magazine_545x39_plastic_AK_30rnd_Last_5Tracer.et
rifle_an94_valday_rail_camo,{E8255B1CB002F39B}Prefabs/Weapons/Rifles/AN94/Rifle_AN94_valday_rail_camo.et,cash,2000,1000,1,0,27,13,0,1,{0FD71EAC637C1624}Prefabs/Weapons/Magazines/6l23_plastic/Magazine_545x39_plastic_AK_30rnd_Last_5Tracer_camo.et
rifle_an94railed,{5D8CD6770CB11C0F}Prefabs/Weapons/Rifles/AN94/Rifle_AN94Railed.et,cash,2000,1000,1,0,27,13,0,1,{FD34D121FA55CB10}Prefabs/Weapons/Magazines/6l23_plastic/Magazine_545x39_plastic_AK_30rnd_Last_5Tracer.et
rifle_ar15_ga_ud115_blk,{2489F63D9ABBE1D4}Prefabs/Weapons/Rifles/M4A1/Variants/ION/Rifle_AR15_GA_UD115_BLK.et,cash,1760,880,4,0,477,238,0,1,{6DEFD1FC33F797A1}Prefabs/Weapons/Attachments/Optics/matech/RHS_Matech.et;{BC01D4724626132E}Prefabs/Weapons/Attachments/Optics/kac_folding_sights_600/kac_folding_sight_front.et;{B74D593B0A51064C}Prefabs/Weapons/Attachments/Muzzle/SUREFIRE/SF_PRONG4.et;{C632D04DD25D3ABF}Prefabs/Weapons/Magazines/Pmag/Magazine_556x45_PmagWindowed_30rnd_M855A1.et
rifle_ar15_ga_ud115_ddc,{44DBE17029D9D1CD}Prefabs/Weapons/Rifles/M4A1/Variants/ION/Rifle_AR15_GA_UD115_DDC.et,cash,1760,880,4,0,477,238,0,1,{6DEFD1FC33F797A1}Prefabs/Weapons/Attachments/Optics/matech/RHS_Matech.et;{BC01D4724626132E}Prefabs/Weapons/Attachments/Optics/kac_folding_sights_600/kac_folding_sight_front.et;{B74D593B0A51064C}Prefabs/Weapons/Attachments/Muzzle/SUREFIRE/SF_PRONG4.et;{B5693611B92F0BAA}Prefabs/Weapons/Magazines/Pmag/Magazine_556x45_PmagWindowed_MCT_30rnd_M855A1.et
rifle_ar15_ga_ud115_odg,{6533A152C56BAD11}Prefabs/Weapons/Rifles/M4A1/Variants/ION/Rifle_AR15_GA_UD115_ODG.et,cash,1760,880,4,0,477,238,0,1,{6DEFD1FC33F797A1}Prefabs/Weapons/Attachments/Optics/matech/RHS_Matech.et;{BC01D4724626132E}Prefabs/Weapons/Attachments/Optics/kac_folding_sights_600/kac_folding_sight_front.et;{B74D593B0A51064C}Prefabs/Weapons/Attachments/Muzzle/SUREFIRE/SF_PRONG4.et;{C632D04DD25D3ABF}Prefabs/Weapons/Magazines/Pmag/Magazine_556x45_PmagWindowed_30rnd_M855A1.et
rifle_ar15_ga_ud115_ris_blk,{AA5E08167B28BF66}Prefabs/Weapons/Rifles/M4A1/Variants/ION/Rifle_AR15_GA_UD115_RIS_BLK.et,cash,1760,880,7,0,3607,1803,1,1,{4AF36B835267F3ED}Prefabs/Weapons/Attachments/Optics/exps/Optic_su231A_tan.et;{9A185BC14F1166B4}Prefabs/Weapons/Attachments/Lasers/anpeq15/Laser_ANPEQ15_tan.et;{6DEFD1FC33F797A1}Prefabs/Weapons/Attachments/Optics/matech/RHS_Matech.et;{BC01D4724626132E}Prefabs/Weapons/Attachments/Optics/kac_folding_sights_600/kac_folding_sight_front.et;{005374A5149FAC4F}Prefabs/Weapons/Attachments/Lights/Light_m300c_tan.et;{5F800ED7D8D5B89E}Prefabs/Weapons/Rifles/M4A1/base_parts/RHS_M4_FLASHHIDER.et;{B5693611B92F0BAA}Prefabs/Weapons/Magazines/Pmag/Magazine_556x45_PmagWindowed_MCT_30rnd_M855A1.et
rifle_ar15_ga_ud115_ris_ddc,{46D8B9DA709A0E76}Prefabs/Weapons/Rifles/M4A1/Variants/ION/Rifle_AR15_GA_UD115_RIS_DDC.et,cash,1760,880,7,0,3607,1803,1,1,{4AF36B835267F3ED}Prefabs/Weapons/Attachments/Optics/exps/Optic_su231A_tan.et;{9A185BC14F1166B4}Prefabs/Weapons/Attachments/Lasers/anpeq15/Laser_ANPEQ15_tan.et;{6DEFD1FC33F797A1}Prefabs/Weapons/Attachments/Optics/matech/RHS_Matech.et;{BC01D4724626132E}Prefabs/Weapons/Attachments/Optics/kac_folding_sights_600/kac_folding_sight_front.et;{005374A5149FAC4F}Prefabs/Weapons/Attachments/Lights/Light_m300c_tan.et;{5F800ED7D8D5B89E}Prefabs/Weapons/Rifles/M4A1/base_parts/RHS_M4_FLASHHIDER.et;{B5693611B92F0BAA}Prefabs/Weapons/Magazines/Pmag/Magazine_556x45_PmagWindowed_MCT_30rnd_M855A1.et
rifle_ar15_ga_ud115_ris_odg,{6730F9F89C2872AA}Prefabs/Weapons/Rifles/M4A1/Variants/ION/Rifle_AR15_GA_UD115_RIS_ODG.et,cash,1760,880,7,0,3607,1803,1,1,{4AF36B835267F3ED}Prefabs/Weapons/Attachments/Optics/exps/Optic_su231A_tan.et;{9A185BC14F1166B4}Prefabs/Weapons/Attachments/Lasers/anpeq15/Laser_ANPEQ15_tan.et;{6DEFD1FC33F797A1}Prefabs/Weapons/Attachments/Optics/matech/RHS_Matech.et;{BC01D4724626132E}Prefabs/Weapons/Attachments/Optics/kac_folding_sights_600/kac_folding_sight_front.et;{005374A5149FAC4F}Prefabs/Weapons/Attachments/Lights/Light_m300c_tan.et;{5F800ED7D8D5B89E}Prefabs/Weapons/Rifles/M4A1/base_parts/RHS_M4_FLASHHIDER.et;{B5693611B92F0BAA}Prefabs/Weapons/Magazines/Pmag/Magazine_556x45_PmagWindowed_MCT_30rnd_M855A1.et
rifle_ar15_ga_ud145_blk,{36AB3AE5DCA2F1BA}Prefabs/Weapons/Rifles/M4A1/Variants/ION/Rifle_AR15_GA_UD145_BLK.et,cash,1760,880,4,0,477,238,0,1,{6DEFD1FC33F797A1}Prefabs/Weapons/Attachments/Optics/matech/RHS_Matech.et;{BC01D4724626132E}Prefabs/Weapons/Attachments/Optics/kac_folding_sights_600/kac_folding_sight_front.et;{B74D593B0A51064C}Prefabs/Weapons/Attachments/Muzzle/SUREFIRE/SF_PRONG4.et;{C632D04DD25D3ABF}Prefabs/Weapons/Magazines/Pmag/Magazine_556x45_PmagWindowed_30rnd_M855A1.et
rifle_ar15_ga_ud145_ddc,{56F92DA86FC0C1A3}Prefabs/Weapons/Rifles/M4A1/Variants/ION/Rifle_AR15_GA_UD145_DDC.et,cash,1760,880,4,0,477,238,0,1,{6DEFD1FC33F797A1}Prefabs/Weapons/Attachments/Optics/matech/RHS_Matech.et;{BC01D4724626132E}Prefabs/Weapons/Attachments/Optics/kac_folding_sights_600/kac_folding_sight_front.et;{B74D593B0A51064C}Prefabs/Weapons/Attachments/Muzzle/SUREFIRE/SF_PRONG4.et;{B5693611B92F0BAA}Prefabs/Weapons/Magazines/Pmag/Magazine_556x45_PmagWindowed_MCT_30rnd_M855A1.et
rifle_ar15_ga_ud145_odg,{77116D8A8372BD7F}Prefabs/Weapons/Rifles/M4A1/Variants/ION/Rifle_AR15_GA_UD145_ODG.et,cash,1760,880,4,0,477,238,0,1,{6DEFD1FC33F797A1}Prefabs/Weapons/Attachments/Optics/matech/RHS_Matech.et;{BC01D4724626132E}Prefabs/Weapons/Attachments/Optics/kac_folding_sights_600/kac_folding_sight_front.et;{B74D593B0A51064C}Prefabs/Weapons/Attachments/Muzzle/SUREFIRE/SF_PRONG4.et;{C632D04DD25D3ABF}Prefabs/Weapons/Magazines/Pmag/Magazine_556x45_PmagWindowed_30rnd_M855A1.et
rifle_ar15_ga_ud145_ris_blk,{E768797D8DC62B66}Prefabs/Weapons/Rifles/M4A1/Variants/ION/Rifle_AR15_GA_UD145_RIS_BLK.et,cash,1760,880,5,0,2477,1238,1,1,{9A185BC14F1166B4}Prefabs/Weapons/Attachments/Lasers/anpeq15/Laser_ANPEQ15_tan.et;{6DEFD1FC33F797A1}Prefabs/Weapons/Attachments/Optics/matech/RHS_Matech.et;{BC01D4724626132E}Prefabs/Weapons/Attachments/Optics/kac_folding_sights_600/kac_folding_sight_front.et;{B74D593B0A51064C}Prefabs/Weapons/Attachments/Muzzle/SUREFIRE/SF_PRONG4.et;{C632D04DD25D3ABF}Prefabs/Weapons/Magazines/Pmag/Magazine_556x45_PmagWindowed_30rnd_M855A1.et
rifle_ar15_ga_ud145_ris_ddc,{CA0C1F5BC84A8F7F}Prefabs/Weapons/Rifles/M4A1/Variants/ION/Rifle_AR15_GA_UD145_RIS_DDC.et,cash,1760,880,5,0,2477,1238,1,1,{9A185BC14F1166B4}Prefabs/Weapons/Attachments/Lasers/anpeq15/Laser_ANPEQ15_tan.et;{6DEFD1FC33F797A1}Prefabs/Weapons/Attachments/Optics/matech/RHS_Matech.et;{BC01D4724626132E}Prefabs/Weapons/Attachments/Optics/kac_folding_sights_600/kac_folding_sight_front.et;{B74D593B0A51064C}Prefabs/Weapons/Attachments/Muzzle/SUREFIRE/SF_PRONG4.et;{B5693611B92F0BAA}Prefabs/Weapons/Magazines/Pmag/Magazine_556x45_PmagWindowed_MCT_30rnd_M855A1.et
rifle_ar15_ga_ud145_ris_odg,{A6D22E12D21667A3}Prefabs/Weapons/Rifles/M4A1/Variants/ION/Rifle_AR15_GA_UD145_RIS_ODG.et,cash,1760,880,5,0,2477,1238,1,1,{9A185BC14F1166B4}Prefabs/Weapons/Attachments/Lasers/anpeq15/Laser_ANPEQ15_tan.et;{6DEFD1FC33F797A1}Prefabs/Weapons/Attachments/Optics/matech/RHS_Matech.et;{BC01D4724626132E}Prefabs/Weapons/Attachments/Optics/kac_folding_sights_600/kac_folding_sight_front.et;{B74D593B0A51064C}Prefabs/Weapons/Attachments/Muzzle/SUREFIRE/SF_PRONG4.et;{C632D04DD25D3ABF}Prefabs/Weapons/Magazines/Pmag/Magazine_556x45_PmagWindowed_30rnd_M855A1.et
rifle_hk416a5_base,{7C64E25D94F8003C}Prefabs/Weapons/Rifles/HK416A5/Rifle_HK416A5_base.et,cash,3000,1500,3,1,57,28,0,1,{F336F603EB6F6B8C}Prefabs/Weapons/Rifles/HK416A5/base_parts/RHS_HK416A5_RearIronRight.et;{5F800ED7D8D5B89E}Prefabs/Weapons/Rifles/M4A1/base_parts/RHS_M4_FLASHHIDER.et;{DEDC311A2B0F9235}Prefabs/Weapons/Magazines/Magazine_556x45_STANAG_30rnd_M855A1_Last_5Tracer.et
rifle_hk416a5_var1,{353D39126E677470}Prefabs/Weapons/Rifles/HK416A5/Rifle_HK416A5_Var1.et,cash,3240,1620,6,1,4187,2093,1,1,{F336F603EB6F6B8C}Prefabs/Weapons/Rifles/HK416A5/base_parts/RHS_HK416A5_RearIronRight.et;{5AE8F3A22BDB534F}Prefabs/Weapons/Attachments/Lasers/anpeq15/Laser_ANPEQ15_black.et;{DA2AED4A5F958164}Prefabs/Weapons/Attachments/Optics/su230/Optic_SU230.et;{84D10D9B6F038335}Prefabs/Weapons/Attachments/Misc/manta_railcover/kits/RHS_manta_kit_kacGrip_M27_4.et;{DD6D71FB59CFBC1D}Prefabs/Weapons/Attachments/Muzzle/SUREFIRE/SF_PRONG3.et;{BD30BE4A3D8B9DAC}Prefabs/Weapons/Magazines/Pmag/Magazine_556x45_PmagWindowed_30rnd_M855A1_last5tracer.et
rifle_m16a2,{3E413771E1834D2F}Prefabs/Weapons/Rifles/M16/Rifle_M16A2.et,cash,900,450,2,0,127,63,0,1,{6288A1F1A5E3AC37}Prefabs/Weapons/Attachments/Muzzle/FlashHider_M16A2/FlashHider_M16.et;{D8F2CA92583B23D3}Prefabs/Weapons/Magazines/Magazine_556x45_STANAG_30rnd_M855_M856_Last_5Tracer.et
rifle_m16a2_4x20,{B1482FB64E3D2D45}Prefabs/Weapons/Rifles/M16/Rifle_M16A2_4x20.et,cash,1060,530,3,0,377,188,0,1,{BD496EE1B40DC510}Prefabs/Weapons/Attachments/Optics/Optic_4x20/Optic_4x20.et;{6288A1F1A5E3AC37}Prefabs/Weapons/Attachments/Muzzle/FlashHider_M16A2/FlashHider_M16.et;{D8F2CA92583B23D3}Prefabs/Weapons/Magazines/Magazine_556x45_STANAG_30rnd_M855_M856_Last_5Tracer.et
rifle_m16a2_4x20_olivegreen_sand_stripes,{0B0C4F7940C1CE26}Prefabs/Weapons/Rifles/M16/Variants/Rifle_M16A2_4x20_OliveGreen_Sand_Stripes.et,cash,900,450,3,0,377,188,0,1,{B9773AC7CCDAD633}Prefabs/Weapons/Attachments/Optics/Optic_4x20/Optic_4x20_OliveGreen_Solid.et;{6288A1F1A5E3AC37}Prefabs/Weapons/Attachments/Muzzle/FlashHider_M16A2/FlashHider_M16.et;{D8F2CA92583B23D3}Prefabs/Weapons/Magazines/Magazine_556x45_STANAG_30rnd_M855_M856_Last_5Tracer.et
rifle_m16a2_carbine,{F97A4AC994231900}Prefabs/Weapons/Rifles/M16/Rifle_M16A2_carbine.et,cash,1220,610,2,0,127,63,0,1,{6288A1F1A5E3AC37}Prefabs/Weapons/Attachments/Muzzle/FlashHider_M16A2/FlashHider_M16.et;{D8F2CA92583B23D3}Prefabs/Weapons/Magazines/Magazine_556x45_STANAG_30rnd_M855_M856_Last_5Tracer.et
rifle_m16a2_carbine_ap2k_olivegreen_sand_stripes,{EDE7F2CE157306AD}Prefabs/Weapons/Rifles/M16/Variants/Rifle_M16A2_carbine_AP2k_OliveGreen_Sand_Stripes.et,cash,1220,610,3,0,627,313,0,1,{519E60CCCDCA456A}Prefabs/Weapons/Attachments/Optics/Optic_AP2k/Collim_AP2k_OliveGreen_Sand_Stripes.et;{6288A1F1A5E3AC37}Prefabs/Weapons/Attachments/Muzzle/FlashHider_M16A2/FlashHider_M16.et;{D8F2CA92583B23D3}Prefabs/Weapons/Magazines/Magazine_556x45_STANAG_30rnd_M855_M856_Last_5Tracer.et
rifle_m16a2_carbine_m203,{EF73725A81669E2C}Prefabs/Weapons/Rifles/M16/Rifle_M16A2_carbine_M203.et,cash,1220,610,4,1,172,85,0,1,{AB268D088F2D6291}Prefabs/Weapons/Attachments/Underbarrel/UGL_M203_short.et;{1663496AE5B9F10B}Prefabs/Weapons/Ammo/Ammo_Grenade_HEDP_M433.et;{6288A1F1A5E3AC37}Prefabs/Weapons/Attachments/Muzzle/FlashHider_M16A2/FlashHider_M16.et;{D8F2CA92583B23D3}Prefabs/Weapons/Magazines/Magazine_556x45_STANAG_30rnd_M855_M856_Last_5Tracer.et
rifle_m16a2_carbine_m203_olivegreen_sand_stripes,{C417FBA57578B2E1}Prefabs/Weapons/Rifles/M16/Variants/Rifle_M16A2_carbine_M203_OliveGreen_Sand_Stripes.et,cash,1220,610,4,1,172,85,0,1,{D711F819F3271AC6}Prefabs/Weapons/Attachments/Underbarrel/UGL_M203_short_OliveGreen_Sand_Stripes.et;{1663496AE5B9F10B}Prefabs/Weapons/Ammo/Ammo_Grenade_HEDP_M433.et;{6288A1F1A5E3AC37}Prefabs/Weapons/Attachments/Muzzle/FlashHider_M16A2/FlashHider_M16.et;{D8F2CA92583B23D3}Prefabs/Weapons/Magazines/Magazine_556x45_STANAG_30rnd_M855_M856_Last_5Tracer.et
rifle_m16a2_carbine_m203_olivegreen_solid,{135044000CA7BF85}Prefabs/Weapons/Rifles/M16/Variants/Rifle_M16A2_carbine_M203_OliveGreen_Solid.et,cash,1220,610,4,1,172,85,0,1,{49CC4426C8671477}Prefabs/Weapons/Attachments/Underbarrel/UGL_M203_short_OliveGreen_Solid.et;{1663496AE5B9F10B}Prefabs/Weapons/Ammo/Ammo_Grenade_HEDP_M433.et;{6288A1F1A5E3AC37}Prefabs/Weapons/Attachments/Muzzle/FlashHider_M16A2/FlashHider_M16.et;{D8F2CA92583B23D3}Prefabs/Weapons/Magazines/Magazine_556x45_STANAG_30rnd_M855_M856_Last_5Tracer.et
rifle_m16a2_carbine_olivegreen_sand_stripes,{D7690D6BB82B50D7}Prefabs/Weapons/Rifles/M16/Variants/Rifle_M16A2_carbine_OliveGreen_Sand_Stripes.et,cash,1220,610,2,0,127,63,0,1,{6288A1F1A5E3AC37}Prefabs/Weapons/Attachments/Muzzle/FlashHider_M16A2/FlashHider_M16.et;{D8F2CA92583B23D3}Prefabs/Weapons/Magazines/Magazine_556x45_STANAG_30rnd_M855_M856_Last_5Tracer.et
rifle_m16a2_carbine_olivegreen_solid,{92A0764C4EDF7C14}Prefabs/Weapons/Rifles/M16/Variants/Rifle_M16A2_carbine_OliveGreen_Solid.et,cash,1220,610,2,0,127,63,0,1,{6288A1F1A5E3AC37}Prefabs/Weapons/Attachments/Muzzle/FlashHider_M16A2/FlashHider_M16.et;{D8F2CA92583B23D3}Prefabs/Weapons/Magazines/Magazine_556x45_STANAG_30rnd_M855_M856_Last_5Tracer.et
rifle_m16a2_carbine_suppressor_ap2k_olivegreen_sand_stripes,{877128FBE22FF2C9}Prefabs/Weapons/Rifles/M16/Variants/Rifle_M16A2_carbine_suppressor_AP2K_OliveGreen_Sand_Stripes.et,cash,1220,610,3,0,1727,863,1,1,{519E60CCCDCA456A}Prefabs/Weapons/Attachments/Optics/Optic_AP2k/Collim_AP2k_OliveGreen_Sand_Stripes.et;{ADDF08D09F1877A4}Prefabs/Weapons/Attachments/Muzzle/Suppressor_M16/Suppressor_M16_OliveGreen_Sand_Stripes.et;{2EBF60EF24B108FC}Prefabs/Weapons/Magazines/Magazine_556x45_STANAG_30rnd_M855_Ball.et
rifle_m16a2_carbine_suppressor_olivegreen_sand_stripes,{83CE659F2C763F28}Prefabs/Weapons/Rifles/M16/Variants/Rifle_M16A2_carbine_suppressor_OliveGreen_Sand_Stripes.et,cash,1220,610,2,0,1227,613,1,1,{ADDF08D09F1877A4}Prefabs/Weapons/Attachments/Muzzle/Suppressor_M16/Suppressor_M16_OliveGreen_Sand_Stripes.et;{2EBF60EF24B108FC}Prefabs/Weapons/Magazines/Magazine_556x45_STANAG_30rnd_M855_Ball.et
rifle_m16a2_carbine_weaver,{D6516486D998AA0B}Prefabs/Weapons/Rifles/M16/Rifle_M16A2_carbine_weaver.et,cash,1220,610,2,0,127,63,0,1,{6288A1F1A5E3AC37}Prefabs/Weapons/Attachments/Muzzle/FlashHider_M16A2/FlashHider_M16.et;{D8F2CA92583B23D3}Prefabs/Weapons/Magazines/Magazine_556x45_STANAG_30rnd_M855_M856_Last_5Tracer.et
rifle_m16a2_m203,{5A987A8A13763769}Prefabs/Weapons/Rifles/M16/Rifle_M16A2_M203.et,cash,900,450,4,1,172,85,0,1,{43FDAF3FA0FF2299}Prefabs/Weapons/Attachments/Underbarrel/UGL_M203_long.et;{1663496AE5B9F10B}Prefabs/Weapons/Ammo/Ammo_Grenade_HEDP_M433.et;{6288A1F1A5E3AC37}Prefabs/Weapons/Attachments/Muzzle/FlashHider_M16A2/FlashHider_M16.et;{D8F2CA92583B23D3}Prefabs/Weapons/Magazines/Magazine_556x45_STANAG_30rnd_M855_M856_Last_5Tracer.et
rifle_m16a2_m203_olivegreen_sand_stripes,{22529BCDC9439FCD}Prefabs/Weapons/Rifles/M16/Variants/Rifle_M16A2_M203_OliveGreen_Sand_Stripes.et,cash,900,450,4,1,172,85,0,1,{775E9992AF575338}Prefabs/Weapons/Attachments/Underbarrel/UGL_M203_long_OliveGreen_Sand_Stripes.et;{1663496AE5B9F10B}Prefabs/Weapons/Ammo/Ammo_Grenade_HEDP_M433.et;{6288A1F1A5E3AC37}Prefabs/Weapons/Attachments/Muzzle/FlashHider_M16A2/FlashHider_M16.et;{D8F2CA92583B23D3}Prefabs/Weapons/Magazines/Magazine_556x45_STANAG_30rnd_M855_M856_Last_5Tracer.et
rifle_m16a2_m203_olivegreen_solid,{D3F274F6E2A5A924}Prefabs/Weapons/Rifles/M16/Variants/Rifle_M16A2_M203_OliveGreen_Solid.et,cash,900,450,4,1,172,85,0,1,{6DE8BD5167F90D6D}Prefabs/Weapons/Attachments/Underbarrel/UGL_M203_long_OliveGreen_Solid.et;{1663496AE5B9F10B}Prefabs/Weapons/Ammo/Ammo_Grenade_HEDP_M433.et;{6288A1F1A5E3AC37}Prefabs/Weapons/Attachments/Muzzle/FlashHider_M16A2/FlashHider_M16.et;{D8F2CA92583B23D3}Prefabs/Weapons/Magazines/Magazine_556x45_STANAG_30rnd_M855_M856_Last_5Tracer.et
rifle_m16a2_olivegreen_sand_stripes,{B036BA26CCFE9E5D}Prefabs/Weapons/Rifles/M16/Variants/Rifle_M16A2_OliveGreen_Sand_Stripes.et,cash,900,450,2,0,127,63,0,1,{6288A1F1A5E3AC37}Prefabs/Weapons/Attachments/Muzzle/FlashHider_M16A2/FlashHider_M16.et;{D8F2CA92583B23D3}Prefabs/Weapons/Magazines/Magazine_556x45_STANAG_30rnd_M855_M856_Last_5Tracer.et
rifle_m16a2_olivegreen_solid,{F7571A26F55AD8EF}Prefabs/Weapons/Rifles/M16/Variants/Rifle_M16A2_OliveGreen_Solid.et,cash,900,450,2,0,127,63,0,1,{6288A1F1A5E3AC37}Prefabs/Weapons/Attachments/Muzzle/FlashHider_M16A2/FlashHider_M16.et;{D8F2CA92583B23D3}Prefabs/Weapons/Magazines/Magazine_556x45_STANAG_30rnd_M855_M856_Last_5Tracer.et
rifle_m16a2_suppressor_4x20_olivegreen_sand_stripes,{29DD901C0664FC61}Prefabs/Weapons/Rifles/M16/Variants/Rifle_M16A2_suppressor_4x20_OliveGreen_Sand_Stripes.et,cash,900,450,3,0,1477,738,1,1,{44AAA61117B6CA8E}Prefabs/Weapons/Attachments/Optics/Optic_4x20/Optic_4x20_OliveGreen_Sand_Stripes.et;{ADDF08D09F1877A4}Prefabs/Weapons/Attachments/Muzzle/Suppressor_M16/Suppressor_M16_OliveGreen_Sand_Stripes.et;{2EBF60EF24B108FC}Prefabs/Weapons/Magazines/Magazine_556x45_STANAG_30rnd_M855_Ball.et
rifle_m16a2_suppressor_m203_olivegreen_sand_stripes,{C29B073E2E583220}Prefabs/Weapons/Rifles/M16/Variants/Rifle_M16A2_suppressor_M203_OliveGreen_Sand_Stripes.et,cash,900,450,4,1,1272,635,1,1,{775E9992AF575338}Prefabs/Weapons/Attachments/Underbarrel/UGL_M203_long_OliveGreen_Sand_Stripes.et;{1663496AE5B9F10B}Prefabs/Weapons/Ammo/Ammo_Grenade_HEDP_M433.et;{ADDF08D09F1877A4}Prefabs/Weapons/Attachments/Muzzle/Suppressor_M16/Suppressor_M16_OliveGreen_Sand_Stripes.et;{2EBF60EF24B108FC}Prefabs/Weapons/Magazines/Magazine_556x45_STANAG_30rnd_M855_Ball.et
rifle_m16a2_weaver,{63A1A715AB34E0E9}Prefabs/Weapons/Rifles/M16/Rifle_M16A2_weaver.et,cash,1220,610,2,0,127,63,0,1,{6288A1F1A5E3AC37}Prefabs/Weapons/Attachments/Muzzle/FlashHider_M16A2/FlashHider_M16.et;{D8F2CA92583B23D3}Prefabs/Weapons/Magazines/Magazine_556x45_STANAG_30rnd_M855_M856_Last_5Tracer.et
rifle_m16a4,{7E9CD221A58D3ECB}Prefabs/Weapons/Rifles/M16/Rifle_M16A4.et,cash,1220,610,3,0,277,138,0,1,{CE36711D1B5D4EB8}Prefabs/Weapons/Attachments/Optics/m4a1_carry_handle/m4a1_carry_handle.et;{6288A1F1A5E3AC37}Prefabs/Weapons/Attachments/Muzzle/FlashHider_M16A2/FlashHider_M16.et;{DEDC311A2B0F9235}Prefabs/Weapons/Magazines/Magazine_556x45_STANAG_30rnd_M855A1_Last_5Tracer.et
rifle_m16a4_m203,{A77A68D971BAAB22}Prefabs/Weapons/Rifles/M16/Rifle_M16A4_M203.et,cash,1220,610,5,1,322,160,0,1,{CE36711D1B5D4EB8}Prefabs/Weapons/Attachments/Optics/m4a1_carry_handle/m4a1_carry_handle.et;{239CEF0C9AB5556E}Prefabs/Weapons/Attachments/Underbarrel/UGL_RHS_M203.et;{1663496AE5B9F10B}Prefabs/Weapons/Ammo/Ammo_Grenade_HEDP_M433.et;{6288A1F1A5E3AC37}Prefabs/Weapons/Attachments/Muzzle/FlashHider_M16A2/FlashHider_M16.et;{DEDC311A2B0F9235}Prefabs/Weapons/Magazines/Magazine_556x45_STANAG_30rnd_M855A1_Last_5Tracer.et
rifle_m16a4_m203_m4butt,{413ADB8E485E55C9}Prefabs/Weapons/Rifles/M16/Rifle_M16A4_M203_M4Butt.et,cash,1220,610,6,1,1702,850,1,1,{90A20A1ED92AD477}Prefabs/Weapons/Attachments/Optics/ta31rco/Optic_TA31RCO_ARD.et;{AAD55E46E75D3E1E}Prefabs/Weapons/Attachments/Underbarrel/UGL_RHS_M203_SU253.et;{1663496AE5B9F10B}Prefabs/Weapons/Ammo/Ammo_Grenade_HEDP_M433.et;{BF667B2E6FAE8C84}Prefabs/Weapons/Attachments/Misc/KacRailCover/KacRailCover_kit_m16a4_ras.et;{6288A1F1A5E3AC37}Prefabs/Weapons/Attachments/Muzzle/FlashHider_M16A2/FlashHider_M16.et;{DEDC311A2B0F9235}Prefabs/Weapons/Magazines/Magazine_556x45_STANAG_30rnd_M855A1_Last_5Tracer.et
rifle_m16a4_m4butt,{FFD0077342C99B22}Prefabs/Weapons/Rifles/M16/Rifle_M16A4_M4Butt.et,cash,1220,610,3,0,1627,813,1,1,{90A20A1ED92AD477}Prefabs/Weapons/Attachments/Optics/ta31rco/Optic_TA31RCO_ARD.et;{6288A1F1A5E3AC37}Prefabs/Weapons/Attachments/Muzzle/FlashHider_M16A2/FlashHider_M16.et;{DEDC311A2B0F9235}Prefabs/Weapons/Magazines/Magazine_556x45_STANAG_30rnd_M855A1_Last_5Tracer.et
rifle_m27iar,{66AAEDA477051298}Prefabs/Weapons/Rifles/M27IAR/Rifle_M27IAR.et,cash,3000,1500,2,0,127,63,0,1,{6288A1F1A5E3AC37}Prefabs/Weapons/Attachments/Muzzle/FlashHider_M16A2/FlashHider_M16.et;{A540E8600876C2A2}Prefabs/Weapons/Magazines/Pmag/Magazine_556x45_PmagWindowed_MCT_30rnd_M855A1_last5tracer.et
rifle_m27iar_camo1,{612DB63E3F817C92}Prefabs/Weapons/Rifles/M27IAR/Rifle_M27IAR_camo1.et,cash,3000,1500,2,0,127,63,0,1,{6288A1F1A5E3AC37}Prefabs/Weapons/Attachments/Muzzle/FlashHider_M16A2/FlashHider_M16.et;{A540E8600876C2A2}Prefabs/Weapons/Magazines/Pmag/Magazine_556x45_PmagWindowed_MCT_30rnd_M855A1_last5tracer.et
rifle_m27iar_su230,{D190F29521A9E6E0}Prefabs/Weapons/Rifles/M27IAR/Rifle_M27IAR_SU230.et,cash,3000,1500,5,0,4957,2478,1,1,{DA2AED4A5F958164}Prefabs/Weapons/Attachments/Optics/su230/Optic_SU230.et;{0FFFB0BCE1A21A2E}Prefabs/Weapons/Attachments/Lasers/anpeq16/Laser_ANPEQ16.et;{AC7B3B7978E96EDA}Prefabs/Weapons/Attachments/Misc/manta_railcover/manta_M27_kit1.et;{6288A1F1A5E3AC37}Prefabs/Weapons/Attachments/Muzzle/FlashHider_M16A2/FlashHider_M16.et;{A540E8600876C2A2}Prefabs/Weapons/Magazines/Pmag/Magazine_556x45_PmagWindowed_MCT_30rnd_M855A1_last5tracer.et
rifle_m27iar_ta31rco,{0761CE8644BBB28E}Prefabs/Weapons/Rifles/M27IAR/Rifle_M27IAR_TA31RCO.et,cash,3000,1500,5,0,4487,2243,1,1,{2518CA6044D6BBDD}Prefabs/Weapons/Attachments/Optics/ta31rco/Optic_TA31RCO.et;{0FFFB0BCE1A21A2E}Prefabs/Weapons/Attachments/Lasers/anpeq16/Laser_ANPEQ16.et;{9481F9BC663916A0}Prefabs/Weapons/Attachments/Misc/manta_railcover/kits/RHS_manta_kit_kacGrip_M27_1.et;{6288A1F1A5E3AC37}Prefabs/Weapons/Attachments/Muzzle/FlashHider_M16A2/FlashHider_M16.et;{A540E8600876C2A2}Prefabs/Weapons/Magazines/Pmag/Magazine_556x45_PmagWindowed_MCT_30rnd_M855A1_last5tracer.et
rifle_m27iar_ta31rco_ard,{D470A30BEA07EB55}Prefabs/Weapons/Rifles/M27IAR/Rifle_M27IAR_TA31RCO_ARD.et,cash,3000,1500,5,0,4457,2228,1,1,{90A20A1ED92AD477}Prefabs/Weapons/Attachments/Optics/ta31rco/Optic_TA31RCO_ARD.et;{0FFFB0BCE1A21A2E}Prefabs/Weapons/Attachments/Lasers/anpeq16/Laser_ANPEQ16.et;{AC7B3B7978E96EDA}Prefabs/Weapons/Attachments/Misc/manta_railcover/manta_M27_kit1.et;{6288A1F1A5E3AC37}Prefabs/Weapons/Attachments/Muzzle/FlashHider_M16A2/FlashHider_M16.et;{A540E8600876C2A2}Prefabs/Weapons/Magazines/Pmag/Magazine_556x45_PmagWindowed_MCT_30rnd_M855A1_last5tracer.et
rifle_m27iar_ta31rco_ard_nt4,{C34F897AB78E1900}Prefabs/Weapons/Rifles/M27IAR/Rifle_M27IAR_TA31RCO_ARD_NT4.et,cash,3000,1500,5,0,5957,2978,1,1,{90A20A1ED92AD477}Prefabs/Weapons/Attachments/Optics/ta31rco/Optic_TA31RCO_ARD.et;{0FFFB0BCE1A21A2E}Prefabs/Weapons/Attachments/Lasers/anpeq16/Laser_ANPEQ16.et;{AC7B3B7978E96EDA}Prefabs/Weapons/Attachments/Misc/manta_railcover/manta_M27_kit1.et;{B9C41AAC90570E50}Prefabs/Weapons/Attachments/Muzzle/KAC_NT4_QDSS/KAC_NT4_QDSS.et;{A540E8600876C2A2}Prefabs/Weapons/Magazines/Pmag/Magazine_556x45_PmagWindowed_MCT_30rnd_M855A1_last5tracer.et
rifle_m38sdmr,{D0F213711B925CF5}Prefabs/Weapons/Rifles/M27IAR/Rifle_M38SDMR.et,cash,3000,1500,5,0,6257,3128,1,1,{5D6774CB06C4B12B}Prefabs/Weapons/Attachments/Optics/ts30a2/optic_ts30a2.et;{0FFFB0BCE1A21A2E}Prefabs/Weapons/Attachments/Lasers/anpeq16/Laser_ANPEQ16.et;{23D34FB66BBC8BEE}Prefabs/Weapons/Attachments/Bipods/harris_bipod/rhs_lt706_harris.et;{B9C41AAC90570E50}Prefabs/Weapons/Attachments/Muzzle/KAC_NT4_QDSS/KAC_NT4_QDSS.et;{B5693611B92F0BAA}Prefabs/Weapons/Magazines/Pmag/Magazine_556x45_PmagWindowed_MCT_30rnd_M855A1.et
rifle_m38sdmr_camo,{FF9040719A465873}Prefabs/Weapons/Rifles/M27IAR/Rifle_M38SDMR_camo.et,cash,3000,1500,5,0,6257,3128,1,1,{B1C7EEC9ECD85AEC}Prefabs/Weapons/Attachments/Optics/ts30a2/optic_ts30a2_no_covers_camo.et;{0FFFB0BCE1A21A2E}Prefabs/Weapons/Attachments/Lasers/anpeq16/Laser_ANPEQ16.et;{23D34FB66BBC8BEE}Prefabs/Weapons/Attachments/Bipods/harris_bipod/rhs_lt706_harris.et;{B9C41AAC90570E50}Prefabs/Weapons/Attachments/Muzzle/KAC_NT4_QDSS/KAC_NT4_QDSS.et;{B5693611B92F0BAA}Prefabs/Weapons/Magazines/Pmag/Magazine_556x45_PmagWindowed_MCT_30rnd_M855A1.et
rifle_m38sdmr_manta_covers,{F070CED9F1D44F30}Prefabs/Weapons/Rifles/M27IAR/Rifle_M38SDMR_manta_covers.et,cash,3000,1500,6,0,6317,3158,1,1,{5D6774CB06C4B12B}Prefabs/Weapons/Attachments/Optics/ts30a2/optic_ts30a2.et;{9481F9BC663916A0}Prefabs/Weapons/Attachments/Misc/manta_railcover/kits/RHS_manta_kit_kacGrip_M27_1.et;{0FFFB0BCE1A21A2E}Prefabs/Weapons/Attachments/Lasers/anpeq16/Laser_ANPEQ16.et;{23D34FB66BBC8BEE}Prefabs/Weapons/Attachments/Bipods/harris_bipod/rhs_lt706_harris.et;{B9C41AAC90570E50}Prefabs/Weapons/Attachments/Muzzle/KAC_NT4_QDSS/KAC_NT4_QDSS.et;{B5693611B92F0BAA}Prefabs/Weapons/Magazines/Pmag/Magazine_556x45_PmagWindowed_MCT_30rnd_M855A1.et
rifle_m4_m203_ras,{02F0287D16BCAEE5}Prefabs/Weapons/Rifles/M4A1/Rifle_M4_M203_RAS.et,cash,1200,600,5,1,252,125,0,1,{CE36711D1B5D4EB8}Prefabs/Weapons/Attachments/Optics/m4a1_carry_handle/m4a1_carry_handle.et;{239CEF0C9AB5556E}Prefabs/Weapons/Attachments/Underbarrel/UGL_RHS_M203.et;{1663496AE5B9F10B}Prefabs/Weapons/Ammo/Ammo_Grenade_HEDP_M433.et;{5F800ED7D8D5B89E}Prefabs/Weapons/Rifles/M4A1/base_parts/RHS_M4_FLASHHIDER.et;{DEDC311A2B0F9235}Prefabs/Weapons/Magazines/Magazine_556x45_STANAG_30rnd_M855A1_Last_5Tracer.et
rifle_m4_ras,{D2C367D173B99BCC}Prefabs/Weapons/Rifles/M4A1/Rifle_M4_RAS.et,cash,1200,600,3,0,207,103,0,1,{CE36711D1B5D4EB8}Prefabs/Weapons/Attachments/Optics/m4a1_carry_handle/m4a1_carry_handle.et;{5F800ED7D8D5B89E}Prefabs/Weapons/Rifles/M4A1/base_parts/RHS_M4_FLASHHIDER.et;{DEDC311A2B0F9235}Prefabs/Weapons/Magazines/Magazine_556x45_STANAG_30rnd_M855A1_Last_5Tracer.et
rifle_m4a1_block_0,{5961913EE3FF9467}Prefabs/Weapons/Rifles/M4A1/Rifle_M4A1_BLOCK_0.et,cash,1200,600,3,0,105,52,0,1,{77A74F65BAEC73E2}Prefabs/Weapons/Attachments/Misc/KacRailCover/KacRailCover_kit_m4a1_ras.et;{5F800ED7D8D5B89E}Prefabs/Weapons/Rifles/M4A1/base_parts/RHS_M4_FLASHHIDER.et;{00F0B1FA28EF672B}Prefabs/Weapons/Magazines/Magazine_556x45_STANAG_SP_T_30rnd_M995.et
rifle_m4a1_block_0_nt4,{5961913EE3FF9466}Prefabs/Weapons/Rifles/M4A1/Rifle_M4A1_BLOCK_0_NT4.et,cash,3600,1800,3,0,1675,837,0,1,{77A74F65BAEC73E2}Prefabs/Weapons/Attachments/Misc/KacRailCover/KacRailCover_kit_m4a1_ras.et;{B9C41AAC90570E50}Prefabs/Weapons/Attachments/Muzzle/KAC_NT4_QDSS/KAC_NT4_QDSS.et;{00F0B1FA28EF672B}Prefabs/Weapons/Magazines/Magazine_556x45_STANAG_SP_T_30rnd_M995.et
rifle_m4a1_block_0_sopmod,{769834B5D7AF7506}Prefabs/Weapons/Rifles/M4A1/Rifle_M4A1_BLOCK_0_SOPMOD.et,cash,1200,600,3,0,87,43,0,1,{77A74F65BAEC73E2}Prefabs/Weapons/Attachments/Misc/KacRailCover/KacRailCover_kit_m4a1_ras.et;{5F800ED7D8D5B89E}Prefabs/Weapons/Rifles/M4A1/base_parts/RHS_M4_FLASHHIDER.et;{A0554460C6C95EA8}Prefabs/Weapons/Magazines/Magazine_556x45_STANAG_HP_B_30rnd_M855A1_last5tracer.et
rifle_m4a1_block_1,{BCFDDDC7EF1A030D}Prefabs/Weapons/Rifles/M4A1/Rifle_M4A1_BLOCK_1.et,cash,1200,600,4,0,367,183,0,1,{677E8A0792696783}Prefabs/Weapons/Attachments/Optics/mbus/mbus_blk_folding_sight_rear.et;{B05910AE5C2526DD}Prefabs/Weapons/Attachments/Optics/mbus/mbus_blk_folding_sight_front.et;{B74D593B0A51064C}Prefabs/Weapons/Attachments/Muzzle/SUREFIRE/SF_PRONG4.et;{C632D04DD25D3ABF}Prefabs/Weapons/Magazines/Pmag/Magazine_556x45_PmagWindowed_30rnd_M855A1.et
rifle_m4a1_block_1_blk,{8723C99D1D1F2CA2}Prefabs/Weapons/Rifles/M4A1/Rifle_M4A1_BLOCK_1_BLK.et,cash,1200,600,4,0,367,183,0,1,{677E8A0792696783}Prefabs/Weapons/Attachments/Optics/mbus/mbus_blk_folding_sight_rear.et;{B05910AE5C2526DD}Prefabs/Weapons/Attachments/Optics/mbus/mbus_blk_folding_sight_front.et;{B74D593B0A51064C}Prefabs/Weapons/Attachments/Muzzle/SUREFIRE/SF_PRONG4.et;{C632D04DD25D3ABF}Prefabs/Weapons/Magazines/Pmag/Magazine_556x45_PmagWindowed_30rnd_M855A1.et
rifle_m4a1_block_1_ion,{DA497CDFE0AFF685}Prefabs/Weapons/Rifles/M4A1/Variants/ION/Rifle_M4A1_BLOCK_1_ION.et,cash,1760,880,4,0,367,183,0,1,{677E8A0792696783}Prefabs/Weapons/Attachments/Optics/mbus/mbus_blk_folding_sight_rear.et;{B05910AE5C2526DD}Prefabs/Weapons/Attachments/Optics/mbus/mbus_blk_folding_sight_front.et;{B74D593B0A51064C}Prefabs/Weapons/Attachments/Muzzle/SUREFIRE/SF_PRONG4.et;{C632D04DD25D3ABF}Prefabs/Weapons/Magazines/Pmag/Magazine_556x45_PmagWindowed_30rnd_M855A1.et
rifle_m4a1_block_1_ion_v2,{B725DFA63AE46776}Prefabs/Weapons/Rifles/M4A1/Variants/ION/Rifle_M4A1_BLOCK_1_ION_V2.et,cash,1760,880,5,0,1267,633,0,1,{4268B2077766E8C7}Prefabs/Weapons/Attachments/Optics/aimpoint_t1/Optic_t1_high.et;{677E8A0792696783}Prefabs/Weapons/Attachments/Optics/mbus/mbus_blk_folding_sight_rear.et;{B05910AE5C2526DD}Prefabs/Weapons/Attachments/Optics/mbus/mbus_blk_folding_sight_front.et;{B74D593B0A51064C}Prefabs/Weapons/Attachments/Muzzle/SUREFIRE/SF_PRONG4.et;{C632D04DD25D3ABF}Prefabs/Weapons/Magazines/Pmag/Magazine_556x45_PmagWindowed_30rnd_M855A1.et
rifle_m4a1_block_1_nt4,{B41250C7E1720F92}Prefabs/Weapons/Rifles/M4A1/Rifle_M4A1_BLOCK_1_NT4.et,cash,1200,600,4,0,1467,733,1,1,{677E8A0792696783}Prefabs/Weapons/Attachments/Optics/mbus/mbus_blk_folding_sight_rear.et;{B05910AE5C2526DD}Prefabs/Weapons/Attachments/Optics/mbus/mbus_blk_folding_sight_front.et;{6188691D38DA6E2D}Prefabs/Weapons/Attachments/Muzzle/SUREFIRE/SF_RC2.et;{C632D04DD25D3ABF}Prefabs/Weapons/Magazines/Pmag/Magazine_556x45_PmagWindowed_30rnd_M855A1.et
rifle_m4a1_block_1_nt4_blk,{46910ACCC67C2DF6}Prefabs/Weapons/Rifles/M4A1/Rifle_M4A1_BLOCK_1_NT4_BLK.et,cash,1200,600,4,0,1467,733,1,1,{677E8A0792696783}Prefabs/Weapons/Attachments/Optics/mbus/mbus_blk_folding_sight_rear.et;{B05910AE5C2526DD}Prefabs/Weapons/Attachments/Optics/mbus/mbus_blk_folding_sight_front.et;{CB2ED665F4671DDA}Prefabs/Weapons/Attachments/Muzzle/SUREFIRE/SF_RC3.et;{C632D04DD25D3ABF}Prefabs/Weapons/Magazines/Pmag/Magazine_556x45_PmagWindowed_30rnd_M855A1.et
rifle_m4a1_block_ii,{14BAB2D9F6F782D8}Prefabs/Weapons/Rifles/M4A1/Rifle_M4A1_BLOCK_II.et,cash,1200,600,4,0,367,183,0,1,{677E8A0792696783}Prefabs/Weapons/Attachments/Optics/mbus/mbus_blk_folding_sight_rear.et;{B05910AE5C2526DD}Prefabs/Weapons/Attachments/Optics/mbus/mbus_blk_folding_sight_front.et;{B74D593B0A51064C}Prefabs/Weapons/Attachments/Muzzle/SUREFIRE/SF_PRONG4.et;{C632D04DD25D3ABF}Prefabs/Weapons/Magazines/Pmag/Magazine_556x45_PmagWindowed_30rnd_M855A1.et
rifle_m4a1_block_ii_black,{9B40415563B9F280}Prefabs/Weapons/Rifles/M4A1/Rifle_M4A1_BLOCK_II_Black.et,cash,1200,600,4,0,367,183,0,1,{677E8A0792696783}Prefabs/Weapons/Attachments/Optics/mbus/mbus_blk_folding_sight_rear.et;{B05910AE5C2526DD}Prefabs/Weapons/Attachments/Optics/mbus/mbus_blk_folding_sight_front.et;{B74D593B0A51064C}Prefabs/Weapons/Attachments/Muzzle/SUREFIRE/SF_PRONG4.et;{C632D04DD25D3ABF}Prefabs/Weapons/Magazines/Pmag/Magazine_556x45_PmagWindowed_30rnd_M855A1.et
rifle_m4a1_block_ii_fsp,{C79925F5C56369CF}Prefabs/Weapons/Rifles/M4A1/Rifle_M4A1_BLOCK_II_FSP.et,cash,1200,600,3,0,247,123,0,1,{677E8A0792696783}Prefabs/Weapons/Attachments/Optics/mbus/mbus_blk_folding_sight_rear.et;{B74D593B0A51064C}Prefabs/Weapons/Attachments/Muzzle/SUREFIRE/SF_PRONG4.et;{C632D04DD25D3ABF}Prefabs/Weapons/Magazines/Pmag/Magazine_556x45_PmagWindowed_30rnd_M855A1.et
rifle_m4a1_block_ii_fsp_black,{E118EA546952A487}Prefabs/Weapons/Rifles/M4A1/Rifle_M4A1_BLOCK_II_FSP_Black.et,cash,1200,600,3,0,247,123,0,1,{677E8A0792696783}Prefabs/Weapons/Attachments/Optics/mbus/mbus_blk_folding_sight_rear.et;{B74D593B0A51064C}Prefabs/Weapons/Attachments/Muzzle/SUREFIRE/SF_PRONG4.et;{C632D04DD25D3ABF}Prefabs/Weapons/Magazines/Pmag/Magazine_556x45_PmagWindowed_30rnd_M855A1.et
rifle_m4a1_block_ii_fsp_ion,{26701B3AF0242526}Prefabs/Weapons/Rifles/M4A1/Variants/ION/Rifle_M4A1_BLOCK_II_FSP_ION.et,cash,1760,880,3,0,247,123,0,1,{677E8A0792696783}Prefabs/Weapons/Attachments/Optics/mbus/mbus_blk_folding_sight_rear.et;{B74D593B0A51064C}Prefabs/Weapons/Attachments/Muzzle/SUREFIRE/SF_PRONG4.et;{C632D04DD25D3ABF}Prefabs/Weapons/Magazines/Pmag/Magazine_556x45_PmagWindowed_30rnd_M855A1.et
rifle_m4a1_block_ii_ion_1,{D1B62DF626F6AA74}Prefabs/Weapons/Rifles/M4A1/Variants/ION/Rifle_M4A1_BLOCK_II_ION_1.et,cash,1760,880,4,0,367,183,0,1,{677E8A0792696783}Prefabs/Weapons/Attachments/Optics/mbus/mbus_blk_folding_sight_rear.et;{B05910AE5C2526DD}Prefabs/Weapons/Attachments/Optics/mbus/mbus_blk_folding_sight_front.et;{B74D593B0A51064C}Prefabs/Weapons/Attachments/Muzzle/SUREFIRE/SF_PRONG4.et;{C632D04DD25D3ABF}Prefabs/Weapons/Magazines/Pmag/Magazine_556x45_PmagWindowed_30rnd_M855A1.et
rifle_m4a1_block_ii_su230,{EA69842DEA2391A6}Prefabs/Weapons/Rifles/M4A1/Rifle_M4A1_BLOCK_II_SU230.et,cash,1200,600,8,1,4427,2213,1,1,{7A5A21F5F2F508CA}Prefabs/Weapons/Attachments/Optics/su230/Optic_SU230_tan.et;{9A185BC14F1166B4}Prefabs/Weapons/Attachments/Lasers/anpeq15/Laser_ANPEQ15_tan.et;{A62F1332EFC35258}Prefabs/Weapons/Attachments/Misc/KacRailCover/KacRailCover_grip.et;{743EDE2DDD638EE0}Prefabs/Weapons/Attachments/Misc/KacRailCover/KacRailCover_m4a1_block2.et;{677E8A0792696783}Prefabs/Weapons/Attachments/Optics/mbus/mbus_blk_folding_sight_rear.et;{B05910AE5C2526DD}Prefabs/Weapons/Attachments/Optics/mbus/mbus_blk_folding_sight_front.et;{B74D593B0A51064C}Prefabs/Weapons/Attachments/Muzzle/SUREFIRE/SF_PRONG4.et;{C632D04DD25D3ABF}Prefabs/Weapons/Magazines/Pmag/Magazine_556x45_PmagWindowed_30rnd_M855A1.et
rifle_m4a1_converted,{ECF28783F3CE1B81}Prefabs/Weapons/Rifles/M4A1/Rifle_M4A1_Converted.et,cash,1200,600,3,0,207,103,0,1,{CE36711D1B5D4EB8}Prefabs/Weapons/Attachments/Optics/m4a1_carry_handle/m4a1_carry_handle.et;{5F800ED7D8D5B89E}Prefabs/Weapons/Rifles/M4A1/base_parts/RHS_M4_FLASHHIDER.et;{DEDC311A2B0F9235}Prefabs/Weapons/Magazines/Magazine_556x45_STANAG_30rnd_M855A1_Last_5Tracer.et
rifle_m4a1_kac600,{9BA111B8875A1556}Prefabs/Weapons/Rifles/M4A1/Rifle_M4A1_kac600.et,cash,1200,600,3,0,307,153,0,1,{41F3C10C4FEBC1FF}Prefabs/Weapons/Attachments/Optics/kac_folding_sights_600/kac_folding_sight_600_rear.et;{5F800ED7D8D5B89E}Prefabs/Weapons/Rifles/M4A1/base_parts/RHS_M4_FLASHHIDER.et;{A0554460C6C95EA8}Prefabs/Weapons/Magazines/Magazine_556x45_STANAG_HP_B_30rnd_M855A1_last5tracer.et
rifle_m4a1_m203_block_ii,{00D6DCF68C664480}Prefabs/Weapons/Rifles/M4A1/Rifle_M4A1_M203_BLOCK_II.et,cash,1200,600,6,1,412,205,0,1,{4DD1D0DE5F83BA8F}Prefabs/Weapons/Attachments/Underbarrel/UGL_RHS_M203_SU253_tan.et;{1663496AE5B9F10B}Prefabs/Weapons/Ammo/Ammo_Grenade_HEDP_M433.et;{677E8A0792696783}Prefabs/Weapons/Attachments/Optics/mbus/mbus_blk_folding_sight_rear.et;{B05910AE5C2526DD}Prefabs/Weapons/Attachments/Optics/mbus/mbus_blk_folding_sight_front.et;{B74D593B0A51064C}Prefabs/Weapons/Attachments/Muzzle/SUREFIRE/SF_PRONG4.et;{C632D04DD25D3ABF}Prefabs/Weapons/Magazines/Pmag/Magazine_556x45_PmagWindowed_30rnd_M855A1.et
rifle_m4a1_m203_ras,{C834F1F810DDF0A1}Prefabs/Weapons/Rifles/M4A1/Rifle_M4A1_M203_RAS.et,cash,1200,600,6,1,282,140,0,1,{CE36711D1B5D4EB8}Prefabs/Weapons/Attachments/Optics/m4a1_carry_handle/m4a1_carry_handle.et;{239CEF0C9AB5556E}Prefabs/Weapons/Attachments/Underbarrel/UGL_RHS_M203.et;{1663496AE5B9F10B}Prefabs/Weapons/Ammo/Ammo_Grenade_HEDP_M433.et;{77A74F65BAEC73E2}Prefabs/Weapons/Attachments/Misc/KacRailCover/KacRailCover_kit_m4a1_ras.et;{5F800ED7D8D5B89E}Prefabs/Weapons/Rifles/M4A1/base_parts/RHS_M4_FLASHHIDER.et;{825BCF0CB21B9C0F}Prefabs/Weapons/Magazines/Magazine_556x45_STANAG_HP_T_30rnd_M855A1_last5tracer.et
rifle_m4a1_m203_ras_ta31rco_peq,{251867FE9963CB67}Prefabs/Weapons/Rifles/M4A1/Rifle_M4A1_M203_RAS_TA31RCO_PEQ.et,cash,1200,600,6,1,4402,2200,1,1,{2518CA6044D6BBDD}Prefabs/Weapons/Attachments/Optics/ta31rco/Optic_TA31RCO.et;{239CEF0C9AB5556E}Prefabs/Weapons/Attachments/Underbarrel/UGL_RHS_M203.et;{1663496AE5B9F10B}Prefabs/Weapons/Ammo/Ammo_Grenade_HEDP_M433.et;{0FFFB0BCE1A21A2E}Prefabs/Weapons/Attachments/Lasers/anpeq16/Laser_ANPEQ16.et;{5F800ED7D8D5B89E}Prefabs/Weapons/Rifles/M4A1/base_parts/RHS_M4_FLASHHIDER.et;{A540E8600876C2A2}Prefabs/Weapons/Magazines/Pmag/Magazine_556x45_PmagWindowed_MCT_30rnd_M855A1_last5tracer.et
rifle_m4a1_ras,{068C2EB42635973F}Prefabs/Weapons/Rifles/M4A1/Rifle_M4A1_RAS.et,cash,1200,600,5,0,297,148,0,1,{CE36711D1B5D4EB8}Prefabs/Weapons/Attachments/Optics/m4a1_carry_handle/m4a1_carry_handle.et;{A62F1332EFC35258}Prefabs/Weapons/Attachments/Misc/KacRailCover/KacRailCover_grip.et;{77A74F65BAEC73E2}Prefabs/Weapons/Attachments/Misc/KacRailCover/KacRailCover_kit_m4a1_ras.et;{5F800ED7D8D5B89E}Prefabs/Weapons/Rifles/M4A1/base_parts/RHS_M4_FLASHHIDER.et;{DEDC311A2B0F9235}Prefabs/Weapons/Magazines/Magazine_556x45_STANAG_30rnd_M855A1_Last_5Tracer.et
rifle_m4a1_ras_ergo,{4AF0459B888B0608}Prefabs/Weapons/Rifles/M4A1/Rifle_M4A1_RAS_ERGO.et,cash,1200,600,3,0,195,97,0,1,{77A74F65BAEC73E2}Prefabs/Weapons/Attachments/Misc/KacRailCover/KacRailCover_kit_m4a1_ras.et;{5F800ED7D8D5B89E}Prefabs/Weapons/Rifles/M4A1/base_parts/RHS_M4_FLASHHIDER.et;{CB021BBC7B60022E}Prefabs/Weapons/Magazines/Pmag/Magazine_556x45_PmagWindowed_MCB_30rnd_M855A1_last5tracer.et
rifle_m4a1_ras_ergo_afg,{99DD9E1422471C85}Prefabs/Weapons/Rifles/M4A1/Rifle_M4A1_RAS_ERGO_AFG.et,cash,1200,600,3,0,195,97,0,1,{77A74F65BAEC73E2}Prefabs/Weapons/Attachments/Misc/KacRailCover/KacRailCover_kit_m4a1_ras.et;{5F800ED7D8D5B89E}Prefabs/Weapons/Rifles/M4A1/base_parts/RHS_M4_FLASHHIDER.et;{CB021BBC7B60022E}Prefabs/Weapons/Magazines/Pmag/Magazine_556x45_PmagWindowed_MCB_30rnd_M855A1_last5tracer.et
rifle_m4a1_ras_ergo_afg_nt4,{91D46D00EA3DA094}Prefabs/Weapons/Rifles/M4A1/Rifle_M4A1_RAS_ERGO_AFG_NT4.et,cash,1200,600,3,0,1765,882,1,1,{77A74F65BAEC73E2}Prefabs/Weapons/Attachments/Misc/KacRailCover/KacRailCover_kit_m4a1_ras.et;{B9C41AAC90570E50}Prefabs/Weapons/Attachments/Muzzle/KAC_NT4_QDSS/KAC_NT4_QDSS.et;{CB021BBC7B60022E}Prefabs/Weapons/Magazines/Pmag/Magazine_556x45_PmagWindowed_MCB_30rnd_M855A1_last5tracer.et
rifle_m4a1_sopmod,{31BF4B7BED6BCB56}Prefabs/Weapons/Rifles/M4A1/Rifle_M4A1_SOPMOD.et,cash,1200,600,3,0,207,103,0,1,{CE36711D1B5D4EB8}Prefabs/Weapons/Attachments/Optics/m4a1_carry_handle/m4a1_carry_handle.et;{5F800ED7D8D5B89E}Prefabs/Weapons/Rifles/M4A1/base_parts/RHS_M4_FLASHHIDER.et;{DEDC311A2B0F9235}Prefabs/Weapons/Magazines/Magazine_556x45_STANAG_30rnd_M855A1_Last_5Tracer.et
rifle_m4a1_urgi_103_base,{34402403CE41BA70}Prefabs/Weapons/Rifles/M4A1/URG-I/Rifle_M4A1_URGI_103_base.et,cash,1200,600,4,0,477,238,0,1,{6DEFD1FC33F797A1}Prefabs/Weapons/Attachments/Optics/matech/RHS_Matech.et;{BC01D4724626132E}Prefabs/Weapons/Attachments/Optics/kac_folding_sights_600/kac_folding_sight_front.et;{B74D593B0A51064C}Prefabs/Weapons/Attachments/Muzzle/SUREFIRE/SF_PRONG4.et;{C632D04DD25D3ABF}Prefabs/Weapons/Magazines/Pmag/Magazine_556x45_PmagWindowed_30rnd_M855A1.et
rifle_m4a1_urgi_103_ris_base,{6339037332EC01A1}Prefabs/Weapons/Rifles/M4A1/URG-I/Rifle_M4A1_URGI_103_RIS_base.et,cash,1200,600,4,0,477,238,0,1,{6DEFD1FC33F797A1}Prefabs/Weapons/Attachments/Optics/matech/RHS_Matech.et;{BC01D4724626132E}Prefabs/Weapons/Attachments/Optics/kac_folding_sights_600/kac_folding_sight_front.et;{B74D593B0A51064C}Prefabs/Weapons/Attachments/Muzzle/SUREFIRE/SF_PRONG4.et;{C632D04DD25D3ABF}Prefabs/Weapons/Magazines/Pmag/Magazine_556x45_PmagWindowed_30rnd_M855A1.et
rifle_m4a1_urgi_115_base,{51744F43314D37AB}Prefabs/Weapons/Rifles/M4A1/URG-I/Rifle_M4A1_URGI_115_base.et,cash,1200,600,4,0,477,238,0,1,{6DEFD1FC33F797A1}Prefabs/Weapons/Attachments/Optics/matech/RHS_Matech.et;{BC01D4724626132E}Prefabs/Weapons/Attachments/Optics/kac_folding_sights_600/kac_folding_sight_front.et;{B74D593B0A51064C}Prefabs/Weapons/Attachments/Muzzle/SUREFIRE/SF_PRONG4.et;{C632D04DD25D3ABF}Prefabs/Weapons/Magazines/Pmag/Magazine_556x45_PmagWindowed_30rnd_M855A1.et
rifle_m4a1_urgi_115_ris_base,{CB1705DA13B2FA4A}Prefabs/Weapons/Rifles/M4A1/URG-I/Rifle_M4A1_URGI_115_RIS_base.et,cash,1200,600,7,0,3607,1803,1,1,{4AF36B835267F3ED}Prefabs/Weapons/Attachments/Optics/exps/Optic_su231A_tan.et;{9A185BC14F1166B4}Prefabs/Weapons/Attachments/Lasers/anpeq15/Laser_ANPEQ15_tan.et;{6DEFD1FC33F797A1}Prefabs/Weapons/Attachments/Optics/matech/RHS_Matech.et;{BC01D4724626132E}Prefabs/Weapons/Attachments/Optics/kac_folding_sights_600/kac_folding_sight_front.et;{005374A5149FAC4F}Prefabs/Weapons/Attachments/Lights/Light_m300c_tan.et;{5F800ED7D8D5B89E}Prefabs/Weapons/Rifles/M4A1/base_parts/RHS_M4_FLASHHIDER.et;{B5693611B92F0BAA}Prefabs/Weapons/Magazines/Pmag/Magazine_556x45_PmagWindowed_MCT_30rnd_M855A1.et
rifle_m4a1_urgi_145_base,{79B244D3121AD187}Prefabs/Weapons/Rifles/M4A1/URG-I/Rifle_M4A1_URGI_145_base.et,cash,1200,600,4,0,477,238,0,1,{6DEFD1FC33F797A1}Prefabs/Weapons/Attachments/Optics/matech/RHS_Matech.et;{BC01D4724626132E}Prefabs/Weapons/Attachments/Optics/kac_folding_sights_600/kac_folding_sight_front.et;{B74D593B0A51064C}Prefabs/Weapons/Attachments/Muzzle/SUREFIRE/SF_PRONG4.et;{C632D04DD25D3ABF}Prefabs/Weapons/Magazines/Pmag/Magazine_556x45_PmagWindowed_30rnd_M855A1.et
rifle_m4a1_urgi_145_ris_base,{47CFE9AA1313903B}Prefabs/Weapons/Rifles/M4A1/URG-I/Rifle_M4A1_URGI_145_RIS_base.et,cash,1200,600,5,0,2477,1238,1,1,{9A185BC14F1166B4}Prefabs/Weapons/Attachments/Lasers/anpeq15/Laser_ANPEQ15_tan.et;{6DEFD1FC33F797A1}Prefabs/Weapons/Attachments/Optics/matech/RHS_Matech.et;{BC01D4724626132E}Prefabs/Weapons/Attachments/Optics/kac_folding_sights_600/kac_folding_sight_front.et;{B74D593B0A51064C}Prefabs/Weapons/Attachments/Muzzle/SUREFIRE/SF_PRONG4.et;{C632D04DD25D3ABF}Prefabs/Weapons/Magazines/Pmag/Magazine_556x45_PmagWindowed_30rnd_M855A1.et
rifle_sr3m,{11F3A285A6F1F51D}Prefabs/Weapons/Rifles/SR3M/Rifle_SR3M.et,cash,3000,1500,1,0,45,22,0,1,{91836E59CE2497BC}Prefabs/Weapons/Magazines/sr3m_magazine_30rnd/Magazine_9x39_SR3M_30rnd_SP5_base.et
rifle_sr3m_blk,{BBBD9F366D118FDF}Prefabs/Weapons/Rifles/SR3M/Rifle_SR3M_blk.et,cash,3000,1500,1,0,45,22,0,1,{91836E59CE2497BC}Prefabs/Weapons/Magazines/sr3m_magazine_30rnd/Magazine_9x39_SR3M_30rnd_SP5_base.et
rifle_sr3m_d,{21958F3480B666A0}Prefabs/Weapons/Rifles/SR3M/Rifle_SR3M_d.et,cash,3000,1500,1,0,45,22,0,1,{91836E59CE2497BC}Prefabs/Weapons/Magazines/sr3m_magazine_30rnd/Magazine_9x39_SR3M_30rnd_SP5_base.et
rifle_sr3m_pso1,{A0202A98A319F80D}Prefabs/Weapons/Rifles/SR3M/Rifle_SR3M_PSO1.et,cash,3000,1500,2,0,295,147,0,1,{A1D5833FF10C6503}Prefabs/Weapons/Attachments/Optics/Optic_PSO1/Optic_PSO1M2.et;{91836E59CE2497BC}Prefabs/Weapons/Magazines/sr3m_magazine_30rnd/Magazine_9x39_SR3M_30rnd_SP5_base.et
rifle_sr3m_supr,{EE239B5D7297A414}Prefabs/Weapons/Rifles/SR3M/Rifle_SR3M_supr.et,cash,3000,1500,2,0,1245,622,0,1,{94909AABD52A245E}Prefabs/Weapons/Attachments/Muzzle/SR3M_Supressor/Supressor_SR3M.et;{91836E59CE2497BC}Prefabs/Weapons/Magazines/sr3m_magazine_30rnd/Magazine_9x39_SR3M_30rnd_SP5_base.et
rifle_sr3m_wd,{07115F3FCE86BDB7}Prefabs/Weapons/Rifles/SR3M/Rifle_SR3M_wd.et,cash,3000,1500,1,0,45,22,0,1,{91836E59CE2497BC}Prefabs/Weapons/Magazines/sr3m_magazine_30rnd/Magazine_9x39_SR3M_30rnd_SP5_base.et
rifle_vz58p,{9C948630078D154D}Prefabs/Weapons/Rifles/VZ58/Rifle_VZ58P.et,cash,600,300,1,0,15,7,0,1,{A827B610B7CD4158}Prefabs/Weapons/Magazines/Vz58/Magazine_762x39_Vz58_30rnd_Last_5Tracer.et
rifle_vz58v,{443CEFF17E040B11}Prefabs/Weapons/Rifles/VZ58/Rifle_VZ58V.et,cash,600,300,1,0,15,7,0,1,{A827B610B7CD4158}Prefabs/Weapons/Magazines/Vz58/Magazine_762x39_Vz58_30rnd_Last_5Tracer.et
rifle_m16a4_dmr,{D98558D3D0BEF646}Prefabs/Weapons/Rifles/M16/Rifle_M16A4_DMR.et,cash,1500,750,7,1,4885,2442,1,1,{6DC0EE135013FC47}Prefabs/Weapons/Attachments/Optics/ts30a2/optic_ts30a2_base.et;{A62F1332EFC35258}Prefabs/Weapons/Attachments/Misc/KacRailCover/KacRailCover_grip.et;{41F3C10C4FEBC1FF}Prefabs/Weapons/Attachments/Optics/kac_folding_sights_600/kac_folding_sight_600_rear.et;{0FFFB0BCE1A21A2E}Prefabs/Weapons/Attachments/Lasers/anpeq16/Laser_ANPEQ16.et;{23D34FB66BBC8BEE}Prefabs/Weapons/Attachments/Bipods/harris_bipod/rhs_lt706_harris.et;{B9C41AAC90570E50}Prefabs/Weapons/Attachments/Muzzle/KAC_NT4_QDSS/KAC_NT4_QDSS.et;{8C5F6352B5C92024}Prefabs/Weapons/Magazines/Pmag/Magazine_556x45_PmagWindowed_MCT_30rnd_MK262.et
rifle_m21,{B31929F65F0D0279}Prefabs/Weapons/Rifles/M14/Rifle_M21.et,cash,2000,1000,1,0,39,19,0,1,{627255315038152A}Prefabs/Weapons/Magazines/Magazine_762x51_M14_20rnd_SpecialBall.et
rifle_m21_artii,{81EB948E6414BD6F}Prefabs/Weapons/Rifles/M14/Rifle_M21_ARTII.et,cash,2000,1000,2,0,1539,769,0,1,{D2018EDB1BBF4C88}Prefabs/Weapons/Attachments/Optics/Optic_ARTII/Optic_ARTII.et;{627255315038152A}Prefabs/Weapons/Magazines/Magazine_762x51_M14_20rnd_SpecialBall.et
rifle_m21_artii_olivegreen_sand_stripes,{F765DED3699B6B4C}Prefabs/Weapons/Rifles/M14/Rifle_M21_ARTII_OliveGreen_Sand_Stripes.et,cash,2000,1000,2,0,1539,769,0,1,{78E6C499CFFB8882}Prefabs/Weapons/Attachments/Optics/Optic_ARTII/Optic_ARTII_OliveGreen_Sand_Stripes.et;{627255315038152A}Prefabs/Weapons/Magazines/Magazine_762x51_M14_20rnd_SpecialBall.et
rifle_m21_artii_olivegreen_sand_stripes_wrapped,{DD17D4BC320A94C8}Prefabs/Weapons/Rifles/M14/Rifle_M21_ARTII_OliveGreen_Sand_Stripes_Wrapped.et,cash,3600,1800,2,0,1539,769,0,1,{304664561B760EE0}Prefabs/Weapons/Attachments/Optics/Optic_ARTII/Optic_ARTII_OliveGreen_Sand_Stripes_Wrapped.et;{627255315038152A}Prefabs/Weapons/Magazines/Magazine_762x51_M14_20rnd_SpecialBall.et
rifle_m21_olivegreen_sand_stripes,{6EDAE05DF7CC8E78}Prefabs/Weapons/Rifles/M14/Rifle_M21_OliveGreen_Sand_Stripes.et,cash,2000,1000,1,0,39,19,0,1,{627255315038152A}Prefabs/Weapons/Magazines/Magazine_762x51_M14_20rnd_SpecialBall.et
rifle_m21_olivegreen_sand_stripes_wrapped,{8D6553BEAF8640D1}Prefabs/Weapons/Rifles/M14/Rifle_M21_OliveGreen_Sand_Stripes_Wrapped.et,cash,3600,1800,1,0,39,19,0,1,{627255315038152A}Prefabs/Weapons/Magazines/Magazine_762x51_M14_20rnd_SpecialBall.et
rifle_m40a5,{9A2AA760B16BCDBE}Prefabs/Weapons/Rifles/M40/Rifle_M40A5.et,cash,6000,3000,1,0,21,10,0,1,{0EC215F0EB3288A6}Prefabs/Weapons/Magazines/Magazine_762x51_M40_5rnd_Base.et
rifle_m40a5_optic,{8909A91CFF369BB3}Prefabs/Weapons/Rifles/M40/Rifle_M40A5_Optic.et,cash,6000,3000,2,0,3521,1760,0,1,{333A794F0B55C019}Prefabs/Weapons/Attachments/Optics/m8541/Optic_M8541.et;{0EC215F0EB3288A6}Prefabs/Weapons/Magazines/Magazine_762x51_M40_5rnd_Base.et
rifle_m40a5_thermal,{B65DCFEFE63F121D}Prefabs/Weapons/Rifles/M40/Rifle_M40A5_Thermal.et,cash,6000,3000,2,0,9021,4510,1,1,{22E51EE7DB41E2F0}Prefabs/Weapons/Attachments/Optics/reap_ir/snipe_ir_m40.et;{0EC215F0EB3288A6}Prefabs/Weapons/Magazines/Magazine_762x51_M40_5rnd_Base.et
rifle_svd,{3EB02CDAD5F23C82}Prefabs/Weapons/Rifles/SVD/Rifle_SVD.et,cash,2000,1000,1,0,39,19,0,1,{9CCB46C6EE632C1A}Prefabs/Weapons/Magazines/Magazine_762x54_SVD_10rnd_Sniper.et
rifle_svd_1p21,{F44A9C628408B6CF}Prefabs/Weapons/Rifles/SVD/Rifle_SVD_1P21.et,cash,2000,1000,2,0,639,319,0,1,{695AAA77F84EB238}Prefabs/Weapons/Attachments/Optics/1p21/Optic_1P21.et;{9CCB46C6EE632C1A}Prefabs/Weapons/Magazines/Magazine_762x54_SVD_10rnd_Sniper.et
rifle_svd_1pn93,{455E257F80BE6C1B}Prefabs/Weapons/Rifles/SVD/Rifle_SVD_1pn93.et,cash,2000,1000,2,0,2539,1269,1,1,{10DEE0CBAB258B0D}Prefabs/Weapons/Attachments/Optics/1pn93/Optic_1PN93-3SVD.et;{9CCB46C6EE632C1A}Prefabs/Weapons/Magazines/Magazine_762x54_SVD_10rnd_Sniper.et
rifle_svd_pso,{6415B7923DE28C1B}Prefabs/Weapons/Rifles/SVD/Rifle_SVD_PSO.et,cash,2000,1000,2,0,289,144,0,1,{C850A33226B8F9C1}Prefabs/Weapons/Attachments/Optics/Optic_PSO1/Optic_PSO1.et;{9CCB46C6EE632C1A}Prefabs/Weapons/Magazines/Magazine_762x54_SVD_10rnd_Sniper.et
rifle_svd_pso_7n14,{C828F6D563E1A9BE}Prefabs/Weapons/Rifles/SVD/Rifle_SVD_PSO_7N14.et,cash,2000,1000,2,0,301,150,0,1,{C850A33226B8F9C1}Prefabs/Weapons/Attachments/Optics/Optic_PSO1/Optic_PSO1.et;{1F9F751F318EBEB0}Prefabs/Weapons/Magazines/Magazine_762x54_SVD_10rnd_7N14.et
mg_m240,{A87B0A22462E20B1}Prefabs/Weapons/MachineGuns/M240/MG_M240.et,cash,6600,3300,1,0,75,37,0,1,{AAF51CFA75A9CF8B}Prefabs/Weapons/Magazines/Box_762x51_M60_100rnd_4AP_1Tracer.et
mg_m240_light,{24A824857ADC84CF}Prefabs/Weapons/MachineGuns/M240/MG_M240_Light.et,cash,6600,3300,1,0,75,37,0,1,{AAF51CFA75A9CF8B}Prefabs/Weapons/Magazines/Box_762x51_M60_100rnd_4AP_1Tracer.et
mg_m249,{D2B48DEBEF38D7D7}Prefabs/Weapons/MachineGuns/M249/MG_M249.et,cash,4500,2250,1,0,57,28,0,1,{06D722FC2666EB83}Prefabs/Weapons/Magazines/Box_556x45_M249_200rnd_4Ball_1Tracer.et
mg_m60,{D182DCDD72BF7E34}Prefabs/Weapons/MachineGuns/M60/MG_M60.et,cash,6000,3000,1,0,45,22,0,1,{4D2C1E8F3A81F894}Prefabs/Weapons/Magazines/Box_762x51_M60_100rnd_4Ball_1Tracer.et
mg_pkm,{A89BC9D55FFB4CD8}Prefabs/Weapons/MachineGuns/PKM/MG_PKM.et,cash,3000,1500,1,0,45,22,0,1,{E5E9C5897CF47F44}Prefabs/Weapons/Magazines/Box_762x54_PK_100rnd_4Ball_1Tracer.et
mg_pkm_b51,{5D6226C0B4631749}Prefabs/Weapons/MachineGuns/PKM/MG_PKM_B51.et,cash,3000,1500,1,0,105,52,0,1,{0110F6D92703114A}Prefabs/Weapons/Magazines/Box_762x54_PK_100rnd_7N13_4Ball_1Tracer.et
mg_pkm_b51_b50,{AD565295B1646D69}Prefabs/Weapons/MachineGuns/PKM/MG_PKM_B51_B50.et,cash,3000,1500,1,0,105,52,0,1,{0110F6D92703114A}Prefabs/Weapons/Magazines/Box_762x54_PK_100rnd_7N13_4Ball_1Tracer.et
mg_pkmn,{80CBC9A8D95A8A7B}Prefabs/Weapons/MachineGuns/PKM/MG_PKMN.et,cash,6200,3100,1,0,45,22,0,1,{E5E9C5897CF47F44}Prefabs/Weapons/Magazines/Box_762x54_PK_100rnd_4Ball_1Tracer.et
mg_pkp_b51,{559290E2A7D633FE}Prefabs/Weapons/MachineGuns/PKM/MG_PKP_B51.et,cash,3000,1500,2,0,3105,1552,1,1,{D96641FBB4AAF5E2}Prefabs/Weapons/Attachments/Optics/Dedal_NV/Optic_Dedal_NV_base.et;{0110F6D92703114A}Prefabs/Weapons/Magazines/Box_762x54_PK_100rnd_7N13_4Ball_1Tracer.et
mg_pkp_b51_b50,{9F38FA5E6A4BDE6A}Prefabs/Weapons/MachineGuns/PKM/MG_PKP_B51_B50.et,cash,3000,1500,1,0,105,52,0,1,{0110F6D92703114A}Prefabs/Weapons/Magazines/Box_762x54_PK_100rnd_7N13_4Ball_1Tracer.et
mg_pkp_b51_b50_pt2,{1516E5BA9EFF6711}Prefabs/Weapons/MachineGuns/PKM/MG_PKP_B51_B50_PT2.et,cash,3000,1500,2,0,135,67,0,1,{D901305DD97960AD}Prefabs/Weapons/Attachments/Misc/AkGpButtPad/akGPbutt.et;{0110F6D92703114A}Prefabs/Weapons/Magazines/Box_762x54_PK_100rnd_7N13_4Ball_1Tracer.et
mg_pkp_base,{1414EEC1849D2447}Prefabs/Weapons/MachineGuns/PKM/MG_PKP_base.et,cash,3000,1500,1,0,105,52,0,1,{0110F6D92703114A}Prefabs/Weapons/Magazines/Box_762x54_PK_100rnd_7N13_4Ball_1Tracer.et
mg_rpk74,{A7AF84C6C58BA3E8}Prefabs/Weapons/MachineGuns/RPK74/MG_RPK74.et,cash,1200,600,1,0,33,16,0,1,{D78C667F59829717}Prefabs/Weapons/Magazines/Magazine_545x39_RPK_45rnd_4Ball_1Tracer.et
mg_rpk74m,{4EF6890D756306D1}Prefabs/Weapons/MachineGuns/RPK74M/MG_RPK74M.et,cash,1200,600,1,0,33,16,0,1,{52FE3E0398FEEBC4}Prefabs/Weapons/Magazines/6l26/Magazine_545x39_plastic_6l26_45_4Ball_1Tracer.et
mg_rpk74m_npz,{FB4C5D429348F1A2}Prefabs/Weapons/MachineGuns/RPK74M/MG_RPK74M_NPZ.et,cash,1200,600,1,0,33,16,0,1,{52FE3E0398FEEBC4}Prefabs/Weapons/Magazines/6l26/Magazine_545x39_plastic_6l26_45_4Ball_1Tracer.et
mg_rpk74n,{5F365605E36597FB}Prefabs/Weapons/MachineGuns/RPK74/MG_RPK74N.et,cash,4000,2000,1,0,33,16,0,1,{D78C667F59829717}Prefabs/Weapons/Magazines/Magazine_545x39_RPK_45rnd_4Ball_1Tracer.et
mg_rpk74n_591519C2,{591519C23638AFD0}Prefabs/Weapons/MachineGuns/RPK74N/MG_RPK74N.et,cash,1200,600,1,0,33,16,0,1,{9FA7BF7227AF0CC2}Prefabs/Weapons/Magazines/6l26/Magazine_545x39_plastic_6l26_45_last5tracer.et
mg_rpk74n_railed,{4C995EA1C0E79A28}Prefabs/Weapons/MachineGuns/RPK74N/MG_RPK74N_Railed.et,cash,1200,600,1,0,33,16,0,1,{9FA7BF7227AF0CC2}Prefabs/Weapons/Magazines/6l26/Magazine_545x39_plastic_6l26_45_last5tracer.et
mg_uk59,{026CE108BFB3EC03}Prefabs/Weapons/MachineGuns/UK59/MG_UK59.et,cash,4000,2000,1,0,21,10,0,1,{03094E059B554A9C}Prefabs/Weapons/Magazines/UK59/Box_762x54_UK59_50rnd_4Ball_1Tracer.et
handgun_aps,{880A80C1FD1AE546}Prefabs/Weapons/Handguns/APS/Handgun_APS.et,cash,1000,500,1,1,0,0,0,1,{446CD9EBCB531303}Prefabs/Weapons/Magazines/aps_magazine/Magazine_9x18_APS_20rnd_7N25.et
handgun_glock17,{E998FA484B0C4BFF}Prefabs/Weapons/Handguns/Glock/Handgun_Glock17.et,cash,550,275,1,0,21,10,0,1,{F20D1122BC5CD9F2}Prefabs/Weapons/Magazines/glock_magazine/Magazine_9x19_Glock_17rnd.et
handgun_glock17_tan,{528AEE2B8A058D9F}Prefabs/Weapons/Handguns/Glock/Handgun_Glock17_tan.et,cash,550,275,1,0,21,10,0,1,{F20D1122BC5CD9F2}Prefabs/Weapons/Magazines/glock_magazine/Magazine_9x19_Glock_17rnd.et
handgun_glock45,{8983A91174EE3799}Prefabs/Weapons/Handguns/Glock/Handgun_Glock45.et,cash,710,355,1,0,21,10,0,1,{F20D1122BC5CD9F2}Prefabs/Weapons/Magazines/glock_magazine/Magazine_9x19_Glock_17rnd.et
handgun_glock45_tan,{9C325E41A6DF40E1}Prefabs/Weapons/Handguns/Glock/Handgun_Glock45_tan.et,cash,710,355,1,0,21,10,0,1,{F20D1122BC5CD9F2}Prefabs/Weapons/Magazines/glock_magazine/Magazine_9x19_Glock_17rnd.et
handgun_m17,{8069A3DF6410FDDF}Prefabs/Weapons/Handguns/M17/Handgun_M17.et,cash,650,325,1,0,21,10,0,1,{8FF49793853DB2F9}Prefabs/Weapons/Magazines/m17_magazines/Magazine_9x19_m17_17rnd_M1152.et
handgun_m18,{1F9DA556822C78DA}Prefabs/Weapons/Handguns/M17/Handgun_M18.et,cash,650,325,1,0,21,10,0,1,{8FF49793853DB2F9}Prefabs/Weapons/Magazines/m17_magazines/Magazine_9x19_m17_17rnd_M1152.et
handgun_m9,{1353C6EAD1DCFE43}Prefabs/Weapons/Handguns/M9/Handgun_M9.et,cash,700,350,1,0,21,10,0,1,{9C05543A503DB80E}Prefabs/Weapons/Magazines/Magazine_9x19_M9_15rnd_Ball.et
handgun_mp443,{A8B4089ACB473848}Prefabs/Weapons/Handguns/MP443/Handgun_MP443.et,cash,700,350,1,0,21,10,0,1,{D2E91B2DD0D3EF30}Prefabs/Weapons/Magazines/MP443/Magazine_9x19_MP443_17rnd_7N21.et
handgun_pm,{C0F7DD85A86B2900}Prefabs/Weapons/Handguns/PM/Handgun_PM.et,cash,450,225,1,0,21,10,0,1,{8B853CDD11BA916E}Prefabs/Weapons/Magazines/Magazine_9x18_PM_8rnd_Ball.et
ammo_rocket_pg7vl,{609E216CBF8D0B68}Prefabs/Weapons/Ammo/Ammo_Rocket_PG7VL.et,cash,500,250,0,0,0,0,0,1,
ammo_rocket_pg7vm,{32E12D322E107F1C}Prefabs/Weapons/Ammo/Ammo_Rocket_PG7VM.et,cash,400,200,0,0,0,0,0,1,
ammo_rocket_pg7vr,{AA658D334766D4EE}Prefabs/Weapons/Ammo/Ammo_Rocket_PG7VR.et,cash,2000,1000,0,0,0,0,0,1,
container_mk153_heaa,{2C935EF6F98E6354}Prefabs/Weapons/Magazines/MK153/Container_MK153_HEAA.et,cash,2500,1250,0,0,0,0,0,1,
container_mk153_hedp,{27AC9FC7F5E2BEEB}Prefabs/Weapons/Magazines/MK153/Container_MK153_HEDP.et,cash,2000,1000,0,0,0,0,0,1,
container_mk153_ne,{319873694735DE0F}Prefabs/Weapons/Magazines/MK153/Container_MK153_NE.et,cash,4700,2350,0,0,0,0,0,1,
gl_gm94,{1828C5C23AE5E4CA}Prefabs/Weapons/GrenadeLaunchers/GM94/GL_GM94.et,cash,3000,1500,1,1,0,0,0,1,{448CA9AC08B0D7A6}Prefabs/Weapons/Ammo/Ammo_Grenade_VGM93_100.et
gl_gm94_camo,{942211661DC7ECA7}Prefabs/Weapons/GrenadeLaunchers/GM94/GL_GM94_camo.et,cash,3000,1500,1,1,0,0,0,1,{448CA9AC08B0D7A6}Prefabs/Weapons/Ammo/Ammo_Grenade_VGM93_100.et
launcher_m72a3,{9C5C20FB0E01E64F}Prefabs/Weapons/Launchers/M72/Launcher_M72A3.et,cash,1500,750,1,1,0,0,0,1,{79FA751EEBE25DDE}Prefabs/Weapons/Ammo/Ammo_Rocket_M72A3.et
launcher_mk153mod2,{35022055DCDDE98B}Prefabs/Weapons/Launchers/MK153/Launcher_MK153mod2.et,cash,20600,10300,4,0,8240,4120,0,1,{B05910AE5C2526DD}Prefabs/Weapons/Attachments/Optics/mbus/mbus_blk_folding_sight_front.et;{6461605F9A86F10C}Prefabs/Weapons/Attachments/Optics/mbs/MBS.et;{677E8A0792696783}Prefabs/Weapons/Attachments/Optics/mbus/mbus_blk_folding_sight_rear.et;{27AC9FC7F5E2BEEB}Prefabs/Weapons/Magazines/MK153/Container_MK153_HEDP.et
launcher_mk153mod2_nombs,{DB53366D8C521124}Prefabs/Weapons/Launchers/MK153/Launcher_MK153mod2_NoMBS.et,cash,13000,6500,3,0,2240,1120,0,1,{B05910AE5C2526DD}Prefabs/Weapons/Attachments/Optics/mbus/mbus_blk_folding_sight_front.et;{677E8A0792696783}Prefabs/Weapons/Attachments/Optics/mbus/mbus_blk_folding_sight_rear.et;{27AC9FC7F5E2BEEB}Prefabs/Weapons/Magazines/MK153/Container_MK153_HEDP.et
launcher_rpg22,{722CE6FEC39EE896}Prefabs/Weapons/Launchers/RPG22/Launcher_RPG22.et,cash,800,400,1,1,0,0,0,1,{ECCAF9A1B72B4D2B}Prefabs/Weapons/Ammo/Ammo_Rocket_PG22.et
launcher_rpg7,{7A82FE978603F137}Prefabs/Weapons/Launchers/RPG7/Launcher_RPG7.et,cash,1000,500,1,0,400,200,0,1,{32E12D322E107F1C}Prefabs/Weapons/Ammo/Ammo_Rocket_PG7VM.et
launcher_rpg75,{7C45EC94C698246B}Prefabs/Weapons/Launchers/RPG75/Launcher_RPG75.et,cash,600,300,1,1,0,0,0,1,{0CB1A646A51F6E0D}Prefabs/Weapons/Ammo/Ammo_Rocket_RPG75.et
launcher_rpg7_1pn93,{958E88913CBDD0BF}Prefabs/Weapons/Launchers/RPG7/Launcher_RPG7_1pn93.et,cash,1000,500,2,0,3000,1500,1,1,{3F8391F77D4E7AE8}Prefabs/Weapons/Attachments/Optics/1pn93/Optic_1PN93-2RPG.et;{FBBF84E3B447D822}Prefabs/Weapons/Ammo/RPG/RHS_AmmoRocket_PG7VL.et
launcher_rpg7_pgo7,{E8A55396050E1762}Prefabs/Weapons/Launchers/RPG7/Launcher_RPG7_pgo7.et,cash,1000,500,2,0,800,400,0,1,{E5E9DBBF3BFB88C6}Prefabs/Weapons/Attachments/Optics/Optic_PGO7/Optic_PGO7V3.et;{FBBF84E3B447D822}Prefabs/Weapons/Ammo/RPG/RHS_AmmoRocket_PG7VL.et
launcher_rpoa,{3F38EE51E904AE5B}Prefabs/Weapons/Launchers/RPOA/Launcher_RPOA.et,cash,3500,1750,2,2,0,0,0,1,{F683D2CFE73E85FB}Prefabs/Weapons/Launchers/RPOA/RPO_Eyecup.et;{A652706B1B37CF93}Prefabs/Weapons/Ammo/Ammo_Rocket_RPOA.et
launcher_rpod,{D107989BCA4445D7}Prefabs/Weapons/Launchers/RPOA/Launcher_RPOD.et,cash,3500,1750,2,2,0,0,0,1,{F683D2CFE73E85FB}Prefabs/Weapons/Launchers/RPOA/RPO_Eyecup.et;{12AE2D4ADE7A5EE1}Prefabs/Weapons/Ammo/Ammo_Rocket_RPOD.et
rhs_ammorocket_og7v,{4A3B196E4EA820E9}Prefabs/Weapons/Ammo/RPG/RHS_AmmoRocket_OG7V.et,cash,300,150,0,0,0,0,0,1,
rhs_ammorocket_pg7vl,{FBBF84E3B447D822}Prefabs/Weapons/Ammo/RPG/RHS_AmmoRocket_PG7VL.et,cash,500,250,0,0,0,0,0,1,
rhs_ammorocket_pg7vr,{86A7681BD1D4E4BB}Prefabs/Weapons/Ammo/RPG/RHS_AmmoRocket_PG7VR.et,cash,2000,1000,0,0,0,0,0,1,
rhs_ammorocket_tbg7v,{12AFA740BE9ED3CD}Prefabs/Weapons/Ammo/RPG/RHS_AmmoRocket_TBG7V.et,cash,1800,900,0,0,0,0,0,1,
rhs_ammorocket_tbg7vl,{9535D6E39DCA78FB}Prefabs/Weapons/Ammo/RPG/RHS_AmmoRocket_TBG7VL.et,cash,1800,900,0,0,0,0,0,1,
ammo_flare_40mm_m583a1_white,{98DB57ECEDC81CC2}Prefabs/Weapons/Ammo/Ammo_Flare_40mm_M583A1_White.et,cash,33,16,0,0,0,0,0,1,
ammo_flare_40mm_m661_green,{0AF10C206CF1A283}Prefabs/Weapons/Ammo/Ammo_Flare_40mm_M661_Green.et,cash,33,16,0,0,0,0,0,1,
ammo_flare_40mm_m662_red,{2A63C909016C4C41}Prefabs/Weapons/Ammo/Ammo_Flare_40mm_M662_Red.et,cash,33,16,0,0,0,0,0,1,
ammo_flare_40mm_vg40op_white,{906F07BD0366E08F}Prefabs/Weapons/Ammo/Ammo_Flare_40mm_VG40OP_White.et,cash,33,16,0,0,0,0,0,1,
ammo_grenade_he_m406,{5375FA7CB1F68573}Prefabs/Weapons/Ammo/Ammo_Grenade_HE_M406.et,cash,33,16,0,0,0,0,0,1,
ammo_grenade_he_vog25,{262F0D09C4130826}Prefabs/Weapons/Ammo/Ammo_Grenade_HE_VOG25.et,cash,33,16,0,0,0,0,0,1,
ammo_grenade_hedp_m433,{1663496AE5B9F10B}Prefabs/Weapons/Ammo/Ammo_Grenade_HEDP_M433.et,cash,45,22,0,0,0,0,0,1,
ammo_grenade_marker_m713,{2BA3B074AE0BFF82}Prefabs/Weapons/Ammo/Ammo_Grenade_Marker_M713.et,cash,33,16,0,0,0,0,0,1,
ammo_grenade_marker_m715,{F30BD9B5D782E1DE}Prefabs/Weapons/Ammo/Ammo_Grenade_Marker_M715.et,cash,33,16,0,0,0,0,0,1,
ammo_grenade_marker_m716,{9F5FED556B466EF0}Prefabs/Weapons/Ammo/Ammo_Grenade_Marker_M716.et,cash,33,16,0,0,0,0,0,1,
ammo_grenade_smoke_m713_red,{BDD18BEEC1165353}Prefabs/Weapons/Ammo/Ammo_Grenade_Smoke_M713_Red.et,cash,21,10,0,0,0,0,0,1,
ammo_grenade_smoke_m715_green,{8D0A57DD48B62639}Prefabs/Weapons/Ammo/Ammo_Grenade_Smoke_M715_Green.et,cash,21,10,0,0,0,0,0,1,
ammo_grenade_smoke_m716_yellow,{CA429E5E3BAEC6A4}Prefabs/Weapons/Ammo/Ammo_Grenade_Smoke_M716_Yellow.et,cash,21,10,0,0,0,0,0,1,
ammo_grenade_star_cluster_m585,{51A3B99DCE59C8E1}Prefabs/Weapons/Ammo/Ammo_Grenade_Star_Cluster_M585.et,cash,33,16,0,0,0,0,0,1,
ammo_grenade_star_cluster_xm663,{F4E0DBA5A9D60B96}Prefabs/Weapons/Ammo/Ammo_Grenade_Star_Cluster_XM663.et,cash,33,16,0,0,0,0,0,1,
ammo_grenade_star_cluster_xm664,{C9D4FE9DDCBA82A1}Prefabs/Weapons/Ammo/Ammo_Grenade_Star_Cluster_XM664.et,cash,33,16,0,0,0,0,0,1,
box_127x108_nsv_50rnd_4ap_1apit,{843D9B182BCD2765}Prefabs/Weapons/Magazines/NSV/Box_127x108_NSV_50rnd_4AP_1APIT.et,cash,135,67,0,0,0,0,0,1,
box_127x108_nsv_50rnd_apit,{4CD3159446EC131B}Prefabs/Weapons/Magazines/NSV/Box_127x108_NSV_50rnd_APIT.et,cash,135,67,0,0,0,0,0,1,
box_127x99_m2_100rnd_4ap_1apit,{C820846B0521423B}Prefabs/Weapons/Magazines/Box_127x99_M2_100rnd_4AP_1APIT.et,cash,195,97,0,0,0,0,0,1,
box_127x99_m2_100rnd_4ap_1tracer,{50A242E5D9742C62}Prefabs/Weapons/Magazines/Box_127x99_M2_100rnd_4AP_1Tracer.et,cash,135,67,0,0,0,0,0,1,
box_127x99_m2_100rnd_4ball_1tracer,{CC7F787C3ECF678F}Prefabs/Weapons/Magazines/Box_127x99_M2_100rnd_4Ball_1Tracer.et,cash,75,37,0,0,0,0,0,1,
box_127x99_m2_100rnd_ap,{25CE9A2A7EAD5B9D}Prefabs/Weapons/Magazines/Box_127x99_M2_100rnd_AP.et,cash,135,67,0,0,0,0,0,1,
box_127x99_m2_100rnd_ball,{B8921B7BFE8CAEF0}Prefabs/Weapons/Magazines/Box_127x99_M2_100rnd_Ball.et,cash,75,37,0,0,0,0,0,1,
box_127x99_m2_100rnd_tracer,{4068585808DF8DF2}Prefabs/Weapons/Magazines/Box_127x99_M2_100rnd_Tracer.et,cash,75,37,0,0,0,0,0,1,
box_145x114_kpvt_50rnd_4api_1apit,{8257B5AFDE7AE5CB}Prefabs/Weapons/Magazines/Box_145x114_KPVT_50rnd_4API_1APIT.et,cash,135,67,0,0,0,0,0,1,
box_145x114_kpvt_50rnd_api,{BFD6872B1C069136}Prefabs/Weapons/Magazines/Box_145x114_KPVT_50rnd_API.et,cash,135,67,0,0,0,0,0,1,
box_145x114_kpvt_50rnd_apit,{EA806763FE4EDDDF}Prefabs/Weapons/Magazines/Box_145x114_KPVT_50rnd_APIT.et,cash,135,67,0,0,0,0,0,1,
box_145x114_kpvt_50rnd_iai,{B909BD4BF4048A2A}Prefabs/Weapons/Magazines/Box_145x114_KPVT_50rnd_IAI.et,cash,135,67,0,0,0,0,0,1,
box_556x45_m249_200rnd_4ball_1tracer,{06D722FC2666EB83}Prefabs/Weapons/Magazines/Box_556x45_M249_200rnd_4Ball_1Tracer.et,cash,57,28,0,0,0,0,0,1,
box_556x45_m249_200rnd_ball,{4FCBBDF274FD2157}Prefabs/Weapons/Magazines/Box_556x45_M249_200rnd_Ball.et,cash,57,28,0,0,0,0,0,1,
box_556x45_m249_200rnd_m855a1_4ball_1tracer,{BEE3897D2286992A}Prefabs/Weapons/Magazines/Box_556x45_M249_200rnd_M855A1_4Ball_1Tracer.et,cash,63,31,0,0,0,0,0,1,
box_556x45_m249_200rnd_m855a1_ball,{E8E9972833CB4203}Prefabs/Weapons/Magazines/Box_556x45_M249_200rnd_M855A1_Ball.et,cash,63,31,0,0,0,0,0,1,
box_556x45_m249_200rnd_m995_4ap_1tracer,{D6D327EED460CFF3}Prefabs/Weapons/Magazines/Box_556x45_M249_200rnd_M995_4AP_1Tracer.et,cash,105,52,0,0,0,0,0,1,
box_556x45_m249_200rnd_m995_ap,{5B7FB2C1CED29920}Prefabs/Weapons/Magazines/Box_556x45_M249_200rnd_M995_AP.et,cash,105,52,0,0,0,0,0,1,
box_556x45_m249_200rnd_tracer,{4EEDDB27C023B8B9}Prefabs/Weapons/Magazines/Box_556x45_M249_200rnd_Tracer.et,cash,57,28,0,0,0,0,0,1,
box_762x51_m240_coax_200rnd_4ap_1tracer,{9458584521CCA4E2}Prefabs/Weapons/Magazines/Magazine_M240_Coax/Box_762x51_M240_coax_200rnd_4AP_1Tracer.et,cash,111,55,0,0,0,0,0,1,
box_762x51_m240_coax_200rnd_4ball_1tracer,{96DD0591AFDCC579}Prefabs/Weapons/Magazines/Magazine_M240_Coax/Box_762x51_M240_coax_200rnd_4Ball_1Tracer.et,cash,63,31,0,0,0,0,0,1,
box_762x51_m240_coax_200rnd_ap,{289E27BB8C346D82}Prefabs/Weapons/Magazines/Magazine_M240_Coax/Box_762x51_M240_coax_200rnd_AP.et,cash,111,55,0,0,0,0,0,1,
box_762x51_m240_coax_200rnd_ball,{EF0B3DA0429425EC}Prefabs/Weapons/Magazines/Magazine_M240_Coax/Box_762x51_M240_coax_200rnd_Ball.et,cash,63,31,0,0,0,0,0,1,
box_762x51_m240_coax_200rnd_tracer,{9B34796F40125F85}Prefabs/Weapons/Magazines/Magazine_M240_Coax/Box_762x51_M240_coax_200rnd_Tracer.et,cash,63,31,0,0,0,0,0,1,
box_762x51_m60_100rnd_4ap_1tracer,{AAF51CFA75A9CF8B}Prefabs/Weapons/Magazines/Box_762x51_M60_100rnd_4AP_1Tracer.et,cash,75,37,0,0,0,0,0,1,
box_762x51_m60_100rnd_4ball_1tracer,{4D2C1E8F3A81F894}Prefabs/Weapons/Magazines/Box_762x51_M60_100rnd_4Ball_1Tracer.et,cash,45,22,0,0,0,0,0,1,
box_762x51_m60_100rnd_ap,{75632A0CA07D3817}Prefabs/Weapons/Magazines/Box_762x51_M60_100rnd_AP.et,cash,75,37,0,0,0,0,0,1,
box_762x51_m60_100rnd_ball,{982F5BA41A3738CF}Prefabs/Weapons/Magazines/Box_762x51_M60_100rnd_Ball.et,cash,45,22,0,0,0,0,0,1,
box_762x51_m60_100rnd_tracer,{AD8AB93729348C3E}Prefabs/Weapons/Magazines/Box_762x51_M60_100rnd_Tracer.et,cash,45,22,0,0,0,0,0,1,
box_762x51_m60_500rnd_2ball_1tracer,{423D78F865E8AF8A}Prefabs/Weapons/Magazines/Box_762x51_M60_500rnd_2Ball_1Tracer.et,cash,135,67,0,0,0,0,0,1,
box_762x51_m60_500rnd_ball,{3D9AD4314FE34F5B}Prefabs/Weapons/Magazines/Box_762x51_M60_500rnd_Ball.et,cash,135,67,0,0,0,0,0,1,
box_762x51_m60_500rnd_tracer,{F7D5504B665E1375}Prefabs/Weapons/Magazines/Box_762x51_M60_500rnd_Tracer.et,cash,135,67,0,0,0,0,0,1,
box_762x54_pk_100rnd_4ball_1tracer,{E5E9C5897CF47F44}Prefabs/Weapons/Magazines/Box_762x54_PK_100rnd_4Ball_1Tracer.et,cash,45,22,0,0,0,0,0,1,
box_762x54_pk_100rnd_7n13_4ball_1tracer,{0110F6D92703114A}Prefabs/Weapons/Magazines/Box_762x54_PK_100rnd_7N13_4Ball_1Tracer.et,cash,105,52,0,0,0,0,0,1,
box_762x54_pk_100rnd_ball,{A6737DA00653A39C}Prefabs/Weapons/Magazines/Box_762x54_PK_100rnd_Ball.et,cash,45,22,0,0,0,0,0,1,
box_762x54_pk_100rnd_tracer,{BEEA49E27174B224}Prefabs/Weapons/Magazines/Box_762x54_PK_100rnd_Tracer.et,cash,45,22,0,0,0,0,0,1,
box_762x54_pk_250rnd_2ball_1tracer,{AFC7F529E6293E2A}Prefabs/Weapons/Magazines/Box_762x54_PK_250rnd_2Ball_1Tracer.et,cash,75,37,0,0,0,0,0,1,
box_762x54_pk_250rnd_4ball_1tracer,{D8421F6E70B2FB4F}Prefabs/Weapons/Magazines/Box_762x54_PK_250rnd_4Ball_1Tracer.et,cash,75,37,0,0,0,0,0,1,
box_762x54_pk_250rnd_ball,{1C260E65B7F290BA}Prefabs/Weapons/Magazines/Box_762x54_PK_250rnd_Ball.et,cash,75,37,0,0,0,0,0,1,
box_762x54_pk_250rnd_tracer,{B386EEE8AED8E386}Prefabs/Weapons/Magazines/Box_762x54_PK_250rnd_Tracer.et,cash,75,37,0,0,0,0,0,1,
box_762x54_uk59_50rnd_4ball_1tracer,{03094E059B554A9C}Prefabs/Weapons/Magazines/UK59/Box_762x54_UK59_50rnd_4Ball_1Tracer.et,cash,21,10,0,0,0,0,0,1,
box_762x54_uk59_50rnd_ball,{BB6613EBCE484822}Prefabs/Weapons/Magazines/UK59/Box_762x54_UK59_50rnd_Ball.et,cash,21,10,0,0,0,0,0,1,
box_762x54_uk59_50rnd_tracer,{0AFA7580D190A36A}Prefabs/Weapons/Magazines/UK59/Box_762x54_UK59_50rnd_Tracer.et,cash,21,10,0,0,0,0,0,1,
magazine_43x30mm_gm94_4rnd_vgm93100,{FDACA6E5AEC36BD0}Prefabs/Weapons/Magazines/GM94/Magazine_43x30mm_GM94_4rnd_VGM93100.et,cash,135,67,0,0,0,0,0,1,
magazine_43x30mm_gm94_4rnd_vgm93900,{D3CCDE5C34549F1A}Prefabs/Weapons/Magazines/GM94/Magazine_43x30mm_GM94_4rnd_VGM93900.et,cash,87,43,0,0,0,0,0,1,
magazine_545x39_ak12_30rnd_base,{B39F57E7FB003434}Prefabs/Weapons/Magazines/AK12_magazine/Magazine_545x39_AK12_30rnd_Base.et,cash,27,13,0,0,0,0,0,1,
magazine_545x39_ak_30rnd_ball,{BBB50A815A2F916B}Prefabs/Weapons/Magazines/Magazine_545x39_AK_30rnd_Ball.et,cash,27,13,0,0,0,0,0,1,
magazine_545x39_ak_30rnd_last_5tracer,{0A84AA5A3884176F}Prefabs/Weapons/Magazines/Magazine_545x39_AK_30rnd_Last_5Tracer.et,cash,27,13,0,0,0,0,0,1,
magazine_545x39_ak_30rnd_tracer,{E5912E45754CD421}Prefabs/Weapons/Magazines/Magazine_545x39_AK_30rnd_Tracer.et,cash,27,13,0,0,0,0,0,1,
magazine_545x39_plastic_6l26_45_4ball_1tracer,{52FE3E0398FEEBC4}Prefabs/Weapons/Magazines/6l26/Magazine_545x39_plastic_6l26_45_4Ball_1Tracer.et,cash,33,16,0,0,0,0,0,1,
magazine_545x39_plastic_6l26_45_ball,{DBDDFA7E6E392CBF}Prefabs/Weapons/Magazines/6l26/Magazine_545x39_plastic_6l26_45_ball.et,cash,33,16,0,0,0,0,0,1,
magazine_545x39_plastic_6l26_45_last5tracer,{9FA7BF7227AF0CC2}Prefabs/Weapons/Magazines/6l26/Magazine_545x39_plastic_6l26_45_last5tracer.et,cash,33,16,0,0,0,0,0,1,
magazine_545x39_plastic_6l26_45_tracer,{CD21D42623717E8F}Prefabs/Weapons/Magazines/6l26/Magazine_545x39_plastic_6l26_45_tracer.et,cash,33,16,0,0,0,0,0,1,
magazine_545x39_plastic_ak_30rnd_7n22ap,{188781BE6203A0B0}Prefabs/Weapons/Magazines/6l23_plastic/Magazine_545x39_plastic_AK_30rnd_7n22AP.et,cash,45,22,0,0,0,0,0,1,
magazine_545x39_plastic_ak_30rnd_7n22ap_camo,{681E772288F937F0}Prefabs/Weapons/Magazines/6l23_plastic/Magazine_545x39_plastic_AK_30rnd_7n22ap_camo.et,cash,45,22,0,0,0,0,0,1,
magazine_545x39_plastic_ak_30rnd_ball,{1F6DC70B4798A3B4}Prefabs/Weapons/Magazines/6l23_plastic/Magazine_545x39_plastic_AK_30rnd_Ball.et,cash,27,13,0,0,0,0,0,1,
magazine_545x39_plastic_ak_30rnd_ball_camo,{DD810D0313E8C01A}Prefabs/Weapons/Magazines/6l23_plastic/Magazine_545x39_plastic_AK_30rnd_Ball_camo.et,cash,27,13,0,0,0,0,0,1,
magazine_545x39_plastic_ak_30rnd_last_5tracer,{FD34D121FA55CB10}Prefabs/Weapons/Magazines/6l23_plastic/Magazine_545x39_plastic_AK_30rnd_Last_5Tracer.et,cash,27,13,0,0,0,0,0,1,
magazine_545x39_plastic_ak_30rnd_last_5tracer_camo,{0FD71EAC637C1624}Prefabs/Weapons/Magazines/6l23_plastic/Magazine_545x39_plastic_AK_30rnd_Last_5Tracer_camo.et,cash,27,13,0,0,0,0,0,1,
magazine_545x39_plastic_ak_30rnd_tracer,{7DD4759A10D449CE}Prefabs/Weapons/Magazines/6l23_plastic/Magazine_545x39_plastic_AK_30rnd_Tracer.et,cash,27,13,0,0,0,0,0,1,
magazine_545x39_plastic_ak_30rnd_tracer_camo,{59015F7C36DE86C2}Prefabs/Weapons/Magazines/6l23_plastic/Magazine_545x39_plastic_AK_30rnd_Tracer_camo.et,cash,27,13,0,0,0,0,0,1,
magazine_545x39_plum_ak_30rnd_7n22_last_5tracer,{5821E7F8FA5B099C}Prefabs/Weapons/Magazines/6l23_plum/Magazine_545x39_plum_AK_30rnd_7N22_Last_5Tracer.et,cash,45,22,0,0,0,0,0,1,
magazine_545x39_plum_ak_30rnd_ball,{BBB50A815A2F916C}Prefabs/Weapons/Magazines/6l23_plum/Magazine_545x39_plum_AK_30rnd_Ball.et,cash,27,13,0,0,0,0,0,1,
magazine_545x39_plum_ak_30rnd_last_5tracer,{DFEBDFD73BFD9501}Prefabs/Weapons/Magazines/6l23_plum/Magazine_545x39_plum_AK_30rnd_Last_5Tracer.et,cash,27,13,0,0,0,0,0,1,
magazine_545x39_plum_ak_30rnd_subsonic,{943357591ECF8025}Prefabs/Weapons/Magazines/6l23_plum/Magazine_545x39_plum_AK_30rnd_subsonic.et,cash,27,13,0,0,0,0,0,1,
magazine_545x39_plum_ak_30rnd_tracer,{6CDBE8F62BD278D6}Prefabs/Weapons/Magazines/6l23_plum/Magazine_545x39_plum_AK_30rnd_Tracer.et,cash,27,13,0,0,0,0,0,1,
magazine_545x39_rpk_45rnd_4ball_1tracer,{D78C667F59829717}Prefabs/Weapons/Magazines/Magazine_545x39_RPK_45rnd_4Ball_1Tracer.et,cash,33,16,0,0,0,0,0,1,
magazine_545x39_rpk_45rnd_ball,{BC74DAC891D48540}Prefabs/Weapons/Magazines/Magazine_545x39_RPK_45rnd_Ball.et,cash,33,16,0,0,0,0,0,1,
magazine_545x39_rpk_45rnd_tracer,{5897D01F41DB5D2D}Prefabs/Weapons/Magazines/Magazine_545x39_RPK_45rnd_Tracer.et,cash,33,16,0,0,0,0,0,1,
magazine_556x45_plastic_ak_30rnd_m855,{2A8E14D8BD2FC423}Prefabs/Weapons/Magazines/6l29/Magazine_556x45_plastic_AK_30rnd_m855.et,cash,135,67,0,0,0,0,0,1,
magazine_556x45_pmag_30rnd_m855,{6AC2FD48C0F5E3C6}Prefabs/Weapons/Magazines/PmagUnwindowed/Magazine_556x45_PMAG_30rnd_M855.et,cash,15,7,0,0,0,0,0,1,
magazine_556x45_pmag_30rnd_m855_last5tracer,{76E88486D366C478}Prefabs/Weapons/Magazines/PmagUnwindowed/Magazine_556x45_PMAG_30rnd_M855_last5tracer.et,cash,15,7,0,0,0,0,0,1,
magazine_556x45_pmag_30rnd_m855a1,{77931A76049826D6}Prefabs/Weapons/Magazines/PmagUnwindowed/Magazine_556x45_PMAG_30rnd_M855A1.et,cash,15,7,0,0,0,0,0,1,
magazine_556x45_pmag_30rnd_m855a1_last5tracer,{546DA68AC0D47D36}Prefabs/Weapons/Magazines/PmagUnwindowed/Magazine_556x45_PMAG_30rnd_M855A1_last5tracer.et,cash,15,7,0,0,0,0,0,1,
magazine_556x45_pmag_30rnd_m856_tracer,{DCBD1BE03A929CF7}Prefabs/Weapons/Magazines/PmagUnwindowed/Magazine_556x45_PMAG_30rnd_M856_Tracer.et,cash,15,7,0,0,0,0,0,1,
magazine_556x45_pmag_30rnd_m856a1_tracer,{DBEB1F8F23A2DEB0}Prefabs/Weapons/Magazines/PmagUnwindowed/Magazine_556x45_PMAG_30rnd_M856A1_Tracer.et,cash,15,7,0,0,0,0,0,1,
magazine_556x45_pmag_30rnd_m995,{7F519F63E96020D4}Prefabs/Weapons/Magazines/PmagUnwindowed/Magazine_556x45_PMAG_30rnd_m995.et,cash,15,7,0,0,0,0,0,1,
magazine_556x45_pmag_30rnd_mk262,{1FD5154F02782A5F}Prefabs/Weapons/Magazines/PmagUnwindowed/Magazine_556x45_PMAG_30rnd_MK262.et,cash,15,7,0,0,0,0,0,1,
magazine_556x45_pmag_30rnd_mk318,{C712F32E4A52EC9F}Prefabs/Weapons/Magazines/PmagUnwindowed/Magazine_556x45_PMAG_30rnd_MK318.et,cash,15,7,0,0,0,0,0,1,
magazine_556x45_pmag_30rnd_mk318_last5tracer,{D5FC2654642F234A}Prefabs/Weapons/Magazines/PmagUnwindowed/Magazine_556x45_PMAG_30rnd_MK318_last5tracer.et,cash,15,7,0,0,0,0,0,1,
magazine_556x45_pmag_mcb_30rnd_m855,{B2A3F2462ED9BD01}Prefabs/Weapons/Magazines/PmagUnwindowed/Magazine_556x45_PMAG_MCB_30rnd_M855.et,cash,15,7,0,0,0,0,0,1,
magazine_556x45_pmag_mcb_30rnd_m855_last5tracer,{1A10995656DAE502}Prefabs/Weapons/Magazines/PmagUnwindowed/Magazine_556x45_PMAG_MCB_30rnd_M855_last5tracer.et,cash,15,7,0,0,0,0,0,1,
magazine_556x45_pmag_mcb_30rnd_m855a1,{50E515E019298007}Prefabs/Weapons/Magazines/PmagUnwindowed/Magazine_556x45_PMAG_MCB_30rnd_M855A1.et,cash,15,7,0,0,0,0,0,1,
magazine_556x45_pmag_mcb_30rnd_m855a1_last5tracer,{C26008419F3BB94B}Prefabs/Weapons/Magazines/PmagUnwindowed/Magazine_556x45_PMAG_MCB_30rnd_M855A1_last5tracer.et,cash,15,7,0,0,0,0,0,1,
magazine_556x45_pmag_mcb_30rnd_m856_tracer,{221C854C81A430A8}Prefabs/Weapons/Magazines/PmagUnwindowed/Magazine_556x45_PMAG_MCB_30rnd_M856_Tracer.et,cash,15,7,0,0,0,0,0,1,
magazine_556x45_pmag_mcb_30rnd_m856a1_tracer,{E994CFAA0E5F0A83}Prefabs/Weapons/Magazines/PmagUnwindowed/Magazine_556x45_PMAG_MCB_30rnd_M856A1_Tracer.et,cash,15,7,0,0,0,0,0,1,
magazine_556x45_pmag_mct_30rnd_m855,{43A05FD22DF927E2}Prefabs/Weapons/Magazines/PmagUnwindowed/Magazine_556x45_PMAG_MCT_30rnd_M855.et,cash,15,7,0,0,0,0,0,1,
magazine_556x45_pmag_mct_30rnd_m855_last5tracer,{3E128A17C6209979}Prefabs/Weapons/Magazines/PmagUnwindowed/Magazine_556x45_PMAG_MCT_30rnd_M855_last5tracer.et,cash,15,7,0,0,0,0,0,1,
magazine_556x45_pmag_mct_30rnd_m855a1,{17238BE37605228F}Prefabs/Weapons/Magazines/PmagUnwindowed/Magazine_556x45_PMAG_MCT_30rnd_M855A1.et,cash,15,7,0,0,0,0,0,1,
magazine_556x45_pmag_mct_30rnd_m855a1_last5tracer,{E06E832DEBE97BEC}Prefabs/Weapons/Magazines/PmagUnwindowed/Magazine_556x45_PMAG_MCT_30rnd_M855A1_last5tracer.et,cash,15,7,0,0,0,0,0,1,
magazine_556x45_pmag_mct_30rnd_m856_tracer,{8E0945EEE9088270}Prefabs/Weapons/Magazines/PmagUnwindowed/Magazine_556x45_PMAG_MCT_30rnd_M856_Tracer.et,cash,15,7,0,0,0,0,0,1,
magazine_556x45_pmag_mct_30rnd_m856a1_tracer,{33035FD8A2F34F8F}Prefabs/Weapons/Magazines/PmagUnwindowed/Magazine_556x45_PMAG_MCT_30rnd_M856A1_Tracer.et,cash,15,7,0,0,0,0,0,1,
magazine_556x45_pmag_mct_30rnd_m995,{56333DF9046CE4F0}Prefabs/Weapons/Magazines/PmagUnwindowed/Magazine_556x45_PMAG_MCT_30rnd_m995.et,cash,15,7,0,0,0,0,0,1,
magazine_556x45_pmag_mct_30rnd_mk262,{619B533C9A10EAAC}Prefabs/Weapons/Magazines/PmagUnwindowed/Magazine_556x45_PMAG_MCT_30rnd_MK262.et,cash,15,7,0,0,0,0,0,1,
magazine_556x45_pmag_mct_30rnd_mk318,{B95CB55DD23A2C6C}Prefabs/Weapons/Magazines/PmagUnwindowed/Magazine_556x45_PMAG_MCT_30rnd_MK318.et,cash,15,7,0,0,0,0,0,1,
magazine_556x45_pmag_mct_30rnd_mk318_last5tracer,{679179DED49BDADB}Prefabs/Weapons/Magazines/PmagUnwindowed/Magazine_556x45_PMAG_MCT_30rnd_MK318_last5tracer.et,cash,15,7,0,0,0,0,0,1,
magazine_556x45_pmag_odg_30rnd_m855,{2D31F96674AC2BA7}Prefabs/Weapons/Magazines/PmagUnwindowed/Magazine_556x45_PMAG_ODG_30rnd_M855.et,cash,15,7,0,0,0,0,0,1,
magazine_556x45_pmag_odg_30rnd_m855_last5tracer,{0196E26521FE7A36}Prefabs/Weapons/Magazines/PmagUnwindowed/Magazine_556x45_PMAG_ODG_30rnd_M855_last5tracer.et,cash,15,7,0,0,0,0,0,1,
magazine_556x45_pmag_odg_30rnd_m855a1,{E059927774E2ABAF}Prefabs/Weapons/Magazines/PmagUnwindowed/Magazine_556x45_PMAG_ODG_30rnd_M855A1.et,cash,15,7,0,0,0,0,0,1,
magazine_556x45_pmag_odg_30rnd_m855a1_last5tracer,{A4BBDD7D31B07DFB}Prefabs/Weapons/Magazines/PmagUnwindowed/Magazine_556x45_PMAG_ODG_30rnd_M855A1_last5tracer.et,cash,15,7,0,0,0,0,0,1,
magazine_556x45_pmag_odg_30rnd_m856_tracer,{794E28A0A5B55A37}Prefabs/Weapons/Magazines/PmagUnwindowed/Magazine_556x45_PMAG_ODG_30rnd_M856_Tracer.et,cash,15,7,0,0,0,0,0,1,
magazine_556x45_pmag_odg_30rnd_m856a1_tracer,{02263551784DB974}Prefabs/Weapons/Magazines/PmagUnwindowed/Magazine_556x45_PMAG_ODG_30rnd_M856A1_Tracer.et,cash,15,7,0,0,0,0,0,1,
magazine_556x45_pmag_rp_30rnd_m855,{17F8E73AC918ED40}Prefabs/Weapons/Magazines/PmagUnwindowed/Magazine_556x45_PMAG_RP_30rnd_M855.et,cash,15,7,0,0,0,0,0,1,
magazine_556x45_pmag_rp_30rnd_m855_last5tracer,{79B9B52B782C3979}Prefabs/Weapons/Magazines/PmagUnwindowed/Magazine_556x45_PMAG_RP_30rnd_M855_last5tracer.et,cash,15,7,0,0,0,0,0,1,
magazine_556x45_pmag_rp_30rnd_m855a1,{07F29F6D9433416E}Prefabs/Weapons/Magazines/PmagUnwindowed/Magazine_556x45_PMAG_RP_30rnd_M855A1.et,cash,15,7,0,0,0,0,0,1,
magazine_556x45_pmag_rp_30rnd_m855a1_last5tracer,{62E8B71995FA8BEB}Prefabs/Weapons/Magazines/PmagUnwindowed/Magazine_556x45_PMAG_RP_30rnd_M855A1_last5tracer.et,cash,15,7,0,0,0,0,0,1,
magazine_556x45_pmag_rp_30rnd_m856_tracer,{35FE9D2302642A1F}Prefabs/Weapons/Magazines/PmagUnwindowed/Magazine_556x45_PMAG_RP_30rnd_M856_Tracer.et,cash,15,7,0,0,0,0,0,1,
magazine_556x45_pmag_rp_30rnd_m856a1_tracer,{F940C553C68B3B1B}Prefabs/Weapons/Magazines/PmagUnwindowed/Magazine_556x45_PMAG_RP_30rnd_M856A1_Tracer.et,cash,15,7,0,0,0,0,0,1,
magazine_556x45_pmag_rp_30rnd_m995,{026B8511E08D2E52}Prefabs/Weapons/Magazines/PmagUnwindowed/Magazine_556x45_PMAG_RP_30rnd_m995.et,cash,15,7,0,0,0,0,0,1,
magazine_556x45_pmag_rp_30rnd_mk262,{CC28A7770F1500B3}Prefabs/Weapons/Magazines/PmagUnwindowed/Magazine_556x45_PMAG_RP_30rnd_MK262.et,cash,15,7,0,0,0,0,0,1,
magazine_556x45_pmag_rp_30rnd_mk318,{14EF4116473FC673}Prefabs/Weapons/Magazines/PmagUnwindowed/Magazine_556x45_PMAG_RP_30rnd_MK318.et,cash,15,7,0,0,0,0,0,1,
magazine_556x45_pmag_rp_30rnd_mk318_last5tracer,{9889030CC62B4C9E}Prefabs/Weapons/Magazines/PmagUnwindowed/Magazine_556x45_PMAG_RP_30rnd_MK318_last5tracer.et,cash,15,7,0,0,0,0,0,1,
magazine_556x45_pmag_rp_mcb_30rnd_m855,{51FEEEA23EC5107D}Prefabs/Weapons/Magazines/PmagUnwindowed/Magazine_556x45_PMAG_RP_MCB_30rnd_M855.et,cash,15,7,0,0,0,0,0,1,
magazine_556x45_pmag_rp_mcb_30rnd_m855_last5tracer,{B93B6A8258AB288B}Prefabs/Weapons/Magazines/PmagUnwindowed/Magazine_556x45_PMAG_RP_MCB_30rnd_M855_last5tracer.et,cash,15,7,0,0,0,0,0,1,
magazine_556x45_pmag_rp_mcb_30rnd_m855a1,{BFF097F8034F1281}Prefabs/Weapons/Magazines/PmagUnwindowed/Magazine_556x45_PMAG_RP_MCB_30rnd_M855A1.et,cash,15,7,0,0,0,0,0,1,
magazine_556x45_pmag_rp_mcb_30rnd_m855a1_last5tracer,{26923F2EC7BF4EBF}Prefabs/Weapons/Magazines/PmagUnwindowed/Magazine_556x45_PMAG_RP_MCB_30rnd_M855A1_last5tracer.et,cash,15,7,0,0,0,0,0,1,
magazine_556x45_pmag_rp_mcb_30rnd_m856_tracer,{06969DEA9620FBB2}Prefabs/Weapons/Magazines/PmagUnwindowed/Magazine_556x45_PMAG_RP_MCB_30rnd_M856_Tracer.et,cash,15,7,0,0,0,0,0,1,
magazine_556x45_pmag_rp_mcb_30rnd_m856a1_tracer,{A4E1EAF2AC5B6557}Prefabs/Weapons/Magazines/PmagUnwindowed/Magazine_556x45_PMAG_RP_MCB_30rnd_M856A1_Tracer.et,cash,15,7,0,0,0,0,0,1,
magazine_556x45_pmag_rp_mct_30rnd_m855,{A0FD43363DE58A9E}Prefabs/Weapons/Magazines/PmagUnwindowed/Magazine_556x45_PMAG_RP_MCT_30rnd_M855.et,cash,15,7,0,0,0,0,0,1,
magazine_556x45_pmag_rp_mct_30rnd_m855_last5tracer,{9D3979C3C85154F0}Prefabs/Weapons/Magazines/PmagUnwindowed/Magazine_556x45_PMAG_RP_MCT_30rnd_M855_last5tracer.et,cash,15,7,0,0,0,0,0,1,
magazine_556x45_pmag_rp_mct_30rnd_m855a1,{F83609FB6C63B009}Prefabs/Weapons/Magazines/PmagUnwindowed/Magazine_556x45_PMAG_RP_MCT_30rnd_M855A1.et,cash,15,7,0,0,0,0,0,1,
magazine_556x45_pmag_rp_mct_30rnd_m855a1_last5tracer,{049CB442B36D8C18}Prefabs/Weapons/Magazines/PmagUnwindowed/Magazine_556x45_PMAG_RP_MCT_30rnd_M855A1_last5tracer.et,cash,15,7,0,0,0,0,0,1,
magazine_556x45_pmag_rp_mct_30rnd_m856_tracer,{AA835D48FE8C496A}Prefabs/Weapons/Magazines/PmagUnwindowed/Magazine_556x45_PMAG_RP_MCT_30rnd_M856_Tracer.et,cash,15,7,0,0,0,0,0,1,
magazine_556x45_pmag_rp_mct_30rnd_m856a1_tracer,{7E767A8000F7205B}Prefabs/Weapons/Magazines/PmagUnwindowed/Magazine_556x45_PMAG_RP_MCT_30rnd_M856A1_Tracer.et,cash,15,7,0,0,0,0,0,1,
magazine_556x45_pmag_rp_mct_30rnd_m995,{B56E211D1470498C}Prefabs/Weapons/Magazines/PmagUnwindowed/Magazine_556x45_PMAG_RP_MCT_30rnd_m995.et,cash,15,7,0,0,0,0,0,1,
magazine_556x45_pmag_rp_mct_30rnd_mk262,{1B13833ACA1E9325}Prefabs/Weapons/Magazines/PmagUnwindowed/Magazine_556x45_PMAG_RP_MCT_30rnd_MK262.et,cash,15,7,0,0,0,0,0,1,
magazine_556x45_pmag_rp_mct_30rnd_mk318,{C3D4655B823455E5}Prefabs/Weapons/Magazines/PmagUnwindowed/Magazine_556x45_PMAG_RP_MCT_30rnd_MK318.et,cash,15,7,0,0,0,0,0,1,
magazine_556x45_pmag_rp_mct_30rnd_mk318_last5tracer,{B1F39BD30399777D}Prefabs/Weapons/Magazines/PmagUnwindowed/Magazine_556x45_PMAG_RP_MCT_30rnd_MK318_last5tracer.et,cash,15,7,0,0,0,0,0,1,
magazine_556x45_pmag_rp_odg_30rnd_m855,{CE6CE58264B086DB}Prefabs/Weapons/Magazines/PmagUnwindowed/Magazine_556x45_PMAG_RP_ODG_30rnd_M855.et,cash,15,7,0,0,0,0,0,1,
magazine_556x45_pmag_rp_odg_30rnd_m855_last5tracer,{A2BD11B12F8FB7BF}Prefabs/Weapons/Magazines/PmagUnwindowed/Magazine_556x45_PMAG_RP_ODG_30rnd_M855_last5tracer.et,cash,15,7,0,0,0,0,0,1,
magazine_556x45_pmag_rp_odg_30rnd_m855a1,{0F4C106F6E843929}Prefabs/Weapons/Magazines/PmagUnwindowed/Magazine_556x45_PMAG_RP_ODG_30rnd_M855A1.et,cash,15,7,0,0,0,0,0,1,
magazine_556x45_pmag_rp_odg_30rnd_m855a1_last5tracer,{4049EA1269348A0F}Prefabs/Weapons/Magazines/PmagUnwindowed/Magazine_556x45_PMAG_RP_ODG_30rnd_M855A1_last5tracer.et,cash,15,7,0,0,0,0,0,1,
magazine_556x45_pmag_rp_odg_30rnd_m856_tracer,{5DC43006B231912D}Prefabs/Weapons/Magazines/PmagUnwindowed/Magazine_556x45_PMAG_RP_ODG_30rnd_M856_Tracer.et,cash,15,7,0,0,0,0,0,1,
magazine_556x45_pmag_rp_odg_30rnd_m856a1_tracer,{4F531009DA49D6A0}Prefabs/Weapons/Magazines/PmagUnwindowed/Magazine_556x45_PMAG_RP_ODG_30rnd_M856A1_Tracer.et,cash,15,7,0,0,0,0,0,1,
magazine_556x45_pmagwindowed_30rnd_m855,{82DAAECB56D3A97A}Prefabs/Weapons/Magazines/Pmag/Magazine_556x45_PmagWindowed_30rnd_M855.et,cash,15,7,0,0,0,0,0,1,
magazine_556x45_pmagwindowed_30rnd_m855_last5tracer,{35B664EFC29F7B0F}Prefabs/Weapons/Magazines/Pmag/Magazine_556x45_PmagWindowed_30rnd_M855_last5tracer.et,cash,15,7,0,0,0,0,0,1,
magazine_556x45_pmagwindowed_30rnd_m855a1,{C632D04DD25D3ABF}Prefabs/Weapons/Magazines/Pmag/Magazine_556x45_PmagWindowed_30rnd_M855A1.et,cash,27,13,0,0,0,0,0,1,
magazine_556x45_pmagwindowed_30rnd_m855a1_last5tracer,{BD30BE4A3D8B9DAC}Prefabs/Weapons/Magazines/Pmag/Magazine_556x45_PmagWindowed_30rnd_M855A1_last5tracer.et,cash,27,13,0,0,0,0,0,1,
magazine_556x45_pmagwindowed_30rnd_m856_tracer,{09961DD0377AABF9}Prefabs/Weapons/Magazines/Pmag/Magazine_556x45_PmagWindowed_30rnd_M856_Tracer.et,cash,15,7,0,0,0,0,0,1,
magazine_556x45_pmagwindowed_30rnd_m856a1_tracer,{DD3B6A70875801D9}Prefabs/Weapons/Magazines/Pmag/Magazine_556x45_PmagWindowed_30rnd_M856A1_Tracer.et,cash,45,22,0,0,0,0,0,1,
magazine_556x45_pmagwindowed_30rnd_m995,{9749CCE07F466A68}Prefabs/Weapons/Magazines/Pmag/Magazine_556x45_PmagWindowed_30rnd_M995.et,cash,45,22,0,0,0,0,0,1,
magazine_556x45_pmagwindowed_30rnd_mk262,{75654C798E2A11DD}Prefabs/Weapons/Magazines/Pmag/Magazine_556x45_PmagWindowed_30rnd_MK262.et,cash,45,22,0,0,0,0,0,1,
magazine_556x45_pmagwindowed_30rnd_mk318,{ADA2AA18C600D71D}Prefabs/Weapons/Magazines/Pmag/Magazine_556x45_PmagWindowed_30rnd_MK318.et,cash,45,22,0,0,0,0,0,1,
magazine_556x45_pmagwindowed_30rnd_mk318_last5tracer,{96086F6C8DC22ED0}Prefabs/Weapons/Magazines/Pmag/Magazine_556x45_PmagWindowed_30rnd_MK318_last5tracer.et,cash,45,22,0,0,0,0,0,1,
magazine_556x45_pmagwindowed_mcb_30rnd_m855,{75ECEBD5EC954629}Prefabs/Weapons/Magazines/Pmag/Magazine_556x45_PmagWindowed_MCB_30rnd_M855.et,cash,135,67,0,0,0,0,0,1,
magazine_556x45_pmagwindowed_mcb_30rnd_m855_last5tracer,{9E3197C43473DD01}Prefabs/Weapons/Magazines/Pmag/Magazine_556x45_PmagWindowed_MCB_30rnd_M855_last5tracer.et,cash,135,67,0,0,0,0,0,1,
magazine_556x45_pmagwindowed_mcb_30rnd_m855a1,{EDF526C1CD5355C9}Prefabs/Weapons/Magazines/Pmag/Magazine_556x45_PmagWindowed_MCB_30rnd_M855A1.et,cash,135,67,0,0,0,0,0,1,
magazine_556x45_pmagwindowed_mcb_30rnd_m855a1_last5tracer,{CB021BBC7B60022E}Prefabs/Weapons/Magazines/Pmag/Magazine_556x45_PmagWindowed_MCB_30rnd_M855A1_last5tracer.et,cash,135,67,0,0,0,0,0,1,
magazine_556x45_pmagwindowed_mcb_30rnd_m856_tracer,{382E61DB4A6A7926}Prefabs/Weapons/Magazines/Pmag/Magazine_556x45_PmagWindowed_MCB_30rnd_M856_Tracer.et,cash,135,67,0,0,0,0,0,1,
magazine_556x45_pmagwindowed_mcb_30rnd_m856a1_tracer,{AA608692E7B20719}Prefabs/Weapons/Magazines/Pmag/Magazine_556x45_PmagWindowed_MCB_30rnd_M856A1_Tracer.et,cash,135,67,0,0,0,0,0,1,
magazine_556x45_pmagwindowed_mct_30rnd_m855,{84EF4641EFB5DCCA}Prefabs/Weapons/Magazines/Pmag/Magazine_556x45_PmagWindowed_MCT_30rnd_M855.et,cash,135,67,0,0,0,0,0,1,
magazine_556x45_pmagwindowed_mct_30rnd_m855_last5tracer,{BA338485A489A17A}Prefabs/Weapons/Magazines/Pmag/Magazine_556x45_PmagWindowed_MCT_30rnd_M855_last5tracer.et,cash,135,67,0,0,0,0,0,1,
magazine_556x45_pmagwindowed_mct_30rnd_m855a1,{B5693611B92F0BAA}Prefabs/Weapons/Magazines/Pmag/Magazine_556x45_PmagWindowed_MCT_30rnd_M855A1.et,cash,27,13,0,0,0,0,0,1,
magazine_556x45_pmagwindowed_mct_30rnd_m855a1_last5tracer,{A540E8600876C2A2}Prefabs/Weapons/Magazines/Pmag/Magazine_556x45_PmagWindowed_MCT_30rnd_M855A1_last5tracer.et,cash,27,13,0,0,0,0,0,1,
magazine_556x45_pmagwindowed_mct_30rnd_m856_tracer,{943BA17922C6CBFE}Prefabs/Weapons/Magazines/Pmag/Magazine_556x45_PmagWindowed_MCT_30rnd_M856_Tracer.et,cash,135,67,0,0,0,0,0,1,
magazine_556x45_pmagwindowed_mct_30rnd_m856a1_tracer,{F4DB91811DF2794E}Prefabs/Weapons/Magazines/Pmag/Magazine_556x45_PmagWindowed_MCT_30rnd_M856A1_Tracer.et,cash,45,22,0,0,0,0,0,1,
magazine_556x45_pmagwindowed_mct_30rnd_m995,{AE484B2A9DBDF18E}Prefabs/Weapons/Magazines/Pmag/Magazine_556x45_PmagWindowed_MCT_30rnd_M995.et,cash,45,22,0,0,0,0,0,1,
magazine_556x45_pmagwindowed_mct_30rnd_mk262,{8C5F6352B5C92024}Prefabs/Weapons/Magazines/Pmag/Magazine_556x45_PmagWindowed_MCT_30rnd_MK262.et,cash,45,22,0,0,0,0,0,1,
magazine_556x45_pmagwindowed_mct_30rnd_mk318,{54988533FDE3E6E4}Prefabs/Weapons/Magazines/Pmag/Magazine_556x45_PmagWindowed_MCT_30rnd_MK318.et,cash,45,22,0,0,0,0,0,1,
magazine_556x45_pmagwindowed_mct_30rnd_mk318_last5tracer,{F95668390ED341C9}Prefabs/Weapons/Magazines/Pmag/Magazine_556x45_PmagWindowed_MCT_30rnd_MK318_last5tracer.et,cash,45,22,0,0,0,0,0,1,
magazine_556x45_pmagwindowed_odg_30rnd_m855,{EA7EE0F5B6E0D08F}Prefabs/Weapons/Magazines/Pmag/Magazine_556x45_PmagWindowed_ODG_30rnd_M855.et,cash,135,67,0,0,0,0,0,1,
magazine_556x45_pmagwindowed_odg_30rnd_m855_last5tracer,{85B7ECF743574235}Prefabs/Weapons/Magazines/Pmag/Magazine_556x45_PmagWindowed_ODG_30rnd_M855_last5tracer.et,cash,135,67,0,0,0,0,0,1,
magazine_556x45_pmagwindowed_odg_30rnd_m855a1,{5D49A156A0987E61}Prefabs/Weapons/Magazines/Pmag/Magazine_556x45_PmagWindowed_ODG_30rnd_M855A1.et,cash,135,67,0,0,0,0,0,1,
magazine_556x45_pmagwindowed_odg_30rnd_m855a1_last5tracer,{ADD9CE80D5EBC69E}Prefabs/Weapons/Magazines/Pmag/Magazine_556x45_PmagWindowed_ODG_30rnd_M855A1_last5tracer.et,cash,135,67,0,0,0,0,0,1,
magazine_556x45_pmagwindowed_odg_30rnd_m856_tracer,{637CCC376E7B13B9}Prefabs/Weapons/Magazines/Pmag/Magazine_556x45_PmagWindowed_ODG_30rnd_M856_Tracer.et,cash,135,67,0,0,0,0,0,1,
magazine_556x45_pmagwindowed_odg_30rnd_m856a1_tracer,{41D27C6991A0B4EE}Prefabs/Weapons/Magazines/Pmag/Magazine_556x45_PmagWindowed_ODG_30rnd_M856A1_Tracer.et,cash,135,67,0,0,0,0,0,1,
magazine_556x45_pmagwindowed_rp_30rnd_m855,{A87F51C769FE482F}Prefabs/Weapons/Magazines/Pmag/Magazine_556x45_PmagWindowed_RP_30rnd_M855.et,cash,135,67,0,0,0,0,0,1,
magazine_556x45_pmagwindowed_rp_30rnd_m855_last5tracer,{14B24E9D243E1268}Prefabs/Weapons/Magazines/Pmag/Magazine_556x45_PmagWindowed_RP_30rnd_M855_last5tracer.et,cash,135,67,0,0,0,0,0,1,
magazine_556x45_pmagwindowed_rp_30rnd_m855a1,{EA36AF03BBEA8BE6}Prefabs/Weapons/Magazines/Pmag/Magazine_556x45_PmagWindowed_RP_30rnd_M855A1.et,cash,45,22,0,0,0,0,0,1,
magazine_556x45_pmagwindowed_rp_30rnd_m855a1_last5tracer,{FC2FA6FE4FB210F9}Prefabs/Weapons/Magazines/Pmag/Magazine_556x45_PmagWindowed_RP_30rnd_M855A1_last5tracer.et,cash,45,22,0,0,0,0,0,1,
magazine_556x45_pmagwindowed_rp_30rnd_m856_tracer,{2959C715A52DC2E6}Prefabs/Weapons/Magazines/Pmag/Magazine_556x45_PmagWindowed_RP_30rnd_M856_Tracer.et,cash,135,67,0,0,0,0,0,1,
magazine_556x45_pmagwindowed_rp_30rnd_m856a1_tracer,{BA1E253AD772846C}Prefabs/Weapons/Magazines/Pmag/Magazine_556x45_PmagWindowed_RP_30rnd_M856A1_Tracer.et,cash,45,22,0,0,0,0,0,1,
magazine_556x45_pmagwindowed_rp_30rnd_m995,{BDEC33EC406B8B3D}Prefabs/Weapons/Magazines/Pmag/Magazine_556x45_PmagWindowed_RP_30rnd_m995.et,cash,45,22,0,0,0,0,0,1,
magazine_556x45_pmagwindowed_rp_30rnd_mk262,{0B67BEE4CD59FB9B}Prefabs/Weapons/Magazines/Pmag/Magazine_556x45_PmagWindowed_RP_30rnd_MK262.et,cash,45,22,0,0,0,0,0,1,
magazine_556x45_pmagwindowed_rp_30rnd_mk318,{D3A0588585733D5B}Prefabs/Weapons/Magazines/Pmag/Magazine_556x45_PmagWindowed_RP_30rnd_MK318.et,cash,45,22,0,0,0,0,0,1,
magazine_556x45_pmagwindowed_rp_30rnd_mk318_last5tracer,{1CA80D9EA482749D}Prefabs/Weapons/Magazines/Pmag/Magazine_556x45_PmagWindowed_RP_30rnd_MK318_last5tracer.et,cash,45,22,0,0,0,0,0,1,
magazine_556x45_pmagwindowed_rp_mcb_30rnd_m855,{84D5E892332D2773}Prefabs/Weapons/Magazines/Pmag/Magazine_556x45_PmagWindowed_RP_MCB_30rnd_M855.et,cash,135,67,0,0,0,0,0,1,
magazine_556x45_pmagwindowed_rp_mcb_30rnd_m855_last5tracer,{0BBEBA07B67FA2A6}Prefabs/Weapons/Magazines/Pmag/Magazine_556x45_PmagWindowed_RP_MCB_30rnd_M855_last5tracer.et,cash,135,67,0,0,0,0,0,1,
magazine_556x45_pmagwindowed_rp_mcb_30rnd_m855a1,{B920E207A7B5CDE8}Prefabs/Weapons/Magazines/Pmag/Magazine_556x45_PmagWindowed_RP_MCB_30rnd_M855A1.et,cash,135,67,0,0,0,0,0,1,
magazine_556x45_pmagwindowed_rp_mcb_30rnd_m855a1_last5tracer,{CDD51640E14F051E}Prefabs/Weapons/Magazines/Pmag/Magazine_556x45_PmagWindowed_RP_MCB_30rnd_M855A1_last5tracer.et,cash,135,67,0,0,0,0,0,1,
magazine_556x45_pmagwindowed_rp_mcb_30rnd_m856_tracer,{EFCB852A6B7F1B28}Prefabs/Weapons/Magazines/Pmag/Magazine_556x45_PmagWindowed_RP_MCB_30rnd_M856_Tracer.et,cash,135,67,0,0,0,0,0,1,
magazine_556x45_pmagwindowed_rp_mcb_30rnd_m856a1_tracer,{20C0E460CEF25D54}Prefabs/Weapons/Magazines/Pmag/Magazine_556x45_PmagWindowed_RP_MCB_30rnd_M856A1_Tracer.et,cash,135,67,0,0,0,0,0,1,
magazine_556x45_pmagwindowed_rp_mct_30rnd_m855,{75D64506300DBD91}Prefabs/Weapons/Magazines/Pmag/Magazine_556x45_PmagWindowed_RP_MCT_30rnd_M855.et,cash,135,67,0,0,0,0,0,1,
magazine_556x45_pmagwindowed_rp_mct_30rnd_m855_last5tracer,{2FBCA9462685DEDD}Prefabs/Weapons/Magazines/Pmag/Magazine_556x45_PmagWindowed_RP_MCT_30rnd_M855_last5tracer.et,cash,135,67,0,0,0,0,0,1,
magazine_556x45_pmagwindowed_rp_mct_30rnd_m855a1,{FEE67C04C8996F60}Prefabs/Weapons/Magazines/Pmag/Magazine_556x45_PmagWindowed_RP_MCT_30rnd_M855A1.et,cash,45,22,0,0,0,0,0,1,
magazine_556x45_pmagwindowed_rp_mct_30rnd_m855a1_last5tracer,{EFDB9D2C959DC7B9}Prefabs/Weapons/Magazines/Pmag/Magazine_556x45_PmagWindowed_RP_MCT_30rnd_M855A1_last5tracer.et,cash,45,22,0,0,0,0,0,1,
magazine_556x45_pmagwindowed_rp_mct_30rnd_m856_tracer,{43DE458803D3A9F0}Prefabs/Weapons/Magazines/Pmag/Magazine_556x45_PmagWindowed_RP_MCT_30rnd_M856_Tracer.et,cash,135,67,0,0,0,0,0,1,
magazine_556x45_pmagwindowed_rp_mct_30rnd_m856a1_tracer,{FA577412625E1858}Prefabs/Weapons/Magazines/Pmag/Magazine_556x45_PmagWindowed_RP_MCT_30rnd_M856A1_Tracer.et,cash,45,22,0,0,0,0,0,1,
magazine_556x45_pmagwindowed_rp_mct_30rnd_m995,{6045272D19987E82}Prefabs/Weapons/Magazines/Pmag/Magazine_556x45_PmagWindowed_RP_MCT_30rnd_m995.et,cash,45,22,0,0,0,0,0,1,
magazine_556x45_pmagwindowed_rp_mct_30rnd_mk262,{7114ABB3823E9764}Prefabs/Weapons/Magazines/Pmag/Magazine_556x45_PmagWindowed_RP_MCT_30rnd_MK262.et,cash,45,22,0,0,0,0,0,1,
magazine_556x45_pmagwindowed_rp_mct_30rnd_mk318,{A9D34DD2CA1451A4}Prefabs/Weapons/Magazines/Pmag/Magazine_556x45_PmagWindowed_RP_MCT_30rnd_MK318.et,cash,45,22,0,0,0,0,0,1,
magazine_556x45_pmagwindowed_rp_mct_30rnd_mk318_last5tracer,{ED7FB12A48D7CDA7}Prefabs/Weapons/Magazines/Pmag/Magazine_556x45_PmagWindowed_RP_MCT_30rnd_MK318_last5tracer.et,cash,45,22,0,0,0,0,0,1,
magazine_556x45_pmagwindowed_rp_odg_30rnd_m855,{1B47E3B26958B1D5}Prefabs/Weapons/Magazines/Pmag/Magazine_556x45_PmagWindowed_RP_ODG_30rnd_M855.et,cash,135,67,0,0,0,0,0,1,
magazine_556x45_pmagwindowed_rp_odg_30rnd_m855_last5tracer,{1038C134C15B3D92}Prefabs/Weapons/Magazines/Pmag/Magazine_556x45_PmagWindowed_RP_ODG_30rnd_M855_last5tracer.et,cash,135,67,0,0,0,0,0,1,
magazine_556x45_pmagwindowed_rp_odg_30rnd_m855a1,{099C6590CA7EE640}Prefabs/Weapons/Magazines/Pmag/Magazine_556x45_PmagWindowed_RP_ODG_30rnd_M855A1.et,cash,135,67,0,0,0,0,0,1,
magazine_556x45_pmagwindowed_rp_odg_30rnd_m855a1_last5tracer,{AB0EC37C4FC4C1AE}Prefabs/Weapons/Magazines/Pmag/Magazine_556x45_PmagWindowed_RP_ODG_30rnd_M855A1_last5tracer.et,cash,135,67,0,0,0,0,0,1,
magazine_556x45_pmagwindowed_rp_odg_30rnd_m856_tracer,{B49928C64F6E71B7}Prefabs/Weapons/Magazines/Pmag/Magazine_556x45_PmagWindowed_RP_ODG_30rnd_M856_Tracer.et,cash,135,67,0,0,0,0,0,1,
magazine_556x45_pmagwindowed_rp_odg_30rnd_m856a1_tracer,{CB721E9BB8E0EEA3}Prefabs/Weapons/Magazines/Pmag/Magazine_556x45_PmagWindowed_RP_ODG_30rnd_M856A1_Tracer.et,cash,135,67,0,0,0,0,0,1,
magazine_556x45_stanag_30rnd_m855_ball,{2EBF60EF24B108FC}Prefabs/Weapons/Magazines/Magazine_556x45_STANAG_30rnd_M855_Ball.et,cash,27,13,0,0,0,0,0,1,
magazine_556x45_stanag_30rnd_m855_m856_last_5tracer,{D8F2CA92583B23D3}Prefabs/Weapons/Magazines/Magazine_556x45_STANAG_30rnd_M855_M856_Last_5Tracer.et,cash,27,13,0,0,0,0,0,1,
magazine_556x45_stanag_30rnd_m855a1_last_5tracer,{DEDC311A2B0F9235}Prefabs/Weapons/Magazines/Magazine_556x45_STANAG_30rnd_M855A1_Last_5Tracer.et,cash,27,13,0,0,0,0,0,1,
magazine_556x45_stanag_30rnd_m856_tracer,{A9A385FE1F7BF4BD}Prefabs/Weapons/Magazines/Magazine_556x45_STANAG_30rnd_M856_Tracer.et,cash,27,13,0,0,0,0,0,1,
magazine_556x45_stanag_30rnd_m995,{32FEAE3A26BBF05D}Prefabs/Weapons/Magazines/Magazine_556x45_STANAG_30rnd_M995.et,cash,45,22,0,0,0,0,0,1,
magazine_556x45_stanag_epm_hp_t_30rnd_m855a1,{03E7F573F8AD4B88}Prefabs/Weapons/Magazines/Magazine_556x45_STANAG_EPM_HP_T_30rnd_M855A1.et,cash,27,13,0,0,0,0,0,1,
magazine_556x45_stanag_epm_hp_t_30rnd_m855a1_last5tracer,{32AE84333B764CB9}Prefabs/Weapons/Magazines/Magazine_556x45_STANAG_EPM_HP_T_30rnd_M855A1_last5tracer.et,cash,27,13,0,0,0,0,0,1,
magazine_556x45_stanag_epm_hp_t_30rnd_m995,{3F0A5A1F17A46418}Prefabs/Weapons/Magazines/Magazine_556x45_STANAG_EPM_HP_T_30rnd_m995.et,cash,45,22,0,0,0,0,0,1,
magazine_556x45_stanag_epm_sp_t_30rnd_m855a1,{DC0ADB503484BB08}Prefabs/Weapons/Magazines/Magazine_556x45_STANAG_EPM_SP_T_30rnd_M855A1.et,cash,27,13,0,0,0,0,0,1,
magazine_556x45_stanag_epm_sp_t_30rnd_m855a1_last5tracer,{134F072E6BB7D765}Prefabs/Weapons/Magazines/Magazine_556x45_STANAG_EPM_SP_T_30rnd_M855A1_Last5Tracer.et,cash,27,13,0,0,0,0,0,1,
magazine_556x45_stanag_epm_sp_t_30rnd_m995,{C8A367A860815D46}Prefabs/Weapons/Magazines/Magazine_556x45_STANAG_EPM_SP_T_30rnd_M995.et,cash,45,22,0,0,0,0,0,1,
magazine_556x45_stanag_hp_b_30rnd_m855a1,{7278219B7BD0E8CE}Prefabs/Weapons/Magazines/Magazine_556x45_STANAG_HP_B_30rnd_M855A1.et,cash,27,13,0,0,0,0,0,1,
magazine_556x45_stanag_hp_b_30rnd_m855a1_last5tracer,{A0554460C6C95EA8}Prefabs/Weapons/Magazines/Magazine_556x45_STANAG_HP_B_30rnd_M855A1_last5tracer.et,cash,27,13,0,0,0,0,0,1,
magazine_556x45_stanag_hp_b_30rnd_m995,{065A21D95CEAC496}Prefabs/Weapons/Magazines/Magazine_556x45_STANAG_HP_B_30rnd_m995.et,cash,45,22,0,0,0,0,0,1,
magazine_556x45_stanag_hp_t_30rnd_m855a1,{35BEBF9814FC4A46}Prefabs/Weapons/Magazines/Magazine_556x45_STANAG_HP_T_30rnd_M855A1.et,cash,27,13,0,0,0,0,0,1,
magazine_556x45_stanag_hp_t_30rnd_m855a1_last5tracer,{825BCF0CB21B9C0F}Prefabs/Weapons/Magazines/Magazine_556x45_STANAG_HP_T_30rnd_M855A1_last5tracer.et,cash,27,13,0,0,0,0,0,1,
magazine_556x45_stanag_hp_t_30rnd_m995,{F7598C4D5FCA5E75}Prefabs/Weapons/Magazines/Magazine_556x45_STANAG_HP_T_30rnd_m995.et,cash,45,22,0,0,0,0,0,1,
magazine_556x45_stanag_sp_b_30rnd_m855a1,{AD950FB8B7F9184E}Prefabs/Weapons/Magazines/Magazine_556x45_STANAG_SP_B_30rnd_M855A1.et,cash,27,13,0,0,0,0,0,1,
magazine_556x45_stanag_sp_b_30rnd_m855a1_last5tracer,{81B4C77D9608C574}Prefabs/Weapons/Magazines/Magazine_556x45_STANAG_SP_B_30rnd_M855A1_Last5Tracer.et,cash,27,13,0,0,0,0,0,1,
magazine_556x45_stanag_sp_b_30rnd_m995,{F1F31C6E2BCFFDC8}Prefabs/Weapons/Magazines/Magazine_556x45_STANAG_SP_B_30rnd_M995.et,cash,45,22,0,0,0,0,0,1,
magazine_556x45_stanag_sp_t_30rnd_m855a1,{EA5391BBD8D5BAC6}Prefabs/Weapons/Magazines/Magazine_556x45_STANAG_SP_T_30rnd_M855A1.et,cash,27,13,0,0,0,0,0,1,
magazine_556x45_stanag_sp_t_30rnd_m855a1_last5tracer,{A3BA4C11E2DA07D3}Prefabs/Weapons/Magazines/Magazine_556x45_STANAG_SP_T_30rnd_M855A1_Last5Tracer.et,cash,27,13,0,0,0,0,0,1,
magazine_556x45_stanag_sp_t_30rnd_m995,{00F0B1FA28EF672B}Prefabs/Weapons/Magazines/Magazine_556x45_STANAG_SP_T_30rnd_M995.et,cash,45,22,0,0,0,0,0,1,
magazine_762x39_plastic_ak_30rnd_57n231,{03D467E505692C3F}Prefabs/Weapons/Magazines/AK103_magazine/Magazine_762x39_plastic_AK_30rnd_57N231.et,cash,27,13,0,0,0,0,0,1,
magazine_762x39_plastic_ak_30rnd_57n231_89,{082BFF1356200DC7}Prefabs/Weapons/Magazines/AK103_magazine/Magazine_762x39_plastic_AK_30rnd_57N231_89.et,cash,27,13,0,0,0,0,0,1,
magazine_762x39_plastic_ak_30rnd_57n231u,{E98587D069A6C3FE}Prefabs/Weapons/Magazines/AK103_magazine/Magazine_762x39_plastic_AK_30rnd_57N231U.et,cash,27,13,0,0,0,0,0,1,
magazine_762x39_plastic_ak_30rnd_57t231p,{1C9A36B79C91C910}Prefabs/Weapons/Magazines/AK103_magazine/Magazine_762x39_plastic_AK_30rnd_57T231P.et,cash,27,13,0,0,0,0,0,1,
magazine_762x39_plastic_ak_30rnd_7n23,{ABD59EB741A3F47D}Prefabs/Weapons/Magazines/AK103_magazine/Magazine_762x39_plastic_AK_30rnd_7N23.et,cash,27,13,0,0,0,0,0,1,
magazine_762x39_vz58_30rnd_ball,{48720FC416263FC1}Prefabs/Weapons/Magazines/Vz58/Magazine_762x39_Vz58_30rnd_Ball.et,cash,15,7,0,0,0,0,0,1,
magazine_762x39_vz58_30rnd_last_5tracer,{A827B610B7CD4158}Prefabs/Weapons/Magazines/Vz58/Magazine_762x39_Vz58_30rnd_Last_5Tracer.et,cash,15,7,0,0,0,0,0,1,
magazine_762x39_vz58_30rnd_tracer,{FAFA0D71E75CEBE2}Prefabs/Weapons/Magazines/Vz58/Magazine_762x39_Vz58_30rnd_Tracer.et,cash,15,7,0,0,0,0,0,1,
magazine_762x51_m14_20rnd_m61_ap,{C319540BC96AE9BB}Prefabs/Weapons/Magazines/Magazine_762x51_M14_20rnd_M61_AP.et,cash,39,19,0,0,0,0,0,1,
magazine_762x51_m14_20rnd_m62_tracer,{F7C9D35FB2AFADFF}Prefabs/Weapons/Magazines/Magazine_762x51_M14_20rnd_M62_Tracer.et,cash,27,13,0,0,0,0,0,1,
magazine_762x51_m14_20rnd_m80,{BCB5E5C608ECFF50}Prefabs/Weapons/Magazines/Magazine_762x51_M14_20rnd_M80.et,cash,27,13,0,0,0,0,0,1,
magazine_762x51_m14_20rnd_specialball,{627255315038152A}Prefabs/Weapons/Magazines/Magazine_762x51_M14_20rnd_SpecialBall.et,cash,39,19,0,0,0,0,0,1,
magazine_762x51_m40_5rnd_base,{0EC215F0EB3288A6}Prefabs/Weapons/Magazines/Magazine_762x51_M40_5rnd_Base.et,cash,21,10,0,0,0,0,0,1,
magazine_762x51_m40_5rnd_m61ap,{925F3A6F7FE0DE64}Prefabs/Weapons/Magazines/Magazine_762x51_M40_5rnd_M61AP.et,cash,21,10,0,0,0,0,0,1,
magazine_762x51_m40_5rnd_m62_t,{6CDC3AA07A9A639E}Prefabs/Weapons/Magazines/Magazine_762x51_M40_5rnd_M62_T.et,cash,21,10,0,0,0,0,0,1,
magazine_762x51_m40_5rnd_m80,{EC9E0F22B90013F3}Prefabs/Weapons/Magazines/Magazine_762x51_M40_5rnd_M80.et,cash,21,10,0,0,0,0,0,1,
magazine_762x51_m40_5rnd_m80a1,{771467DBC661B9DE}Prefabs/Weapons/Magazines/Magazine_762x51_M40_5rnd_M80A1.et,cash,21,10,0,0,0,0,0,1,
magazine_762x54_svd_10rnd_7bz3api,{19600CCA33279D20}Prefabs/Weapons/Magazines/Magazine_762x54_SVD_10rnd_7BZ3API.et,cash,39,19,0,0,0,0,0,1,
magazine_762x54_svd_10rnd_7n14,{1F9F751F318EBEB0}Prefabs/Weapons/Magazines/Magazine_762x54_SVD_10rnd_7N14.et,cash,51,25,0,0,0,0,0,1,
magazine_762x54_svd_10rnd_lps,{77595CB9F596E6AC}Prefabs/Weapons/Magazines/Magazine_762x54_SVD_10rnd_LPS.et,cash,27,13,0,0,0,0,0,1,
magazine_762x54_svd_10rnd_sniper,{9CCB46C6EE632C1A}Prefabs/Weapons/Magazines/Magazine_762x54_SVD_10rnd_Sniper.et,cash,39,19,0,0,0,0,0,1,
magazine_762x54_svd_10rnd_tracer,{4A3649DFF8A3F0E3}Prefabs/Weapons/Magazines/Magazine_762x54_SVD_10rnd_Tracer.et,cash,27,13,0,0,0,0,0,1,
magazine_9x18_aps_20rnd_ball,{DFC0532A49E17C39}Prefabs/Weapons/Magazines/aps_magazine/Magazine_9x18_APS_20rnd_Ball.et,cash,21,10,0,0,0,0,0,1,
magazine_9x18_pm_8rnd_ball,{8B853CDD11BA916E}Prefabs/Weapons/Magazines/Magazine_9x18_PM_8rnd_Ball.et,cash,21,10,0,0,0,0,0,1,
magazine_9x19_glock_17rnd,{F20D1122BC5CD9F2}Prefabs/Weapons/Magazines/glock_magazine/Magazine_9x19_Glock_17rnd.et,cash,21,10,0,0,0,0,0,1,
magazine_9x19_glock_17rnd_tan,{0CAD83389EE8E3DC}Prefabs/Weapons/Magazines/glock_magazine/Magazine_9x19_Glock_17rnd_tan.et,cash,21,10,0,0,0,0,0,1,
magazine_9x19_m17_17rnd_m1152,{8FF49793853DB2F9}Prefabs/Weapons/Magazines/m17_magazines/Magazine_9x19_m17_17rnd_M1152.et,cash,21,10,0,0,0,0,0,1,
magazine_9x19_m17_17rnd_m1153,{6BF76E1E3BDC44F0}Prefabs/Weapons/Magazines/m17_magazines/Magazine_9x19_m17_17rnd_M1153.et,cash,21,10,0,0,0,0,0,1,
magazine_9x19_m17_17rnd_m882,{A62799F16443E356}Prefabs/Weapons/Magazines/m17_magazines/Magazine_9x19_m17_17rnd_M882.et,cash,21,10,0,0,0,0,0,1,
magazine_9x19_m17_24rnd_m1152,{378685356C8F72E6}Prefabs/Weapons/Magazines/m17_magazines/Magazine_9x19_m17_24rnd_M1152.et,cash,27,13,0,0,0,0,0,1,
magazine_9x19_m17_24rnd_m1153,{50E17897FE5691D8}Prefabs/Weapons/Magazines/m17_magazines/Magazine_9x19_m17_24rnd_M1153.et,cash,21,10,0,0,0,0,0,1,
magazine_9x19_m17_24rnd_m882,{195C7603DEA28017}Prefabs/Weapons/Magazines/m17_magazines/Magazine_9x19_m17_24rnd_M882.et,cash,21,10,0,0,0,0,0,1,
magazine_9x19_m9_15rnd_ball,{9C05543A503DB80E}Prefabs/Weapons/Magazines/Magazine_9x19_M9_15rnd_Ball.et,cash,21,10,0,0,0,0,0,1,
magazine_9x19_mp443_17rnd_7n21,{D2E91B2DD0D3EF30}Prefabs/Weapons/Magazines/MP443/Magazine_9x19_MP443_17rnd_7N21.et,cash,21,10,0,0,0,0,0,1,
magazine_9x19_mp443_17rnd_7n31,{A5E373A524710040}Prefabs/Weapons/Magazines/MP443/Magazine_9x19_MP443_17rnd_7N31.et,cash,27,13,0,0,0,0,0,1,
magazine_9x39_sr3m_30rnd_sp5_base,{91836E59CE2497BC}Prefabs/Weapons/Magazines/sr3m_magazine_30rnd/Magazine_9x39_SR3M_30rnd_SP5_base.et,cash,45,22,0,0,0,0,0,1,
magazine_9x39_sr3m_30rnd_sp6_base,{9F9D2A11F3D39866}Prefabs/Weapons/Magazines/sr3m_magazine_30rnd/Magazine_9x39_SR3M_30rnd_SP6_base.et,cash,45,22,0,0,0,0,0,1,
collim_ap2k,{08286DDBB1F33FF1}Prefabs/Weapons/Attachments/Optics/Optic_AP2k/Collim_AP2k.et,cash,500,250,0,0,0,0,0,1,
collim_ap2k_olivegreen_sand_stripes,{519E60CCCDCA456A}Prefabs/Weapons/Attachments/Optics/Optic_AP2k/Collim_AP2k_OliveGreen_Sand_Stripes.et,cash,500,250,0,0,0,0,0,1,
collim_ap2k_olivegreen_solid,{B8764E1CDC4F4F22}Prefabs/Weapons/Attachments/Optics/Optic_AP2k/Collim_AP2k_OliveGreen_Solid.et,cash,500,250,0,0,0,0,0,1,
kac_folding_sight_600_rear,{41F3C10C4FEBC1FF}Prefabs/Weapons/Attachments/Optics/kac_folding_sights_600/kac_folding_sight_600_rear.et,cash,250,125,0,0,0,0,0,1,
kac_folding_sight_front,{BC01D4724626132E}Prefabs/Weapons/Attachments/Optics/kac_folding_sights_600/kac_folding_sight_front.et,cash,250,125,0,0,0,0,0,1,
lmt_l8a_rear,{6B164FDCD50633AC}Prefabs/Weapons/Attachments/Optics/lmt_l8a/lmt_l8a_rear.et,cash,150,75,0,0,0,0,0,1,
m4a1_carry_handle,{CE36711D1B5D4EB8}Prefabs/Weapons/Attachments/Optics/m4a1_carry_handle/m4a1_carry_handle.et,cash,150,75,0,0,0,0,0,1,
mbs,{6461605F9A86F10C}Prefabs/Weapons/Attachments/Optics/mbs/MBS.et,cash,6000,3000,0,0,0,0,0,1,
mbus_blk_folding_sight_front,{B05910AE5C2526DD}Prefabs/Weapons/Attachments/Optics/mbus/mbus_blk_folding_sight_front.et,cash,120,60,0,0,0,0,0,1,
mbus_blk_folding_sight_rear,{677E8A0792696783}Prefabs/Weapons/Attachments/Optics/mbus/mbus_blk_folding_sight_rear.et,cash,120,60,0,0,0,0,0,1,
mbus_odg_folding_sight_front,{DB70A1C8C4458E1E}Prefabs/Weapons/Attachments/Optics/mbus/mbus_odg_folding_sight_front.et,cash,120,60,0,0,0,0,0,1,
mbus_odg_folding_sight_rear,{5A264174D0FB08A6}Prefabs/Weapons/Attachments/Optics/mbus/mbus_odg_folding_sight_rear.et,cash,120,60,0,0,0,0,0,1,
mbus_tan_folding_sight_front,{CEF0704C814E32C5}Prefabs/Weapons/Attachments/Optics/mbus/mbus_tan_folding_sight_front.et,cash,120,60,0,0,0,0,0,1,
mbus_tan_folding_sight_rear,{9ECBF331E7F6EED3}Prefabs/Weapons/Attachments/Optics/mbus/mbus_tan_folding_sight_rear.et,cash,120,60,0,0,0,0,0,1,
optic_1p21,{695AAA77F84EB238}Prefabs/Weapons/Attachments/Optics/1p21/Optic_1P21.et,cash,600,300,0,0,0,0,0,1,
optic_1p29,{ACDF49FACD0701A8}Prefabs/Weapons/Attachments/Optics/Optic_1P29/Optic_1P29.et,cash,350,175,0,0,0,0,0,1,
optic_1p63,{FE2896D202FE7449}Prefabs/Weapons/Attachments/Optics/1p63/Optic_1P63.et,cash,350,175,0,0,0,0,0,1,
optic_1p78,{8D4BAA235F7EDBEA}Prefabs/Weapons/Attachments/Optics/1p78/Optic_1P78.et,cash,450,225,0,0,0,0,0,1,
optic_1p86,{1DAE6B750D430AAE}Prefabs/Weapons/Attachments/Optics/1p86/Optic_1p86.et,cash,800,400,0,0,0,0,0,1,
optic_1p86-1,{F727A9D4939E89EE}Prefabs/Weapons/Attachments/Optics/1p86/Optic_1p86-1.et,cash,800,400,0,0,0,0,0,1,
optic_1p87,{C4B57488909B3B63}Prefabs/Weapons/Attachments/Optics/1p87/Optic_1P87.et,cash,900,450,0,0,0,0,0,1,
optic_1p87_1p90,{E35250A515F71A22}Prefabs/Weapons/Attachments/Optics/1p87/Optic_1P87_1P90.et,cash,900,450,0,0,0,0,0,1,
optic_1p87_1pn138,{64A680729707DBFE}Prefabs/Weapons/Attachments/Optics/1p87/Optic_1P87_1PN138.et,cash,900,450,0,0,0,0,0,1,
optic_1p87_new,{349DE19C84303C7B}Prefabs/Weapons/Attachments/Optics/1p87/Optic_1P87_new.et,cash,900,450,0,0,0,0,0,1,
optic_1pn93,{4572378B75A039EC}Prefabs/Weapons/Attachments/Optics/1pn93/Optic_1PN93.et,cash,2500,1250,0,0,0,0,0,1,
optic_1pn93-1as,{DEADBC6C05F50F89}Prefabs/Weapons/Attachments/Optics/1pn93/Optic_1PN93-1AS.et,cash,2500,1250,0,0,0,0,0,1,
optic_1pn93-2rpg,{3F8391F77D4E7AE8}Prefabs/Weapons/Attachments/Optics/1pn93/Optic_1PN93-2RPG.et,cash,2500,1250,0,0,0,0,0,1,
optic_1pn93-3pkm,{617F270DE5A59A27}Prefabs/Weapons/Attachments/Optics/1pn93/Optic_1PN93-3PKM.et,cash,2500,1250,0,0,0,0,0,1,
optic_1pn93-3svd,{10DEE0CBAB258B0D}Prefabs/Weapons/Attachments/Optics/1pn93/Optic_1PN93-3SVD.et,cash,2500,1250,0,0,0,0,0,1,
optic_4x20,{BD496EE1B40DC510}Prefabs/Weapons/Attachments/Optics/Optic_4x20/Optic_4x20.et,cash,250,125,0,0,0,0,0,1,
optic_4x20_olivegreen_sand_stripes,{44AAA61117B6CA8E}Prefabs/Weapons/Attachments/Optics/Optic_4x20/Optic_4x20_OliveGreen_Sand_Stripes.et,cash,250,125,0,0,0,0,0,1,
optic_4x20_olivegreen_solid,{B9773AC7CCDAD633}Prefabs/Weapons/Attachments/Optics/Optic_4x20/Optic_4x20_OliveGreen_Solid.et,cash,250,125,0,0,0,0,0,1,
optic_artii,{D2018EDB1BBF4C88}Prefabs/Weapons/Attachments/Optics/Optic_ARTII/Optic_ARTII.et,cash,1500,750,0,0,0,0,0,1,
optic_artii_olivegreen_sand_stripes,{78E6C499CFFB8882}Prefabs/Weapons/Attachments/Optics/Optic_ARTII/Optic_ARTII_OliveGreen_Sand_Stripes.et,cash,1500,750,0,0,0,0,0,1,
optic_artii_olivegreen_sand_stripes_wrapped,{304664561B760EE0}Prefabs/Weapons/Attachments/Optics/Optic_ARTII/Optic_ARTII_OliveGreen_Sand_Stripes_Wrapped.et,cash,1500,750,0,0,0,0,0,1,
optic_bravo4,{969F74903AFFCABE}Prefabs/Weapons/Attachments/Optics/bravo4/Optic_bravo4.et,cash,600,300,0,0,0,0,0,1,
optic_bravo4_blk,{BEE53E42411B8FFA}Prefabs/Weapons/Attachments/Optics/bravo4/Optic_bravo4_blk.et,cash,600,300,0,0,0,0,0,1,
optic_bravo4_tan,{7D988DAC1E88AF14}Prefabs/Weapons/Attachments/Optics/bravo4/Optic_bravo4_tan.et,cash,600,300,0,0,0,0,0,1,
optic_dedal_nv_base,{D96641FBB4AAF5E2}Prefabs/Weapons/Attachments/Optics/Dedal_NV/Optic_Dedal_NV_base.et,cash,3000,1500,0,0,0,0,0,1,
optic_exps3-1,{9C42803E49305273}Prefabs/Weapons/Attachments/Optics/exps/Optic_EXPS3-1.et,cash,900,450,0,0,0,0,0,1,
optic_exps3-1_tan,{0A697FF8CA33F9A5}Prefabs/Weapons/Attachments/Optics/exps/Optic_EXPS3-1_tan.et,cash,900,450,0,0,0,0,0,1,
optic_exps3-2,{F016B4DEF5F4DD5D}Prefabs/Weapons/Attachments/Optics/exps/Optic_EXPS3-2.et,cash,900,450,0,0,0,0,0,1,
optic_exps3-2_tan,{B8BE3D139591CA3D}Prefabs/Weapons/Attachments/Optics/exps/Optic_EXPS3-2_tan.et,cash,900,450,0,0,0,0,0,1,
optic_exps3-3,{158AF827F9114A36}Prefabs/Weapons/Attachments/Optics/exps/Optic_EXPS3-3.et,cash,900,450,0,0,0,0,0,1,
optic_exps3-3_tan,{D6F3034AA0F024B5}Prefabs/Weapons/Attachments/Optics/exps/Optic_EXPS3-3_tan.et,cash,900,450,0,0,0,0,0,1,
optic_infratech1tws,{3A4E2F9091E70EC7}Prefabs/Weapons/Attachments/Optics/infratech1tws/Optic_Infratech1tws.et,cash,8000,4000,0,0,0,0,0,1,
optic_leupoldmk4,{ACC9B43941CE5EA6}Prefabs/Weapons/Attachments/Optics/Optic_leupoldMK4/Optic_leupoldMK4.et,cash,1500,750,0,0,0,0,0,1,
optic_m8541,{333A794F0B55C019}Prefabs/Weapons/Attachments/Optics/m8541/Optic_M8541.et,cash,3500,1750,0,0,0,0,0,1,
optic_pgo7v3,{E5E9DBBF3BFB88C6}Prefabs/Weapons/Attachments/Optics/Optic_PGO7/Optic_PGO7V3.et,cash,300,150,0,0,0,0,0,1,
optic_pgo7v3_8F83CE66,{8F83CE66A8F44D72}Prefabs/Weapons/Attachments/Optics/pgo7v3/Optic_PGO7V3.et,cash,300,150,0,0,0,0,0,1,
optic_po4x24,{6903BBFADB77BE81}Prefabs/Weapons/Attachments/Optics/po4x24/Optic_po4x24.et,cash,300,150,0,0,0,0,0,1,
optic_pso1,{C850A33226B8F9C1}Prefabs/Weapons/Attachments/Optics/Optic_PSO1/Optic_PSO1.et,cash,250,125,0,0,0,0,0,1,
optic_pso1m2,{A1D5833FF10C6503}Prefabs/Weapons/Attachments/Optics/Optic_PSO1/Optic_PSO1M2.et,cash,250,125,0,0,0,0,0,1,
optic_rmr_base,{CB0CC22A7EA87616}Prefabs/Weapons/Attachments/Optics/rmr/Optic_RMR_base.et,cash,600,300,0,0,0,0,0,1,
optic_spp,{B623482E2704B69A}Prefabs/Weapons/Attachments/Optics/Optic_SPP/Optic_SPP.et,cash,2000,1000,0,0,0,0,0,1,
optic_su230,{DA2AED4A5F958164}Prefabs/Weapons/Attachments/Optics/su230/Optic_SU230.et,cash,2000,1000,0,0,0,0,0,1,
optic_su230_mrds,{7DB681643152613C}Prefabs/Weapons/Attachments/Optics/su230/Optic_SU230_MRDS.et,cash,2000,1000,0,0,0,0,0,1,
optic_su230_mrds_tan,{01BE30D243F57EE2}Prefabs/Weapons/Attachments/Optics/su230/Optic_SU230_MRDS_tan.et,cash,2000,1000,0,0,0,0,0,1,
optic_su230_tan,{7A5A21F5F2F508CA}Prefabs/Weapons/Attachments/Optics/su230/Optic_SU230_tan.et,cash,2000,1000,0,0,0,0,0,1,
optic_su231a_black,{D0453107F44917CF}Prefabs/Weapons/Attachments/Optics/exps/Optic_su231A_black.et,cash,900,450,0,0,0,0,0,1,
optic_su231a_camo,{67F7BD007D153A98}Prefabs/Weapons/Attachments/Optics/exps/Optic_su231A_camo.et,cash,900,450,0,0,0,0,0,1,
optic_su231a_tan,{4AF36B835267F3ED}Prefabs/Weapons/Attachments/Optics/exps/Optic_su231A_tan.et,cash,900,450,0,0,0,0,0,1,
optic_su278pvs_high,{979AF6CFF2AAAE26}Prefabs/Weapons/Attachments/Optics/aimpoint_t1/Optic_su278pvs_high.et,cash,900,450,0,0,0,0,0,1,
optic_su278pvs_low,{B0D87E5898D91004}Prefabs/Weapons/Attachments/Optics/aimpoint_t1/Optic_su278pvs_low.et,cash,900,450,0,0,0,0,0,1,
optic_t1_high,{4268B2077766E8C7}Prefabs/Weapons/Attachments/Optics/aimpoint_t1/Optic_t1_high.et,cash,900,450,0,0,0,0,0,1,
optic_t1_low,{1DAEA9434BBB003E}Prefabs/Weapons/Attachments/Optics/aimpoint_t1/Optic_t1_low.et,cash,900,450,0,0,0,0,0,1,
optic_ta31rco,{2518CA6044D6BBDD}Prefabs/Weapons/Attachments/Optics/ta31rco/Optic_TA31RCO.et,cash,1500,750,0,0,0,0,0,1,
optic_ta31rco_ard,{90A20A1ED92AD477}Prefabs/Weapons/Attachments/Optics/ta31rco/Optic_TA31RCO_ARD.et,cash,1500,750,0,0,0,0,0,1,
optic_ta31rco_ard_army,{30B41A4172CBD098}Prefabs/Weapons/Attachments/Optics/ta31rco/Optic_TA31RCO_ARD_army.et,cash,1500,750,0,0,0,0,0,1,
optic_ta31rco_army,{50475BC9E6A7ABD0}Prefabs/Weapons/Attachments/Optics/ta31rco/Optic_TA31RCO_army.et,cash,1500,750,0,0,0,0,0,1,
optic_ta648mdo_base,{A28C985454C90D44}Prefabs/Weapons/Attachments/Optics/ta648mdo/Optic_TA648MDO_base.et,cash,2200,1100,0,0,0,0,0,1,
optic_ta648mdo_rmr,{36EF773EB236A891}Prefabs/Weapons/Attachments/Optics/ta648mdo/Optic_TA648MDO_rmr.et,cash,2200,1100,0,0,0,0,0,1,
optic_thermal_pas13g_m4m16,{09F49104A6C4558B}Prefabs/Weapons/Attachments/Optics/pas13g/Optic_Thermal_pas13g_m4m16.et,cash,12000,6000,0,0,0,0,0,1,
optic_thermal_pas13g_mdo,{8650539567168155}Prefabs/Weapons/Attachments/Optics/pas13g/Optic_Thermal_pas13g_mdo.et,cash,12000,6000,0,0,0,0,0,1,
optic_thermal_pas13g_ts30a2,{A70369D9AB61DBD1}Prefabs/Weapons/Attachments/Optics/pas13g/Optic_Thermal_pas13g_ts30a2.et,cash,12000,6000,0,0,0,0,0,1,
optic_ts30a2,{5D6774CB06C4B12B}Prefabs/Weapons/Attachments/Optics/ts30a2/optic_ts30a2.et,cash,1700,850,0,0,0,0,0,1,
optic_ts30a2_camo,{31D605AB4386774F}Prefabs/Weapons/Attachments/Optics/ts30a2/optic_ts30a2_camo.et,cash,1700,850,0,0,0,0,0,1,
optic_ts30a2_no_covers,{7FC82F39B98AF906}Prefabs/Weapons/Attachments/Optics/ts30a2/optic_ts30a2_no_covers.et,cash,1700,850,0,0,0,0,0,1,
optic_ts30a2_no_covers_camo,{B1C7EEC9ECD85AEC}Prefabs/Weapons/Attachments/Optics/ts30a2/optic_ts30a2_no_covers_camo.et,cash,1700,850,0,0,0,0,0,1,
optic_uk59_4x8,{886A96EF3F14BCD2}Prefabs/Weapons/Attachments/Optics/UK59_4x8/Optic_UK59_4x8.et,cash,300,150,0,0,0,0,0,1,
optic_vc18dsco,{C87346DA8FE13B17}Prefabs/Weapons/Attachments/Optics/vc18dsco/optic_vc18dsco.et,cash,2700,1350,0,0,0,0,0,1,
optic_vc18dsco_nocaps,{F5534C2D14B1A5D0}Prefabs/Weapons/Attachments/Optics/vc18dsco/optic_vc18dsco_nocaps.et,cash,2700,1350,0,0,0,0,0,1,
optic_vc18dsco_rmr,{E78D21AD695D0342}Prefabs/Weapons/Attachments/Optics/vc18dsco/optic_vc18dsco_rmr.et,cash,2700,1350,0,0,0,0,0,1,
optic_zenit_vzor3_base,{7927408DCDAC8749}Prefabs/Weapons/Attachments/Optics/zenit_vzor3/Optic_Zenit_Vzor3_base.et,cash,400,200,0,0,0,0,0,1,
reap_ir,{1A8E5E21EC65EE58}Prefabs/Weapons/Attachments/Optics/reap_ir/reap_ir.et,cash,9000,4500,0,0,0,0,0,1,
rhs_matech,{6DEFD1FC33F797A1}Prefabs/Weapons/Attachments/Optics/matech/RHS_Matech.et,cash,100,50,0,0,0,0,0,1,
snipe_ir,{F30B5EEADDEFCD43}Prefabs/Weapons/Attachments/Optics/reap_ir/snipe_ir.et,cash,9000,4500,0,0,0,0,0,1,
snipe_ir_acog,{085AB57005296E19}Prefabs/Weapons/Attachments/Optics/reap_ir/snipe_ir_acog.et,cash,9000,4500,0,0,0,0,0,1,
snipe_ir_m40,{22E51EE7DB41E2F0}Prefabs/Weapons/Attachments/Optics/reap_ir/snipe_ir_m40.et,cash,9000,4500,0,0,0,0,0,1,
flashhider_ak74,{4A815EB8B824974A}Prefabs/Weapons/Attachments/Muzzle/FlashHider_AK74/FlashHider_AK74.et,cash,100,50,0,0,0,0,0,1,
flashhider_aks74u,{06D4C36A6D585275}Prefabs/Weapons/Attachments/Muzzle/FlashHider_AKS74u/FlashHider_AKS74u.et,cash,100,50,0,0,0,0,0,1,
flashhider_m16,{6288A1F1A5E3AC37}Prefabs/Weapons/Attachments/Muzzle/FlashHider_M16A2/FlashHider_M16.et,cash,100,50,0,0,0,0,0,1,
kac_nt4_qdss,{B9C41AAC90570E50}Prefabs/Weapons/Attachments/Muzzle/KAC_NT4_QDSS/KAC_NT4_QDSS.et,cash,1600,800,0,0,0,0,0,1,
kac_nt4_qdss_covered,{EF8F44E10F9B7A9D}Prefabs/Weapons/Attachments/Muzzle/KAC_NT4_QDSS/KAC_NT4_QDSS_Covered.et,cash,1600,800,0,0,0,0,0,1,
kac_nt4_qdss_covered_multicam,{B591C94754DB4893}Prefabs/Weapons/Attachments/Muzzle/KAC_NT4_QDSS/KAC_NT4_QDSS_Covered_Multicam.et,cash,1600,800,0,0,0,0,0,1,
rhs_ak103_muzzle,{07AF951403CBAB0A}Prefabs/Weapons/Attachments/Muzzle/AK103_muzzle/RHS_AK103_muzzle.et,cash,100,50,0,0,0,0,0,1,
rhs_ak105_muzzle,{07BCACE1DE243320}Prefabs/Weapons/Attachments/Muzzle/AK105_muzzle/RHS_AK105_muzzle.et,cash,100,50,0,0,0,0,0,1,
rhs_ak200_muzzle,{0147EC1780C80AEF}Prefabs/Weapons/Attachments/Muzzle/AK200_muzzle/RHS_AK200_muzzle.et,cash,100,50,0,0,0,0,0,1,
rhs_ak74m_zenit_dtk1_muzzle_base,{91D5624C80CD29AB}Prefabs/Weapons/Attachments/Muzzle/Zenit_DTK2_Muzzle/RHS_AK74M_Zenit_DTK1_Muzzle_Base.et,cash,100,50,0,0,0,0,0,1,
rhs_ak74m_zenit_dtk2_muzzle_base,{A35F86E4B492AE13}Prefabs/Weapons/Attachments/Muzzle/Zenit_DTK2_Muzzle/RHS_AK74M_Zenit_DTK2_Muzzle_Base.et,cash,100,50,0,0,0,0,0,1,
rhs_pbs4,{3D2940A7E1E36F87}Prefabs/Weapons/Attachments/Muzzle/PBS4/RHS_PBS4.et,cash,1200,600,0,0,0,0,0,1,
rhs_pgs64,{BAC59BF0DF432D43}Prefabs/Weapons/Attachments/Muzzle/RHS_PGS64.et,cash,100,50,0,0,0,0,0,1,
sf_fa762ss,{48414BA60F3B0DFA}Prefabs/Weapons/Attachments/Muzzle/SUREFIRE/SF_FA762SS.et,cash,1200,600,0,0,0,0,0,1,
sf_fa762ss_tan,{727AB5567E71B5C9}Prefabs/Weapons/Attachments/Muzzle/SUREFIRE/SF_FA762SS_TAN.et,cash,1200,600,0,0,0,0,0,1,
sf_prong3,{DD6D71FB59CFBC1D}Prefabs/Weapons/Attachments/Muzzle/SUREFIRE/SF_PRONG3.et,cash,100,50,0,0,0,0,0,1,
sf_prong4,{B74D593B0A51064C}Prefabs/Weapons/Attachments/Muzzle/SUREFIRE/SF_PRONG4.et,cash,100,50,0,0,0,0,0,1,
sf_rc2,{6188691D38DA6E2D}Prefabs/Weapons/Attachments/Muzzle/SUREFIRE/SF_RC2.et,cash,1200,600,0,0,0,0,0,1,
sf_rc2_tan,{022D4D7C8DED3412}Prefabs/Weapons/Attachments/Muzzle/SUREFIRE/SF_RC2_TAN.et,cash,1200,600,0,0,0,0,0,1,
sf_rc3,{CB2ED665F4671DDA}Prefabs/Weapons/Attachments/Muzzle/SUREFIRE/SF_RC3.et,cash,1200,600,0,0,0,0,0,1,
sf_rc3_tan,{6C607325B88CDA9A}Prefabs/Weapons/Attachments/Muzzle/SUREFIRE/SF_RC3_TAN.et,cash,1200,600,0,0,0,0,0,1,
sf_warden,{7C4C82A5CC86129B}Prefabs/Weapons/Attachments/Muzzle/SUREFIRE/SF_WARDEN.et,cash,100,50,0,0,0,0,0,1,
sf_warden_tan,{EBD2768377E131BE}Prefabs/Weapons/Attachments/Muzzle/SUREFIRE/SF_WARDEN_TAN.et,cash,100,50,0,0,0,0,0,1,
suppressor_m16,{E52C9791E1554A5F}Prefabs/Weapons/Attachments/Muzzle/Suppressor_M16/Suppressor_M16.et,cash,1200,600,0,0,0,0,0,1,
suppressor_m16_olivegreen_sand_stripes,{ADDF08D09F1877A4}Prefabs/Weapons/Attachments/Muzzle/Suppressor_M16/Suppressor_M16_OliveGreen_Sand_Stripes.et,cash,1200,600,0,0,0,0,0,1,
suppressor_m16_olivegreen_solid,{C374AF8B50B0C6EF}Prefabs/Weapons/Attachments/Muzzle/Suppressor_M16/Suppressor_M16_OliveGreen_Solid.et,cash,1200,600,0,0,0,0,0,1,
suppressor_pbs4,{3B96FAC169E27037}Prefabs/Weapons/Attachments/Muzzle/Suppressor_PBS4/Suppressor_PBS4.et,cash,1200,600,0,0,0,0,0,1,
supressor_sr3m,{94909AABD52A245E}Prefabs/Weapons/Attachments/Muzzle/SR3M_Supressor/Supressor_SR3M.et,cash,1200,600,0,0,0,0,0,1,
supressor_tgpa,{F3DD3F69F633AD36}Prefabs/Weapons/Attachments/Muzzle/Supressor_TGPA/Supressor_TGPA.et,cash,1200,600,0,0,0,0,0,1,
supressor_tgpv2,{18B5482585A88240}Prefabs/Weapons/Attachments/Muzzle/Supressor_TGPV/Supressor_TGPV2.et,cash,1200,600,0,0,0,0,0,1,
supressor_zenitco_ten1,{CF17A3DCF383191D}Prefabs/Weapons/Attachments/Muzzle/Supressor_Zenitco_Ten1/Supressor_Zenitco_Ten1.et,cash,1200,600,0,0,0,0,0,1,
akgpbutt,{D901305DD97960AD}Prefabs/Weapons/Attachments/Misc/AkGpButtPad/akGPbutt.et,cash,30,15,0,0,0,0,0,1,
bayonet_6kh4,{98C79F5FAE12F9B6}Prefabs/Weapons/Attachments/Bayonets/Bayonet_6Kh4.et,cash,80,40,0,0,0,0,0,1,
bayonet_6x9-1,{65506D3712FA2D29}Prefabs/Weapons/Attachments/Bayonets/Bayonet_6X9-1.et,cash,80,40,0,0,0,0,0,1,
bayonet_m9,{558117556F3880A8}Prefabs/Weapons/Attachments/Bayonets/Bayonet_M9.et,cash,80,40,0,0,0,0,0,1,
bayonet_okc3s,{F088066F5F807748}Prefabs/Weapons/Attachments/Bayonets/Bayonet_OKC3S.et,cash,80,40,0,0,0,0,0,1,
bayonet_vz58_v1,{3F1B1BAD1F6DDC28}Prefabs/Weapons/Attachments/Bayonets/Bayonet_VZ58/Bayonet_VZ58_v1.et,cash,80,40,0,0,0,0,0,1,
ergo_lp_dd9_5_blk.xob,{B4046C1B65AC571F}Prefabs/Weapons/Attachments/Misc/ergo_railcover/ERGO_LP_DD9_5_blk.xob.et,cash,30,15,0,0,0,0,0,1,
ergo_lp_dd9_5_fde.xob,{369CE5C757D3167C}Prefabs/Weapons/Attachments/Misc/ergo_railcover/ERGO_LP_DD9_5_fde.xob.et,cash,30,15,0,0,0,0,0,1,
ergo_lp_m16a4_blk,{0E337B76F451A5C4}Prefabs/Weapons/Attachments/Misc/ergo_railcover/ERGO_LP_M16A4_blk.et,cash,30,15,0,0,0,0,0,1,
ergo_lp_m16a4_fde,{1C296B218CEA6DFA}Prefabs/Weapons/Attachments/Misc/ergo_railcover/ERGO_LP_M16A4_fde.et,cash,30,15,0,0,0,0,0,1,
ergo_lp_m27_blk,{47974B3599241EC6}Prefabs/Weapons/Attachments/Misc/ergo_railcover/ERGO_LP_M27_blk.et,cash,30,15,0,0,0,0,0,1,
ergo_lp_m27_fde,{7B20AAB7261E36D8}Prefabs/Weapons/Attachments/Misc/ergo_railcover/ERGO_LP_M27_fde.et,cash,30,15,0,0,0,0,0,1,
ergo_lp_m4ergo_blk.xob,{97A04D89C55E31C1}Prefabs/Weapons/Attachments/Misc/ergo_railcover/ERGO_LP_M4ERGO_blk.xob.et,cash,30,15,0,0,0,0,0,1,
ergo_lp_m4ergo_fde.xob,{1538C455F72170A2}Prefabs/Weapons/Attachments/Misc/ergo_railcover/ERGO_LP_M4ERGO_fde.xob.et,cash,30,15,0,0,0,0,0,1,
ergo_lp_m4ras_blk.xob,{1EFFB8F3FE821E0A}Prefabs/Weapons/Attachments/Misc/ergo_railcover/ERGO_LP_M4RAS_blk.xob.et,cash,30,15,0,0,0,0,0,1,
ergo_lp_m4ras_fde.xob,{6EE8867107D542B2}Prefabs/Weapons/Attachments/Misc/ergo_railcover/ERGO_LP_M4RAS_fde.xob.et,cash,30,15,0,0,0,0,0,1,
kacrailcover_grip,{A62F1332EFC35258}Prefabs/Weapons/Attachments/Misc/KacRailCover/KacRailCover_grip.et,cash,60,30,0,0,0,0,0,1,
kacrailcover_grip_tan,{1D1792BE5A3BB831}Prefabs/Weapons/Attachments/Misc/KacRailCover/KacRailCover_grip_tan.et,cash,60,30,0,0,0,0,0,1,
kacrailcover_kit1,{3E58E88A66547A30}Prefabs/Weapons/Attachments/Misc/KacRailCover/KacRailCover_kit1.et,cash,30,15,0,0,0,0,0,1,
kacrailcover_kit1_tan,{8B8DB728715F2AF4}Prefabs/Weapons/Attachments/Misc/KacRailCover/KacRailCover_kit1_tan.et,cash,30,15,0,0,0,0,0,1,
kacrailcover_kit_m16a4_ras,{BF667B2E6FAE8C84}Prefabs/Weapons/Attachments/Misc/KacRailCover/KacRailCover_kit_m16a4_ras.et,cash,30,15,0,0,0,0,0,1,
kacrailcover_kit_m16a4_ras_tan,{D17A35097DA76A11}Prefabs/Weapons/Attachments/Misc/KacRailCover/KacRailCover_kit_m16a4_ras_tan.et,cash,30,15,0,0,0,0,0,1,
kacrailcover_kit_m4a1_ras,{77A74F65BAEC73E2}Prefabs/Weapons/Attachments/Misc/KacRailCover/KacRailCover_kit_m4a1_ras.et,cash,30,15,0,0,0,0,0,1,
kacrailcover_kit_m4a1_ras_tan,{C53550E0488BC2AF}Prefabs/Weapons/Attachments/Misc/KacRailCover/KacRailCover_kit_m4a1_ras_tan.et,cash,30,15,0,0,0,0,0,1,
laser_anpeq15_black,{5AE8F3A22BDB534F}Prefabs/Weapons/Attachments/Lasers/anpeq15/Laser_ANPEQ15_black.et,cash,2000,1000,0,0,0,0,0,1,
laser_anpeq15_tan,{9A185BC14F1166B4}Prefabs/Weapons/Attachments/Lasers/anpeq15/Laser_ANPEQ15_tan.et,cash,2000,1000,0,0,0,0,0,1,
laser_anpeq16,{0FFFB0BCE1A21A2E}Prefabs/Weapons/Attachments/Lasers/anpeq16/Laser_ANPEQ16.et,cash,2800,1400,0,0,0,0,0,1,
laser_perst_classic_base,{CB8AB382E3F45336}Prefabs/Weapons/Attachments/Lasers/perst_classic/Laser_perst_classic_base.et,cash,900,450,0,0,0,0,0,1,
laserrangefinder_psq23_base,{A7C848BABE4F4577}Prefabs/Weapons/Attachments/Lasers/psq23/LaserRangefinder_PSQ23_base.et,cash,5000,2500,0,0,0,0,0,1,
light_klesh2_base,{5C00FABD6129BE79}Prefabs/Weapons/Attachments/Lights/Light_klesh2_base.et,cash,300,150,0,0,0,0,0,1,
light_m300c_blk,{C32EC74B4B0C8CA1}Prefabs/Weapons/Attachments/Lights/Light_m300c_blk.et,cash,300,150,0,0,0,0,0,1,
light_m300c_tan,{005374A5149FAC4F}Prefabs/Weapons/Attachments/Lights/Light_m300c_tan.et,cash,300,150,0,0,0,0,0,1,
light_su233_base,{D9887A041DA4D6C9}Prefabs/Weapons/Attachments/Lights/Light_su233_base.et,cash,300,150,0,0,0,0,0,1,
light_wml_blk,{04332BCD7FF84920}Prefabs/Weapons/Attachments/Lights/Light_wml_blk.et,cash,300,150,0,0,0,0,0,1,
light_wml_tan,{C74E9823206B69CE}Prefabs/Weapons/Attachments/Lights/Light_wml_tan.et,cash,300,150,0,0,0,0,0,1,
manta_6ingrip,{7CF8FFEA659461C1}Prefabs/Weapons/Attachments/Misc/manta_railcover/manta_6ingrip.et,cash,60,30,0,0,0,0,0,1,
manta_6ingrip_blk,{2E6DA66166088B60}Prefabs/Weapons/Attachments/Misc/manta_railcover/manta_6ingrip_blk.et,cash,60,30,0,0,0,0,0,1,
manta_m27_kit1,{AC7B3B7978E96EDA}Prefabs/Weapons/Attachments/Misc/manta_railcover/manta_M27_kit1.et,cash,30,15,0,0,0,0,0,1,
manta_m27_kit1_blk,{FE29640EBEEBC731}Prefabs/Weapons/Attachments/Misc/manta_railcover/manta_M27_kit1_blk.et,cash,30,15,0,0,0,0,0,1,
manta_m4_ras_kit1,{8BCA2CC94C2EBD8A}Prefabs/Weapons/Attachments/Misc/manta_railcover/manta_m4_ras_kit1.et,cash,30,15,0,0,0,0,0,1,
manta_m4_ras_kit1_blk,{479225923523C4AE}Prefabs/Weapons/Attachments/Misc/manta_railcover/manta_m4_ras_kit1_blk.et,cash,30,15,0,0,0,0,0,1,
rhs_lt706_harris,{23D34FB66BBC8BEE}Prefabs/Weapons/Attachments/Bipods/harris_bipod/rhs_lt706_harris.et,cash,130,65,0,0,0,0,0,1,
rhs_m4_flashhider,{5F800ED7D8D5B89E}Prefabs/Weapons/Rifles/M4A1/base_parts/RHS_M4_FLASHHIDER.et,cash,30,15,0,0,0,0,0,1,
rhs_manta_kit_kacgrip_m27_1,{9481F9BC663916A0}Prefabs/Weapons/Attachments/Misc/manta_railcover/kits/RHS_manta_kit_kacGrip_M27_1.et,cash,60,30,0,0,0,0,0,1,
rhs_manta_kit_kacgrip_m27_2,{5C79645A168A9D69}Prefabs/Weapons/Attachments/Misc/manta_railcover/kits/RHS_manta_kit_kacGrip_M27_2.et,cash,60,30,0,0,0,0,0,1,
rhs_manta_kit_kacgrip_m27_4,{84D10D9B6F038335}Prefabs/Weapons/Attachments/Misc/manta_railcover/kits/RHS_manta_kit_kacGrip_M27_4.et,cash,60,30,0,0,0,0,0,1,
rhs_rk0_base,{8B408A3D9367CB43}Prefabs/Weapons/Attachments/Grips/Grip_Zenit_RK_Vertical/RHS_RK0_base.et,cash,60,30,0,0,0,0,0,1,
rhs_rk1,{74C04C2D52EE4276}Prefabs/Weapons/Attachments/Grips/Grip_Zenit_RK_Vertical/RHS_RK1.et,cash,60,30,0,0,0,0,0,1,
rhs_rk2,{189478CDEE2ACD58}Prefabs/Weapons/Attachments/Grips/Grip_Zenit_RK_Vertical/RHS_RK2.et,cash,60,30,0,0,0,0,0,1,
rhs_rk6,{49F469152782CB41}Prefabs/Weapons/Attachments/Grips/Grip_Zenit_RK_Vertical/RHS_RK6.et,cash,60,30,0,0,0,0,0,1,
ugl_gp25,{1ABABE3551512B0A}Prefabs/Weapons/Attachments/Underbarrel/UGL_GP25.et,cash,500,250,1,0,33,16,0,1,{262F0D09C4130826}Prefabs/Weapons/Ammo/Ammo_Grenade_HE_VOG25.et
ace_banana,{181B4ADA65725D59}Prefabs/Items/Core/ACE_Banana.et,cash,20,10,0,0,0,0,0,1,
ace_fragbanana,{9310D03C4A62286F}Prefabs/Weapons/Grenades/ACE_FragBanana.et,cash,50,25,0,0,0,0,0,1,
blastingmachine_kpm_3u1,{90976DC90A223095}Prefabs/Items/Equipment/Detonators/BlastingMachine_KPM_3U1/BlastingMachine_KPM_3U1.et,cash,150,75,0,0,0,0,0,1,
blastingmachine_m34,{CE0AF733722B3978}Prefabs/Items/Equipment/Detonators/BlastingMachine_M34/BlastingMachine_M34.et,cash,150,75,0,0,0,0,0,1,
demoblock_m112,{33CBDE73AB48172A}Prefabs/Weapons/Explosives/DemoBlock_M112/DemoBlock_M112.et,cash,40,20,0,0,0,0,0,1,
demoblock_tsh400g,{97064F8597F2D7BF}Prefabs/Weapons/Explosives/DemoBlock_TSh400g/DemoBlock_TSh400g.et,cash,20,10,0,0,0,0,0,1,
flare_rsp30_green,{FC79F6BDEB7F1BC2}Prefabs/Weapons/Flares/Flare_RSP30_green.et,cash,40,20,1,1,0,0,0,1,{F69A3E81F633C73C}Prefabs/Weapons/Ammo/Ammo_Flare_30mm_RSP30_Green.et
flare_rsp30_red,{36218D5F0C7095E6}Prefabs/Weapons/Flares/Flare_RSP30_red.et,cash,40,20,1,1,0,0,0,1,{D924100C5EA67F89}Prefabs/Weapons/Ammo/Ammo_Flare_30mm_RSP30_Red.et
flare_rsp30_white,{327103CB218E7CA1}Prefabs/Weapons/Flares/Flare_RSP30_white.et,cash,40,20,1,1,0,0,0,1,{3892CBF73CC2A05F}Prefabs/Weapons/Ammo/Ammo_Flare_30mm_RSP30_White.et
flarestarparachute_m126a1_red,{756231FF84F158A4}Prefabs/Weapons/Flares/FlareStarParachute_M126A1_red.et,cash,60,30,1,1,0,0,0,1,{924FB4A21503BBA2}Prefabs/Weapons/Ammo/Ammo_Flare_40mm_StarParachute_Red.et
flarestarparachute_m127a1_white,{EC9BDA3D9DDD8795}Prefabs/Weapons/Flares/FlareStarParachute_M127A1_white.et,cash,60,30,1,1,0,0,0,1,{47665331979536BC}Prefabs/Weapons/Ammo/Ammo_Flare_40mm_StarParachute_White.et
flarestarparachute_m195_green,{51D9E3AEC8476BA4}Prefabs/Weapons/Flares/FlareStarParachute_M195_green.et,cash,60,30,1,1,0,0,0,1,{896EA6475D6451DF}Prefabs/Weapons/Ammo/Ammo_Flare_40mm_StarParachute_Green.et
grenade_m67,{E8F00BF730225B00}Prefabs/Weapons/Grenades/Grenade_M67.et,cash,60,30,0,0,0,0,0,1,
grenade_rgd5,{645C73791ECA1698}Prefabs/Weapons/Grenades/Grenade_RGD5.et,cash,25,12,0,0,0,0,0,1,
mine_m14,{E4C9F0A4090CFE4D}Prefabs/Weapons/Explosives/Mine_M14/Mine_M14.et,cash,30,15,0,0,0,0,0,1,
mine_m15at,{49FFE8F373F55960}Prefabs/Weapons/Explosives/Mine_M15AT/Mine_M15AT.et,cash,150,75,0,0,0,0,0,1,
mine_pmn4,{B05A816C0BF50802}Prefabs/Weapons/Explosives/Mine_PMN4/Mine_PMN4.et,cash,20,10,0,0,0,0,0,1,
mine_tm62m,{D6EF54367CECE1D9}Prefabs/Weapons/Explosives/Mine_TM62M/Mine_TM62M.et,cash,100,50,0,0,0,0,0,1,
smoke_anm8hc,{9DB69176CEF0EE97}Prefabs/Weapons/Grenades/Smoke_ANM8HC.et,cash,40,20,0,0,0,0,0,1,
smoke_m18_green,{D41D22DD1B8E921E}Prefabs/Weapons/Grenades/M18/Smoke_M18_Green.et,cash,40,20,0,0,0,0,0,1,
smoke_m18_red,{3343A055A83CB30D}Prefabs/Weapons/Grenades/M18/Smoke_M18_Red.et,cash,40,20,0,0,0,0,0,1,
smoke_m18_violet,{14C1A0F061D9DDEE}Prefabs/Weapons/Grenades/M18/Smoke_M18_Violet.et,cash,40,20,0,0,0,0,0,1,
smoke_m18_yellow,{9BBDEE253A16CC66}Prefabs/Weapons/Grenades/M18/Smoke_M18_Yellow.et,cash,40,20,0,0,0,0,0,1,
smoke_rdg2,{77EAE5E07DC4678A}Prefabs/Weapons/Grenades/Smoke_RDG2.et,cash,20,10,0,0,0,0,0,1,
ammo_shell_81mm_he_m821,{38BAE094333E31BF}Prefabs/Weapons/Ammo/Ammo_Shell_81mm_HE_M821.et,cash,600,300,0,0,0,0,0,1,
ammo_shell_81mm_illum_m853a1,{DD2065AE34D8DFA9}Prefabs/Weapons/Ammo/Ammo_Shell_81mm_Illum_M853A1.et,cash,500,250,0,0,0,0,0,1,
ammo_shell_81mm_practice_m879,{DD6844AB03FDA84F}Prefabs/Weapons/Ammo/Ammo_Shell_81mm_Practice_M879.et,cash,150,75,0,0,0,0,0,1,
ammo_shell_81mm_smoke_m819,{F7807293E94D3C88}Prefabs/Weapons/Ammo/Ammo_Shell_81mm_Smoke_M819.et,cash,350,175,0,0,0,0,0,1,
ammo_shell_82mm_he_o832du,{98EC9C526AFBA282}Prefabs/Weapons/Ammo/Ammo_Shell_82mm_HE_O832DU.et,cash,400,200,0,0,0,0,0,1,
ammo_shell_82mm_illum_s832s,{C8A906FB198D1A33}Prefabs/Weapons/Ammo/Ammo_Shell_82mm_Illum_S832S.et,cash,500,250,0,0,0,0,0,1,
ammo_shell_82mm_smoke_d832du,{A544A2C131DE2C64}Prefabs/Weapons/Ammo/Ammo_Shell_82mm_Smoke_D832DU.et,cash,350,175,0,0,0,0,0,1,
ammobox_81mm_mortar_3rnd,{3D5594CC62AAFB88}Prefabs/Props/Military/AmmoBoxes/AmmoBox_81mm_mortar_3rnd.et,cash,1800,900,0,0,0,0,0,1,
ammobox_82mm_mortar_3rnd,{7DF4266A58BF088F}Prefabs/Props/Military/AmmoBoxes/AmmoBox_82mm_mortar_3rnd.et,cash,1200,600,0,0,0,0,0,1,
balistictable_2s1,{5D9DEE97031C6A54}Prefabs/Items/Equipment/BalisticTable/BalisticTable_2S1.et,cash,20,10,0,0,0,0,0,1,
ballistictable_us,{6113990D163E5249}Prefabs/Items/Equipment/BallisticTable/BallisticTable_US.et,cash,20,10,0,0,0,0,0,1,
ballistictable_ussr,{B41607EAB58A4252}Prefabs/Items/Equipment/BallisticTable/BallisticTable_USSR.et,cash,20,10,0,0,0,0,0,1,
part_2b14_barrel,{F62E5FBCD723FF73}Prefabs/Items/Equipment/Mortars/2B14/Part_2B14_Barrel.et,cash,3500,1750,0,0,0,0,0,1,
part_2b14_baseplate,{4323046B2CC94818}Prefabs/Items/Equipment/Mortars/2B14/Part_2B14_BasePlate.et,cash,3500,1750,0,0,0,0,0,1,
part_2b14_bipod,{00B1E3F86A9EF45D}Prefabs/Items/Equipment/Mortars/2B14/Part_2B14_Bipod.et,cash,3500,1750,0,0,0,0,0,1,
part_m252_barrel,{62B704DD79A3B5BE}Prefabs/Items/Equipment/Mortars/M252/Part_M252_Barrel.et,cash,8000,4000,0,0,0,0,0,1,
part_m252_baseplate,{0D540E16A6E53433}Prefabs/Items/Equipment/Mortars/M252/Part_M252_BasePlate.et,cash,8000,4000,0,0,0,0,0,1,
part_m252_bipod,{80D38046CB4D4663}Prefabs/Items/Equipment/Mortars/M252/Part_M252_Bipod.et,cash,8000,4000,0,0,0,0,0,1,
part_m2_gun,{9B625CAE6DEE1DAB}Prefabs/Items/Equipment/Tripods/M2/Part_M2_Gun.et,cash,13000,6500,0,0,0,0,0,1,
part_m3_tripod,{6A3EF260029FE220}Prefabs/Items/Equipment/Tripods/M2/Part_M3_Tripod.et,cash,1500,750,0,0,0,0,0,1,
part_nsv_gun,{184DFCEFE574E775}Prefabs/Items/Equipment/Tripods/6T7/Part_NSV_Gun.et,cash,10000,5000,0,0,0,0,0,1,
part_nsv_tripod,{184DFCEFE574E776}Prefabs/Items/Equipment/Tripods/6T7/Part_NSV_Tripod.et,cash,1200,600,0,0,0,0,0,1,
part_tripod_6t5,{F6490587042BFEE5}Prefabs/Items/Equipment/Tripods/PKM/Part_Tripod_6T5.et,cash,400,200,0,0,0,0,0,1,
part_tripod_m122,{EF55A296E50DC8B8}Prefabs/Items/Equipment/Tripods/M60/Part_Tripod_M122.et,cash,500,250,0,0,0,0,0,1,
